card_id,name_ko,name_en,pool,rarity,cost,source,clause_index,family,family_ko,polarity,scaling_or_conditional,template_en,clause_en,clause_ko,numeric_values,structured_stats
ABRASIVE,연마,Abrasive,silent,Rare,E3,body,1,buff,강화 효과,positive_or_mixed,False,Gain {n} Dexterity.,Gain 1 Dexterity.,민첩을 1 얻습니다.,1,"{""damage"":null,""block"":null,""hit_count"":null,""cards_draw"":null,""energy_gain"":null,""hp_loss"":null,""vars"":{""ThornsPower"":4,""Thorns"":4,""DexterityPower"":1,""Dexterity"":1},""upgrade"":{""thornspower"":""+2""}}"
ABRASIVE,연마,Abrasive,silent,Rare,E3,body,2,buff,강화 효과,positive_or_mixed,False,Gain {n} Thorns.,Gain 4 Thorns.,가시를 4 얻습니다.,4,"{""damage"":null,""block"":null,""hit_count"":null,""cards_draw"":null,""energy_gain"":null,""hp_loss"":null,""vars"":{""ThornsPower"":4,""Thorns"":4,""DexterityPower"":1,""Dexterity"":1},""upgrade"":{""thornspower"":""+2""}}"
ABRASIVE,연마,Abrasive,silent,Rare,E3,keyword,,keyword,카드 키워드,contextual,False,Keyword: Sly,Keyword: Sly,키워드: 교활,,"{""damage"":null,""block"":null,""hit_count"":null,""cards_draw"":null,""energy_gain"":null,""hp_loss"":null,""vars"":{""ThornsPower"":4,""Thorns"":4,""DexterityPower"":1,""Dexterity"":1},""upgrade"":{""thornspower"":""+2""}}"
ACCELERANT,촉진제,Accelerant,silent,Rare,E1,body,1,card_play,추가 사용/재사용,positive_or_mixed,False,Poison is triggered {n} additional time.,Poison is triggered 1 additional time.,중독이 1번 추가로 발동합니다.,1,"{""damage"":null,""block"":null,""hit_count"":null,""cards_draw"":null,""energy_gain"":null,""hp_loss"":null,""vars"":{""Accelerant"":1},""upgrade"":{""accelerant"":""+1""}}"
ACCELERANT,촉진제,Accelerant,silent,Rare,E1,body,1,debuff,약화 효과,positive_or_mixed,False,Poison is triggered {n} additional time.,Poison is triggered 1 additional time.,중독이 1번 추가로 발동합니다.,1,"{""damage"":null,""block"":null,""hit_count"":null,""cards_draw"":null,""energy_gain"":null,""hp_loss"":null,""vars"":{""Accelerant"":1},""upgrade"":{""accelerant"":""+1""}}"
ACCURACY,정밀,Accuracy,silent,Uncommon,E1,body,1,damage,피해,positive_or_mixed,True,Shivs deal {n} additional damage.,Shivs deal 4 additional damage.,단도의 피해량이 4 증가합니다.,4,"{""damage"":null,""block"":null,""hit_count"":null,""cards_draw"":null,""energy_gain"":null,""hp_loss"":null,""vars"":{""AccuracyPower"":4,""Accuracy"":4},""upgrade"":{""accuracypower"":""+2""}}"
ACCURACY,정밀,Accuracy,silent,Uncommon,E1,body,1,scaling,가변/스케일링,positive_or_mixed,True,Shivs deal {n} additional damage.,Shivs deal 4 additional damage.,단도의 피해량이 4 증가합니다.,4,"{""damage"":null,""block"":null,""hit_count"":null,""cards_draw"":null,""energy_gain"":null,""hp_loss"":null,""vars"":{""AccuracyPower"":4,""Accuracy"":4},""upgrade"":{""accuracypower"":""+2""}}"
ACROBATICS,곡예,Acrobatics,silent,Uncommon,E1,body,1,draw,카드 뽑기,positive_or_mixed,False,Draw {n} cards.,Draw 3 cards.,카드를 3장 뽑습니다.,3,"{""damage"":null,""block"":null,""hit_count"":null,""cards_draw"":3,""energy_gain"":null,""hp_loss"":null,""vars"":{""Cards"":3},""upgrade"":{""cards"":""+1""}}"
ACROBATICS,곡예,Acrobatics,silent,Uncommon,E1,body,2,discard,버리기,positive_or_mixed,False,Discard {n} card.,Discard 1 card.,카드를 1장 버립니다.,1,"{""damage"":null,""block"":null,""hit_count"":null,""cards_draw"":3,""energy_gain"":null,""hp_loss"":null,""vars"":{""Cards"":3},""upgrade"":{""cards"":""+1""}}"
ADAPTIVE_STRIKE,적응형 타격,Adaptive Strike,defect,Rare,E2,body,1,damage,피해,positive_or_mixed,False,Deal {n} damage.,Deal 18 damage.,피해를 18 줍니다.,18,"{""damage"":18,""block"":null,""hit_count"":null,""cards_draw"":null,""energy_gain"":null,""hp_loss"":null,""vars"":{""Damage"":18},""upgrade"":{""damage"":""+5""}}"
ADAPTIVE_STRIKE,적응형 타격,Adaptive Strike,defect,Rare,E2,body,2,discard,버리기,positive_or_mixed,False,Add a {n} Energy copy of this card into your Discard Pile.,Add a 0 Energy copy of this card into your Discard Pile.,버린 카드 더미에 이 카드의 비용이 0 Energy인 복사본을 1장 추가합니다.,0,"{""damage"":18,""block"":null,""hit_count"":null,""cards_draw"":null,""energy_gain"":null,""hp_loss"":null,""vars"":{""Damage"":18},""upgrade"":{""damage"":""+5""}}"
ADAPTIVE_STRIKE,적응형 타격,Adaptive Strike,defect,Rare,E2,body,2,card_create,카드 생성,positive_or_mixed,False,Add a {n} Energy copy of this card into your Discard Pile.,Add a 0 Energy copy of this card into your Discard Pile.,버린 카드 더미에 이 카드의 비용이 0 Energy인 복사본을 1장 추가합니다.,0,"{""damage"":18,""block"":null,""hit_count"":null,""cards_draw"":null,""energy_gain"":null,""hp_loss"":null,""vars"":{""Damage"":18},""upgrade"":{""damage"":""+5""}}"
ADAPTIVE_STRIKE,적응형 타격,Adaptive Strike,defect,Rare,E2,body,2,energy,에너지,positive_or_mixed,False,Add a {n} Energy copy of this card into your Discard Pile.,Add a 0 Energy copy of this card into your Discard Pile.,버린 카드 더미에 이 카드의 비용이 0 Energy인 복사본을 1장 추가합니다.,0,"{""damage"":18,""block"":null,""hit_count"":null,""cards_draw"":null,""energy_gain"":null,""hp_loss"":null,""vars"":{""Damage"":18},""upgrade"":{""damage"":""+5""}}"
ADRENALINE,아드레날린,Adrenaline,silent,Rare,E0,body,1,energy,에너지,positive_or_mixed,False,Gain {n} Energy.,Gain 1 Energy.,1 Energy를 얻습니다.,1,"{""damage"":null,""block"":null,""hit_count"":null,""cards_draw"":2,""energy_gain"":1,""hp_loss"":null,""vars"":{""Energy"":1,""Cards"":2},""upgrade"":{""energy"":""+1""}}"
ADRENALINE,아드레날린,Adrenaline,silent,Rare,E0,body,2,draw,카드 뽑기,positive_or_mixed,False,Draw {n} cards.,Draw 2 cards.,카드를 2장 뽑습니다.,2,"{""damage"":null,""block"":null,""hit_count"":null,""cards_draw"":2,""energy_gain"":1,""hp_loss"":null,""vars"":{""Energy"":1,""Cards"":2},""upgrade"":{""energy"":""+1""}}"
ADRENALINE,아드레날린,Adrenaline,silent,Rare,E0,keyword,,keyword,카드 키워드,contextual,False,Keyword: Exhaust,Keyword: Exhaust,키워드: 소멸,,"{""damage"":null,""block"":null,""hit_count"":null,""cards_draw"":2,""energy_gain"":1,""hp_loss"":null,""vars"":{""Energy"":1,""Cards"":2},""upgrade"":{""energy"":""+1""}}"
AFTERIMAGE,잔상,Afterimage,silent,Rare,E1,body,1,block,방어도,positive_or_mixed,False,"Whenever you play a card, gain {n} Block.","Whenever you play a card, gain 1 Block.","카드를 사용할 때마다, 방어도를 1 얻습니다.",1,"{""damage"":null,""block"":null,""hit_count"":null,""cards_draw"":null,""energy_gain"":null,""hp_loss"":null,""vars"":{""AfterimagePower"":1,""Afterimage"":1},""upgrade"":{""add_innate"":1}}"
AFTERIMAGE,잔상,Afterimage,silent,Rare,E1,body,1,card_play,추가 사용/재사용,positive_or_mixed,False,"Whenever you play a card, gain {n} Block.","Whenever you play a card, gain 1 Block.","카드를 사용할 때마다, 방어도를 1 얻습니다.",1,"{""damage"":null,""block"":null,""hit_count"":null,""cards_draw"":null,""energy_gain"":null,""hp_loss"":null,""vars"":{""AfterimagePower"":1,""Afterimage"":1},""upgrade"":{""add_innate"":1}}"
AFTERIMAGE,잔상,Afterimage,silent,Rare,E1,body,1,trigger,지속/발동기,positive_or_mixed,False,"Whenever you play a card, gain {n} Block.","Whenever you play a card, gain 1 Block.","카드를 사용할 때마다, 방어도를 1 얻습니다.",1,"{""damage"":null,""block"":null,""hit_count"":null,""cards_draw"":null,""energy_gain"":null,""hp_loss"":null,""vars"":{""AfterimagePower"":1,""Afterimage"":1},""upgrade"":{""add_innate"":1}}"
AFTERLIFE,내세,Afterlife,necrobinder,Common,E1,body,1,osty,오스티/소환,positive_or_mixed,False,Summon {n}.,Summon 6.,소환 6.,6,"{""damage"":null,""block"":null,""hit_count"":null,""cards_draw"":null,""energy_gain"":null,""hp_loss"":null,""vars"":{""Summon"":6},""upgrade"":{""summon"":""+3""}}"
AFTERLIFE,내세,Afterlife,necrobinder,Common,E1,keyword,,keyword,카드 키워드,contextual,False,Keyword: Exhaust,Keyword: Exhaust,키워드: 소멸,,"{""damage"":null,""block"":null,""hit_count"":null,""cards_draw"":null,""energy_gain"":null,""hp_loss"":null,""vars"":{""Summon"":6},""upgrade"":{""summon"":""+3""}}"
AGGRESSION,공격성,Aggression,ironclad,Rare,E1,body,1,discard,버리기,positive_or_mixed,False,"At the start of your turn, put a random Attack from your Discard Pile into your Hand and Upgrade it.","At the start of your turn, put a random Attack from your Discard Pile into your Hand and Upgrade it.","내 턴 시작 시, 버린 카드 더미에서 무작위 공격 카드를 1장 손으로 가져오고 강화합니다.",,"{""damage"":null,""block"":null,""hit_count"":null,""cards_draw"":null,""energy_gain"":null,""hp_loss"":null,""vars"":null,""upgrade"":{""add_innate"":1}}"
AGGRESSION,공격성,Aggression,ironclad,Rare,E1,body,1,card_upgrade,강화,positive_or_mixed,False,"At the start of your turn, put a random Attack from your Discard Pile into your Hand and Upgrade it.","At the start of your turn, put a random Attack from your Discard Pile into your Hand and Upgrade it.","내 턴 시작 시, 버린 카드 더미에서 무작위 공격 카드를 1장 손으로 가져오고 강화합니다.",,"{""damage"":null,""block"":null,""hit_count"":null,""cards_draw"":null,""energy_gain"":null,""hp_loss"":null,""vars"":null,""upgrade"":{""add_innate"":1}}"
AGGRESSION,공격성,Aggression,ironclad,Rare,E1,body,1,card_move,카드 이동/탐색,positive_or_mixed,False,"At the start of your turn, put a random Attack from your Discard Pile into your Hand and Upgrade it.","At the start of your turn, put a random Attack from your Discard Pile into your Hand and Upgrade it.","내 턴 시작 시, 버린 카드 더미에서 무작위 공격 카드를 1장 손으로 가져오고 강화합니다.",,"{""damage"":null,""block"":null,""hit_count"":null,""cards_draw"":null,""energy_gain"":null,""hp_loss"":null,""vars"":null,""upgrade"":{""add_innate"":1}}"
AGGRESSION,공격성,Aggression,ironclad,Rare,E1,body,1,trigger,지속/발동기,positive_or_mixed,False,"At the start of your turn, put a random Attack from your Discard Pile into your Hand and Upgrade it.","At the start of your turn, put a random Attack from your Discard Pile into your Hand and Upgrade it.","내 턴 시작 시, 버린 카드 더미에서 무작위 공격 카드를 1장 손으로 가져오고 강화합니다.",,"{""damage"":null,""block"":null,""hit_count"":null,""cards_draw"":null,""energy_gain"":null,""hp_loss"":null,""vars"":null,""upgrade"":{""add_innate"":1}}"
ALCHEMIZE,연금,Alchemize,colorless,Rare,E1,body,1,bespoke_rule,고유 규칙,contextual,False,Procure a random potion.,Procure a random potion.,무작위 포션을 1개 생성합니다.,,"{""damage"":null,""block"":null,""hit_count"":null,""cards_draw"":null,""energy_gain"":null,""hp_loss"":null,""vars"":null,""upgrade"":{""cost"":0}}"
ALCHEMIZE,연금,Alchemize,colorless,Rare,E1,keyword,,keyword,카드 키워드,contextual,False,Keyword: Exhaust,Keyword: Exhaust,키워드: 소멸,,"{""damage"":null,""block"":null,""hit_count"":null,""cards_draw"":null,""energy_gain"":null,""hp_loss"":null,""vars"":null,""upgrade"":{""cost"":0}}"
ALIGNMENT,정렬,Alignment,regent,Uncommon,E0+S3,body,1,energy,에너지,positive_or_mixed,False,Gain {n} Energy.,Gain 2 Energy.,2 Energy를 얻습니다.,2,"{""damage"":null,""block"":null,""hit_count"":null,""cards_draw"":null,""energy_gain"":2,""hp_loss"":null,""vars"":{""Energy"":2,""StarCost"":3},""upgrade"":{""energy"":""+1""}}"
ALL_FOR_ONE,하나를 위한 모두,All for One,defect,Rare,E2,body,1,damage,피해,positive_or_mixed,False,Deal {n} damage.,Deal 10 damage.,피해를 10 줍니다.,10,"{""damage"":10,""block"":null,""hit_count"":null,""cards_draw"":null,""energy_gain"":null,""hp_loss"":null,""vars"":{""Damage"":10},""upgrade"":{""damage"":""+4""}}"
ALL_FOR_ONE,하나를 위한 모두,All for One,defect,Rare,E2,body,2,discard,버리기,positive_or_mixed,False,Put ALL {n} Energy cards from your Discard Pile into your Hand.,Put ALL 0 Energy cards from your Discard Pile into your Hand.,버린 카드 더미에서 모든 0 Energy 카드를 손으로 가져옵니다.,0,"{""damage"":10,""block"":null,""hit_count"":null,""cards_draw"":null,""energy_gain"":null,""hp_loss"":null,""vars"":{""Damage"":10},""upgrade"":{""damage"":""+4""}}"
ALL_FOR_ONE,하나를 위한 모두,All for One,defect,Rare,E2,body,2,card_move,카드 이동/탐색,positive_or_mixed,False,Put ALL {n} Energy cards from your Discard Pile into your Hand.,Put ALL 0 Energy cards from your Discard Pile into your Hand.,버린 카드 더미에서 모든 0 Energy 카드를 손으로 가져옵니다.,0,"{""damage"":10,""block"":null,""hit_count"":null,""cards_draw"":null,""energy_gain"":null,""hp_loss"":null,""vars"":{""Damage"":10},""upgrade"":{""damage"":""+4""}}"
ALL_FOR_ONE,하나를 위한 모두,All for One,defect,Rare,E2,body,2,energy,에너지,positive_or_mixed,False,Put ALL {n} Energy cards from your Discard Pile into your Hand.,Put ALL 0 Energy cards from your Discard Pile into your Hand.,버린 카드 더미에서 모든 0 Energy 카드를 손으로 가져옵니다.,0,"{""damage"":10,""block"":null,""hit_count"":null,""cards_draw"":null,""energy_gain"":null,""hp_loss"":null,""vars"":{""Damage"":10},""upgrade"":{""damage"":""+4""}}"
ANGER,분노,Anger,ironclad,Common,E0,body,1,damage,피해,positive_or_mixed,False,Deal {n} damage.,Deal 6 damage.,피해를 6 줍니다.,6,"{""damage"":6,""block"":null,""hit_count"":null,""cards_draw"":null,""energy_gain"":null,""hp_loss"":null,""vars"":{""Damage"":6},""upgrade"":{""damage"":""+2""}}"
ANGER,분노,Anger,ironclad,Common,E0,body,2,discard,버리기,positive_or_mixed,False,Add a copy of this card into your Discard Pile.,Add a copy of this card into your Discard Pile.,이 카드의 복사본을 1장 버린 카드 더미에 추가합니다.,,"{""damage"":6,""block"":null,""hit_count"":null,""cards_draw"":null,""energy_gain"":null,""hp_loss"":null,""vars"":{""Damage"":6},""upgrade"":{""damage"":""+2""}}"
ANGER,분노,Anger,ironclad,Common,E0,body,2,card_create,카드 생성,positive_or_mixed,False,Add a copy of this card into your Discard Pile.,Add a copy of this card into your Discard Pile.,이 카드의 복사본을 1장 버린 카드 더미에 추가합니다.,,"{""damage"":6,""block"":null,""hit_count"":null,""cards_draw"":null,""energy_gain"":null,""hp_loss"":null,""vars"":{""Damage"":6},""upgrade"":{""damage"":""+2""}}"
ANOINTED,임명,Anointed,colorless,Rare,E1,body,1,draw,카드 뽑기,positive_or_mixed,False,Put every Rare card from your Draw Pile into your Hand.,Put every Rare card from your Draw Pile into your Hand.,뽑을 카드 더미에 있는 모든 희귀 카드를 손으로 가져옵니다.,,"{""damage"":null,""block"":null,""hit_count"":null,""cards_draw"":null,""energy_gain"":null,""hp_loss"":null,""vars"":null,""upgrade"":{""add_retain"":1}}"
ANOINTED,임명,Anointed,colorless,Rare,E1,body,1,card_move,카드 이동/탐색,positive_or_mixed,False,Put every Rare card from your Draw Pile into your Hand.,Put every Rare card from your Draw Pile into your Hand.,뽑을 카드 더미에 있는 모든 희귀 카드를 손으로 가져옵니다.,,"{""damage"":null,""block"":null,""hit_count"":null,""cards_draw"":null,""energy_gain"":null,""hp_loss"":null,""vars"":null,""upgrade"":{""add_retain"":1}}"
ANOINTED,임명,Anointed,colorless,Rare,E1,keyword,,keyword,카드 키워드,contextual,False,Keyword: Exhaust,Keyword: Exhaust,키워드: 소멸,,"{""damage"":null,""block"":null,""hit_count"":null,""cards_draw"":null,""energy_gain"":null,""hp_loss"":null,""vars"":null,""upgrade"":{""add_retain"":1}}"
ANTICIPATE,예측,Anticipate,silent,Common,E0,body,1,buff,강화 효과,positive_or_mixed,False,Gain {n} Dexterity this turn.,Gain 2 Dexterity this turn.,이번 턴 동안 민첩을 2 얻습니다.,2,"{""damage"":null,""block"":null,""hit_count"":null,""cards_draw"":null,""energy_gain"":null,""hp_loss"":null,""vars"":{""DexterityPower"":2,""Dexterity"":2},""upgrade"":{""dexterity"":""+1""}}"
APOTHEOSIS,신성,Apotheosis,event,Ancient,E2,body,1,card_upgrade,강화,positive_or_mixed,False,Upgrade ALL your cards.,Upgrade ALL your cards.,모든 카드를 강화합니다.,,"{""damage"":null,""block"":null,""hit_count"":null,""cards_draw"":null,""energy_gain"":null,""hp_loss"":null,""vars"":null,""upgrade"":{""cost"":1}}"
APOTHEOSIS,신성,Apotheosis,event,Ancient,E2,keyword,,keyword,카드 키워드,contextual,False,Keyword: Exhaust,Keyword: Exhaust,키워드: 소멸,,"{""damage"":null,""block"":null,""hit_count"":null,""cards_draw"":null,""energy_gain"":null,""hp_loss"":null,""vars"":null,""upgrade"":{""cost"":1}}"
APOTHEOSIS,신성,Apotheosis,event,Ancient,E2,keyword,,keyword,카드 키워드,contextual,False,Keyword: Innate,Keyword: Innate,키워드: 선천성,,"{""damage"":null,""block"":null,""hit_count"":null,""cards_draw"":null,""energy_gain"":null,""hp_loss"":null,""vars"":null,""upgrade"":{""cost"":1}}"
APPARITION,영체화,Apparition,event,Ancient,E1,body,1,buff,강화 효과,positive_or_mixed,False,Gain {n} Intangible.,Gain 1 Intangible.,불가침을 1 얻습니다.,1,"{""damage"":null,""block"":null,""hit_count"":null,""cards_draw"":null,""energy_gain"":null,""hp_loss"":null,""vars"":{""IntangiblePower"":1,""Intangible"":1},""upgrade"":{""remove_ethereal"":1}}"
APPARITION,영체화,Apparition,event,Ancient,E1,keyword,,keyword,카드 키워드,contextual,False,Keyword: Exhaust,Keyword: Exhaust,키워드: 소멸,,"{""damage"":null,""block"":null,""hit_count"":null,""cards_draw"":null,""energy_gain"":null,""hp_loss"":null,""vars"":{""IntangiblePower"":1,""Intangible"":1},""upgrade"":{""remove_ethereal"":1}}"
APPARITION,영체화,Apparition,event,Ancient,E1,keyword,,keyword,카드 키워드,contextual,False,Keyword: Ethereal,Keyword: Ethereal,키워드: 휘발성,,"{""damage"":null,""block"":null,""hit_count"":null,""cards_draw"":null,""energy_gain"":null,""hp_loss"":null,""vars"":{""IntangiblePower"":1,""Intangible"":1},""upgrade"":{""remove_ethereal"":1}}"
ARMAMENTS,전투장비,Armaments,ironclad,Common,E1,body,1,block,방어도,positive_or_mixed,False,Gain {n} Block.,Gain 5 Block.,방어도를 5 얻습니다.,5,"{""damage"":null,""block"":5,""hit_count"":null,""cards_draw"":null,""energy_gain"":null,""hp_loss"":null,""vars"":{""Block"":5},""upgrade"":{""description_changed"":1}}"
ARMAMENTS,전투장비,Armaments,ironclad,Common,E1,body,2,card_upgrade,강화,positive_or_mixed,False,Upgrade a card in your Hand.,Upgrade a card in your Hand.,손에 있는 카드를 1장 강화합니다.,,"{""damage"":null,""block"":5,""hit_count"":null,""cards_draw"":null,""energy_gain"":null,""hp_loss"":null,""vars"":{""Block"":5},""upgrade"":{""description_changed"":1}}"
ARSENAL,무기고,Arsenal,regent,Rare,E1,body,1,card_create,카드 생성,positive_or_mixed,False,"Whenever you create a card, gain {n} Strength.","Whenever you create a card, gain 1 Strength.","카드를 생성할 때마다, 힘을 1 얻습니다.",1,"{""damage"":null,""block"":null,""hit_count"":null,""cards_draw"":null,""energy_gain"":null,""hp_loss"":null,""vars"":{""ArsenalPower"":1,""Arsenal"":1},""upgrade"":{""add_innate"":1}}"
ARSENAL,무기고,Arsenal,regent,Rare,E1,body,1,buff,강화 효과,positive_or_mixed,False,"Whenever you create a card, gain {n} Strength.","Whenever you create a card, gain 1 Strength.","카드를 생성할 때마다, 힘을 1 얻습니다.",1,"{""damage"":null,""block"":null,""hit_count"":null,""cards_draw"":null,""energy_gain"":null,""hp_loss"":null,""vars"":{""ArsenalPower"":1,""Arsenal"":1},""upgrade"":{""add_innate"":1}}"
ARSENAL,무기고,Arsenal,regent,Rare,E1,body,1,trigger,지속/발동기,positive_or_mixed,False,"Whenever you create a card, gain {n} Strength.","Whenever you create a card, gain 1 Strength.","카드를 생성할 때마다, 힘을 1 얻습니다.",1,"{""damage"":null,""block"":null,""hit_count"":null,""cards_draw"":null,""energy_gain"":null,""hp_loss"":null,""vars"":{""ArsenalPower"":1,""Arsenal"":1},""upgrade"":{""add_innate"":1}}"
ASCENDERS_BANE,등반자의 골칫거리,Ascender's Bane,curse,Curse,E-1,body,1,empty,효과 없음,positive_or_mixed,False,(empty),,,,"{""damage"":null,""block"":null,""hit_count"":null,""cards_draw"":null,""energy_gain"":null,""hp_loss"":null,""vars"":null,""upgrade"":null}"
ASCENDERS_BANE,등반자의 골칫거리,Ascender's Bane,curse,Curse,E-1,keyword,,keyword,카드 키워드,contextual,False,Keyword: Ethereal,Keyword: Ethereal,키워드: 휘발성,,"{""damage"":null,""block"":null,""hit_count"":null,""cards_draw"":null,""energy_gain"":null,""hp_loss"":null,""vars"":null,""upgrade"":null}"
ASCENDERS_BANE,등반자의 골칫거리,Ascender's Bane,curse,Curse,E-1,keyword,,keyword,카드 키워드,contextual,False,Keyword: Unplayable,Keyword: Unplayable,키워드: 사용불가,,"{""damage"":null,""block"":null,""hit_count"":null,""cards_draw"":null,""energy_gain"":null,""hp_loss"":null,""vars"":null,""upgrade"":null}"
ASCENDERS_BANE,등반자의 골칫거리,Ascender's Bane,curse,Curse,E-1,keyword,,keyword,카드 키워드,contextual,False,Keyword: Eternal,Keyword: Eternal,키워드: 영구,,"{""damage"":null,""block"":null,""hit_count"":null,""cards_draw"":null,""energy_gain"":null,""hp_loss"":null,""vars"":null,""upgrade"":null}"
ASHEN_STRIKE,잿빛 타격,Ashen Strike,ironclad,Uncommon,E1,body,1,damage,피해,positive_or_mixed,False,Deal {n} damage.,Deal 6 damage.,피해를 6 줍니다.,6,"{""damage"":6,""block"":null,""hit_count"":null,""cards_draw"":null,""energy_gain"":null,""hp_loss"":null,""vars"":{""CalculationBase"":6,""ExtraDamage"":3,""CalculatedDamage"":6},""upgrade"":{""extradamage"":""+1""}}"
ASHEN_STRIKE,잿빛 타격,Ashen Strike,ironclad,Uncommon,E1,body,2,damage,피해,positive_or_mixed,True,Deals {n} additional damage for each card in your Exhaust Pile.,Deals 3 additional damage for each card in your Exhaust Pile.,소멸된 카드 더미에 있는 카드 1장당 피해량이 3 증가합니다.,3,"{""damage"":6,""block"":null,""hit_count"":null,""cards_draw"":null,""energy_gain"":null,""hp_loss"":null,""vars"":{""CalculationBase"":6,""ExtraDamage"":3,""CalculatedDamage"":6},""upgrade"":{""extradamage"":""+1""}}"
ASHEN_STRIKE,잿빛 타격,Ashen Strike,ironclad,Uncommon,E1,body,2,exhaust,소멸시키기,positive_or_mixed,True,Deals {n} additional damage for each card in your Exhaust Pile.,Deals 3 additional damage for each card in your Exhaust Pile.,소멸된 카드 더미에 있는 카드 1장당 피해량이 3 증가합니다.,3,"{""damage"":6,""block"":null,""hit_count"":null,""cards_draw"":null,""energy_gain"":null,""hp_loss"":null,""vars"":{""CalculationBase"":6,""ExtraDamage"":3,""CalculatedDamage"":6},""upgrade"":{""extradamage"":""+1""}}"
ASHEN_STRIKE,잿빛 타격,Ashen Strike,ironclad,Uncommon,E1,body,2,scaling,가변/스케일링,positive_or_mixed,True,Deals {n} additional damage for each card in your Exhaust Pile.,Deals 3 additional damage for each card in your Exhaust Pile.,소멸된 카드 더미에 있는 카드 1장당 피해량이 3 증가합니다.,3,"{""damage"":6,""block"":null,""hit_count"":null,""cards_draw"":null,""energy_gain"":null,""hp_loss"":null,""vars"":{""CalculationBase"":6,""ExtraDamage"":3,""CalculatedDamage"":6},""upgrade"":{""extradamage"":""+1""}}"
ASSASSINATE,암살,Assassinate,silent,Rare,E0,body,1,damage,피해,positive_or_mixed,False,Deal {n} damage.,Deal 10 damage.,피해를 10 줍니다.,10,"{""damage"":10,""block"":null,""hit_count"":null,""cards_draw"":null,""energy_gain"":null,""hp_loss"":null,""vars"":{""Damage"":10,""VulnerablePower"":1,""Vulnerable"":1},""upgrade"":{""damage"":""+3"",""vulnerable"":""+1""}}"
ASSASSINATE,암살,Assassinate,silent,Rare,E0,body,2,debuff,약화 효과,positive_or_mixed,False,Apply {n} Vulnerable.,Apply 1 Vulnerable.,취약을 1 부여합니다.,1,"{""damage"":10,""block"":null,""hit_count"":null,""cards_draw"":null,""energy_gain"":null,""hp_loss"":null,""vars"":{""Damage"":10,""VulnerablePower"":1,""Vulnerable"":1},""upgrade"":{""damage"":""+3"",""vulnerable"":""+1""}}"
ASSASSINATE,암살,Assassinate,silent,Rare,E0,keyword,,keyword,카드 키워드,contextual,False,Keyword: Exhaust,Keyword: Exhaust,키워드: 소멸,,"{""damage"":10,""block"":null,""hit_count"":null,""cards_draw"":null,""energy_gain"":null,""hp_loss"":null,""vars"":{""Damage"":10,""VulnerablePower"":1,""Vulnerable"":1},""upgrade"":{""damage"":""+3"",""vulnerable"":""+1""}}"
ASSASSINATE,암살,Assassinate,silent,Rare,E0,keyword,,keyword,카드 키워드,contextual,False,Keyword: Innate,Keyword: Innate,키워드: 선천성,,"{""damage"":10,""block"":null,""hit_count"":null,""cards_draw"":null,""energy_gain"":null,""hp_loss"":null,""vars"":{""Damage"":10,""VulnerablePower"":1,""Vulnerable"":1},""upgrade"":{""damage"":""+3"",""vulnerable"":""+1""}}"
ASTRAL_PULSE,별의 파동,Astral Pulse,regent,Common,E0+S3,body,1,damage,피해,positive_or_mixed,False,Deal {n} damage to ALL enemies twice.,Deal 6 damage to ALL enemies twice.,모든 적에게 피해를 6만큼 2번 줍니다.,6,"{""damage"":6,""block"":null,""hit_count"":2,""cards_draw"":null,""energy_gain"":null,""hp_loss"":null,""vars"":{""Damage"":6,""StarCost"":3},""upgrade"":{""damage"":""+2""}}"
AUTOMATION,자동화,Automation,colorless,Uncommon,E1,body,1,draw,카드 뽑기,positive_or_mixed,False,"Every {n} cards you draw, gain {n} Energy.","Every 10 cards you draw, gain 1 Energy.","카드를 10장 뽑을 때마다, 1 Energy를 얻습니다.",10|1,"{""damage"":null,""block"":null,""hit_count"":null,""cards_draw"":null,""energy_gain"":1,""hp_loss"":null,""vars"":{""Energy"":1},""upgrade"":{""cost"":0}}"
AUTOMATION,자동화,Automation,colorless,Uncommon,E1,body,1,energy,에너지,positive_or_mixed,False,"Every {n} cards you draw, gain {n} Energy.","Every 10 cards you draw, gain 1 Energy.","카드를 10장 뽑을 때마다, 1 Energy를 얻습니다.",10|1,"{""damage"":null,""block"":null,""hit_count"":null,""cards_draw"":null,""energy_gain"":1,""hp_loss"":null,""vars"":{""Energy"":1},""upgrade"":{""cost"":0}}"
AUTOMATION,자동화,Automation,colorless,Uncommon,E1,body,1,trigger,지속/발동기,positive_or_mixed,False,"Every {n} cards you draw, gain {n} Energy.","Every 10 cards you draw, gain 1 Energy.","카드를 10장 뽑을 때마다, 1 Energy를 얻습니다.",10|1,"{""damage"":null,""block"":null,""hit_count"":null,""cards_draw"":null,""energy_gain"":1,""hp_loss"":null,""vars"":{""Energy"":1},""upgrade"":{""cost"":0}}"
BACKFLIP,공중제비,Backflip,silent,Common,E1,body,1,block,방어도,positive_or_mixed,False,Gain {n} Block.,Gain 5 Block.,방어도를 5 얻습니다.,5,"{""damage"":null,""block"":5,""hit_count"":null,""cards_draw"":2,""energy_gain"":null,""hp_loss"":null,""vars"":{""Block"":5,""Cards"":2},""upgrade"":{""block"":""+3""}}"
BACKFLIP,공중제비,Backflip,silent,Common,E1,body,2,draw,카드 뽑기,positive_or_mixed,False,Draw {n} cards.,Draw 2 cards.,카드를 2장 뽑습니다.,2,"{""damage"":null,""block"":5,""hit_count"":null,""cards_draw"":2,""energy_gain"":null,""hp_loss"":null,""vars"":{""Block"":5,""Cards"":2},""upgrade"":{""block"":""+3""}}"
BACKSTAB,배신,Backstab,silent,Uncommon,E0,body,1,damage,피해,positive_or_mixed,False,Deal {n} damage.,Deal 11 damage.,피해를 11 줍니다.,11,"{""damage"":11,""block"":null,""hit_count"":null,""cards_draw"":null,""energy_gain"":null,""hp_loss"":null,""vars"":{""Damage"":11},""upgrade"":{""damage"":""+4""}}"
BACKSTAB,배신,Backstab,silent,Uncommon,E0,keyword,,keyword,카드 키워드,contextual,False,Keyword: Exhaust,Keyword: Exhaust,키워드: 소멸,,"{""damage"":11,""block"":null,""hit_count"":null,""cards_draw"":null,""energy_gain"":null,""hp_loss"":null,""vars"":{""Damage"":11},""upgrade"":{""damage"":""+4""}}"
BACKSTAB,배신,Backstab,silent,Uncommon,E0,keyword,,keyword,카드 키워드,contextual,False,Keyword: Innate,Keyword: Innate,키워드: 선천성,,"{""damage"":11,""block"":null,""hit_count"":null,""cards_draw"":null,""energy_gain"":null,""hp_loss"":null,""vars"":{""Damage"":11},""upgrade"":{""damage"":""+4""}}"
BAD_LUCK,불운,Bad Luck,curse,Curse,E-1,body,1,hp,체력,negative_or_cost,False,"At the end of your turn, if this is in your Hand, lose {n} HP.","At the end of your turn, if this is in your Hand, lose 13 HP.","내 턴 종료 시 이 카드가 손에 있다면, 체력을 13 잃습니다.",13,"{""damage"":null,""block"":null,""hit_count"":null,""cards_draw"":null,""energy_gain"":null,""hp_loss"":13,""vars"":{""HpLoss"":13},""upgrade"":null}"
BAD_LUCK,불운,Bad Luck,curse,Curse,E-1,body,1,trigger,지속/발동기,negative_or_cost,False,"At the end of your turn, if this is in your Hand, lose {n} HP.","At the end of your turn, if this is in your Hand, lose 13 HP.","내 턴 종료 시 이 카드가 손에 있다면, 체력을 13 잃습니다.",13,"{""damage"":null,""block"":null,""hit_count"":null,""cards_draw"":null,""energy_gain"":null,""hp_loss"":13,""vars"":{""HpLoss"":13},""upgrade"":null}"
BAD_LUCK,불운,Bad Luck,curse,Curse,E-1,keyword,,keyword,카드 키워드,contextual,False,Keyword: Unplayable,Keyword: Unplayable,키워드: 사용불가,,"{""damage"":null,""block"":null,""hit_count"":null,""cards_draw"":null,""energy_gain"":null,""hp_loss"":13,""vars"":{""HpLoss"":13},""upgrade"":null}"
BAD_LUCK,불운,Bad Luck,curse,Curse,E-1,keyword,,keyword,카드 키워드,contextual,False,Keyword: Eternal,Keyword: Eternal,키워드: 영구,,"{""damage"":null,""block"":null,""hit_count"":null,""cards_draw"":null,""energy_gain"":null,""hp_loss"":13,""vars"":{""HpLoss"":13},""upgrade"":null}"
BALL_LIGHTNING,번개 구체,Ball Lightning,defect,Common,E1,body,1,damage,피해,positive_or_mixed,False,Deal {n} damage.,Deal 7 damage.,피해를 7 줍니다.,7,"{""damage"":7,""block"":null,""hit_count"":null,""cards_draw"":null,""energy_gain"":null,""hp_loss"":null,""vars"":{""Damage"":7},""upgrade"":{""damage"":""+3""}}"
BALL_LIGHTNING,번개 구체,Ball Lightning,defect,Common,E1,body,2,orb,구체,positive_or_mixed,False,Channel {n} Lightning.,Channel 1 Lightning.,전기를 1번 영창합니다.,1,"{""damage"":7,""block"":null,""hit_count"":null,""cards_draw"":null,""energy_gain"":null,""hp_loss"":null,""vars"":{""Damage"":7},""upgrade"":{""damage"":""+3""}}"
BANSHEES_CRY,밴시의 외침,Banshee's Cry,necrobinder,Rare,E9,body,1,damage,피해,positive_or_mixed,False,Deal {n} damage to ALL enemies.,Deal 33 damage to ALL enemies.,모든 적에게 피해를 33 줍니다.,33,"{""damage"":33,""block"":null,""hit_count"":null,""cards_draw"":null,""energy_gain"":2,""hp_loss"":null,""vars"":{""Damage"":33,""Energy"":2},""upgrade"":{""cost"":7}}"
BANSHEES_CRY,밴시의 외침,Banshee's Cry,necrobinder,Rare,E9,body,2,card_cost,비용 변화,positive_or_mixed,True,Costs {n} Energy less for each Ethereal card played this combat.,Costs 2 Energy less for each Ethereal card played this combat.,이번 전투 동안 사용한 휘발성 카드 1장당 비용이 2 Energy 감소합니다.,2,"{""damage"":33,""block"":null,""hit_count"":null,""cards_draw"":null,""energy_gain"":2,""hp_loss"":null,""vars"":{""Damage"":33,""Energy"":2},""upgrade"":{""cost"":7}}"
BANSHEES_CRY,밴시의 외침,Banshee's Cry,necrobinder,Rare,E9,body,2,card_play,추가 사용/재사용,positive_or_mixed,True,Costs {n} Energy less for each Ethereal card played this combat.,Costs 2 Energy less for each Ethereal card played this combat.,이번 전투 동안 사용한 휘발성 카드 1장당 비용이 2 Energy 감소합니다.,2,"{""damage"":33,""block"":null,""hit_count"":null,""cards_draw"":null,""energy_gain"":2,""hp_loss"":null,""vars"":{""Damage"":33,""Energy"":2},""upgrade"":{""cost"":7}}"
BANSHEES_CRY,밴시의 외침,Banshee's Cry,necrobinder,Rare,E9,body,2,energy,에너지,positive_or_mixed,True,Costs {n} Energy less for each Ethereal card played this combat.,Costs 2 Energy less for each Ethereal card played this combat.,이번 전투 동안 사용한 휘발성 카드 1장당 비용이 2 Energy 감소합니다.,2,"{""damage"":33,""block"":null,""hit_count"":null,""cards_draw"":null,""energy_gain"":2,""hp_loss"":null,""vars"":{""Damage"":33,""Energy"":2},""upgrade"":{""cost"":7}}"
BANSHEES_CRY,밴시의 외침,Banshee's Cry,necrobinder,Rare,E9,body,2,scaling,가변/스케일링,positive_or_mixed,True,Costs {n} Energy less for each Ethereal card played this combat.,Costs 2 Energy less for each Ethereal card played this combat.,이번 전투 동안 사용한 휘발성 카드 1장당 비용이 2 Energy 감소합니다.,2,"{""damage"":33,""block"":null,""hit_count"":null,""cards_draw"":null,""energy_gain"":2,""hp_loss"":null,""vars"":{""Damage"":33,""Energy"":2},""upgrade"":{""cost"":7}}"
BARRAGE,일제 사격,Barrage,defect,Common,E1,body,1,damage,피해,positive_or_mixed,True,Deal {n} damage for each Channeled Orb.,Deal 5 damage for each Channeled Orb.,영창된 구체 1개당 피해를 5 줍니다.,5,"{""damage"":5,""block"":null,""hit_count"":null,""cards_draw"":null,""energy_gain"":null,""hp_loss"":null,""vars"":{""Damage"":5,""CalculationBase"":0,""CalculationExtra"":1},""upgrade"":{""damage"":""+2""}}"
BARRAGE,일제 사격,Barrage,defect,Common,E1,body,1,orb,구체,positive_or_mixed,True,Deal {n} damage for each Channeled Orb.,Deal 5 damage for each Channeled Orb.,영창된 구체 1개당 피해를 5 줍니다.,5,"{""damage"":5,""block"":null,""hit_count"":null,""cards_draw"":null,""energy_gain"":null,""hp_loss"":null,""vars"":{""Damage"":5,""CalculationBase"":0,""CalculationExtra"":1},""upgrade"":{""damage"":""+2""}}"
BARRAGE,일제 사격,Barrage,defect,Common,E1,body,1,scaling,가변/스케일링,positive_or_mixed,True,Deal {n} damage for each Channeled Orb.,Deal 5 damage for each Channeled Orb.,영창된 구체 1개당 피해를 5 줍니다.,5,"{""damage"":5,""block"":null,""hit_count"":null,""cards_draw"":null,""energy_gain"":null,""hp_loss"":null,""vars"":{""Damage"":5,""CalculationBase"":0,""CalculationExtra"":1},""upgrade"":{""damage"":""+2""}}"
BARRICADE,바리케이드,Barricade,ironclad,Rare,E3,body,1,block,방어도,positive_or_mixed,False,Block is not removed at the start of your turn.,Block is not removed at the start of your turn.,내 턴 시작 시 방어도가 사라지지 않습니다.,,"{""damage"":null,""block"":null,""hit_count"":null,""cards_draw"":null,""energy_gain"":null,""hp_loss"":null,""vars"":null,""upgrade"":{""cost"":2}}"
BASH,강타,Bash,ironclad,Basic,E2,body,1,damage,피해,positive_or_mixed,False,Deal {n} damage.,Deal 8 damage.,피해를 8 줍니다.,8,"{""damage"":8,""block"":null,""hit_count"":null,""cards_draw"":null,""energy_gain"":null,""hp_loss"":null,""vars"":{""Damage"":8,""VulnerablePower"":2,""Vulnerable"":2},""upgrade"":{""damage"":""+2"",""vulnerable"":""+1""}}"
BASH,강타,Bash,ironclad,Basic,E2,body,2,debuff,약화 효과,positive_or_mixed,False,Apply {n} Vulnerable.,Apply 2 Vulnerable.,취약을 2 부여합니다.,2,"{""damage"":8,""block"":null,""hit_count"":null,""cards_draw"":null,""energy_gain"":null,""hp_loss"":null,""vars"":{""Damage"":8,""VulnerablePower"":2,""Vulnerable"":2},""upgrade"":{""damage"":""+2"",""vulnerable"":""+1""}}"
BATTLE_TRANCE,전투 최면,Battle Trance,ironclad,Uncommon,E0,body,1,draw,카드 뽑기,positive_or_mixed,False,Draw {n} cards.,Draw 3 cards.,카드를 3장 뽑습니다.,3,"{""damage"":null,""block"":null,""hit_count"":null,""cards_draw"":3,""energy_gain"":null,""hp_loss"":null,""vars"":{""Cards"":3},""upgrade"":{""cards"":""+1""}}"
BATTLE_TRANCE,전투 최면,Battle Trance,ironclad,Uncommon,E0,body,2,draw,카드 뽑기,negative_or_cost,False,You cannot draw additional cards this turn.,You cannot draw additional cards this turn.,이번 턴 동안 더 이상 카드를 뽑을 수 없습니다.,,"{""damage"":null,""block"":null,""hit_count"":null,""cards_draw"":3,""energy_gain"":null,""hp_loss"":null,""vars"":{""Cards"":3},""upgrade"":{""cards"":""+1""}}"
BATTLE_TRANCE,전투 최면,Battle Trance,ironclad,Uncommon,E0,body,2,restriction,사용 제약,negative_or_cost,False,You cannot draw additional cards this turn.,You cannot draw additional cards this turn.,이번 턴 동안 더 이상 카드를 뽑을 수 없습니다.,,"{""damage"":null,""block"":null,""hit_count"":null,""cards_draw"":3,""energy_gain"":null,""hp_loss"":null,""vars"":{""Cards"":3},""upgrade"":{""cards"":""+1""}}"
BEACON_OF_HOPE,희망의 등불,Beacon of Hope,colorless,Rare,E1,body,1,ally,협동,positive_or_mixed,True,"Whenever you gain Block on your turn, other players gain half that much Block.","Whenever you gain Block on your turn, other players gain half that much Block.","내 턴 동안 방어도를 얻을 때마다, 다른 플레이어가 그 절반만큼 방어도를 얻습니다.",,"{""damage"":null,""block"":null,""hit_count"":null,""cards_draw"":null,""energy_gain"":null,""hp_loss"":null,""vars"":null,""upgrade"":{""add_innate"":1}}"
BEACON_OF_HOPE,희망의 등불,Beacon of Hope,colorless,Rare,E1,body,1,block,방어도,positive_or_mixed,True,"Whenever you gain Block on your turn, other players gain half that much Block.","Whenever you gain Block on your turn, other players gain half that much Block.","내 턴 동안 방어도를 얻을 때마다, 다른 플레이어가 그 절반만큼 방어도를 얻습니다.",,"{""damage"":null,""block"":null,""hit_count"":null,""cards_draw"":null,""energy_gain"":null,""hp_loss"":null,""vars"":null,""upgrade"":{""add_innate"":1}}"
BEACON_OF_HOPE,희망의 등불,Beacon of Hope,colorless,Rare,E1,body,1,scaling,가변/스케일링,positive_or_mixed,True,"Whenever you gain Block on your turn, other players gain half that much Block.","Whenever you gain Block on your turn, other players gain half that much Block.","내 턴 동안 방어도를 얻을 때마다, 다른 플레이어가 그 절반만큼 방어도를 얻습니다.",,"{""damage"":null,""block"":null,""hit_count"":null,""cards_draw"":null,""energy_gain"":null,""hp_loss"":null,""vars"":null,""upgrade"":{""add_innate"":1}}"
BEACON_OF_HOPE,희망의 등불,Beacon of Hope,colorless,Rare,E1,body,1,trigger,지속/발동기,positive_or_mixed,True,"Whenever you gain Block on your turn, other players gain half that much Block.","Whenever you gain Block on your turn, other players gain half that much Block.","내 턴 동안 방어도를 얻을 때마다, 다른 플레이어가 그 절반만큼 방어도를 얻습니다.",,"{""damage"":null,""block"":null,""hit_count"":null,""cards_draw"":null,""energy_gain"":null,""hp_loss"":null,""vars"":null,""upgrade"":{""add_innate"":1}}"
BEAM_CELL,레이저 포인터,Beam Cell,defect,Common,E0,body,1,damage,피해,positive_or_mixed,False,Deal {n} damage.,Deal 3 damage.,피해를 3 줍니다.,3,"{""damage"":3,""block"":null,""hit_count"":null,""cards_draw"":null,""energy_gain"":null,""hp_loss"":null,""vars"":{""Damage"":3,""VulnerablePower"":1,""Vulnerable"":1},""upgrade"":{""damage"":""+1"",""vulnerable"":""+1""}}"
BEAM_CELL,레이저 포인터,Beam Cell,defect,Common,E0,body,2,debuff,약화 효과,positive_or_mixed,False,Apply {n} Vulnerable.,Apply 1 Vulnerable.,취약을 1 부여합니다.,1,"{""damage"":3,""block"":null,""hit_count"":null,""cards_draw"":null,""energy_gain"":null,""hp_loss"":null,""vars"":{""Damage"":3,""VulnerablePower"":1,""Vulnerable"":1},""upgrade"":{""damage"":""+1"",""vulnerable"":""+1""}}"
BEAT_DOWN,두들겨 패기,Beat Down,colorless,Rare,E3,body,1,discard,버리기,positive_or_mixed,False,Play {n} random Attacks from your Discard Pile.,Play 3 random Attacks from your Discard Pile.,버린 카드 더미에서 무작위 공격 카드를 3장 사용합니다.,3,"{""damage"":null,""block"":null,""hit_count"":null,""cards_draw"":3,""energy_gain"":null,""hp_loss"":null,""vars"":{""Cards"":3},""upgrade"":{""cards"":""+1""}}"
BEAT_DOWN,두들겨 패기,Beat Down,colorless,Rare,E3,body,1,card_move,카드 이동/탐색,positive_or_mixed,False,Play {n} random Attacks from your Discard Pile.,Play 3 random Attacks from your Discard Pile.,버린 카드 더미에서 무작위 공격 카드를 3장 사용합니다.,3,"{""damage"":null,""block"":null,""hit_count"":null,""cards_draw"":3,""energy_gain"":null,""hp_loss"":null,""vars"":{""Cards"":3},""upgrade"":{""cards"":""+1""}}"
BEAT_DOWN,두들겨 패기,Beat Down,colorless,Rare,E3,body,1,card_play,추가 사용/재사용,positive_or_mixed,False,Play {n} random Attacks from your Discard Pile.,Play 3 random Attacks from your Discard Pile.,버린 카드 더미에서 무작위 공격 카드를 3장 사용합니다.,3,"{""damage"":null,""block"":null,""hit_count"":null,""cards_draw"":3,""energy_gain"":null,""hp_loss"":null,""vars"":{""Cards"":3},""upgrade"":{""cards"":""+1""}}"
BEAT_INTO_SHAPE,재성형,Beat into Shape,regent,Rare,E1,body,1,damage,피해,positive_or_mixed,False,Deal {n} damage.,Deal 5 damage.,피해를 5 줍니다.,5,"{""damage"":5,""block"":null,""hit_count"":null,""cards_draw"":null,""energy_gain"":null,""hp_loss"":null,""vars"":{""Damage"":5,""CalculationBase"":5,""CalculationExtra"":5},""upgrade"":{""damage"":""+2"",""calculationbase"":""+2"",""calculationextra"":""+2""}}"
BEAT_INTO_SHAPE,재성형,Beat into Shape,regent,Rare,E1,body,2,forge,제련,positive_or_mixed,True,Forge X.,Forge X.,단조 X.,,"{""damage"":5,""block"":null,""hit_count"":null,""cards_draw"":null,""energy_gain"":null,""hp_loss"":null,""vars"":{""Damage"":5,""CalculationBase"":5,""CalculationExtra"":5},""upgrade"":{""damage"":""+2"",""calculationbase"":""+2"",""calculationextra"":""+2""}}"
BEAT_INTO_SHAPE,재성형,Beat into Shape,regent,Rare,E1,body,2,scaling,가변/스케일링,positive_or_mixed,True,Forge X.,Forge X.,단조 X.,,"{""damage"":5,""block"":null,""hit_count"":null,""cards_draw"":null,""energy_gain"":null,""hp_loss"":null,""vars"":{""Damage"":5,""CalculationBase"":5,""CalculationExtra"":5},""upgrade"":{""damage"":""+2"",""calculationbase"":""+2"",""calculationextra"":""+2""}}"
BEAT_INTO_SHAPE,재성형,Beat into Shape,regent,Rare,E1,body,3,forge,제련,positive_or_mixed,False,Forges an additional {n} for every other time you've hit the enemy this turn.,Forges an additional 5 for every other time you've hit the enemy this turn.,이번 턴에 대상 적을 공격한 다른 횟수마다 추가로 단조 5.,5,"{""damage"":5,""block"":null,""hit_count"":null,""cards_draw"":null,""energy_gain"":null,""hp_loss"":null,""vars"":{""Damage"":5,""CalculationBase"":5,""CalculationExtra"":5},""upgrade"":{""damage"":""+2"",""calculationbase"":""+2"",""calculationextra"":""+2""}}"
BECKON,유인,Beckon,status,Status,E1,body,1,hp,체력,negative_or_cost,False,"At the end of your turn, if this is in your Hand, lose {n} HP.","At the end of your turn, if this is in your Hand, lose 6 HP.","내 턴 종료 시 이 카드가 손에 있다면, 체력을 6 잃습니다.",6,"{""damage"":null,""block"":null,""hit_count"":null,""cards_draw"":null,""energy_gain"":null,""hp_loss"":6,""vars"":{""HpLoss"":6},""upgrade"":null}"
BECKON,유인,Beckon,status,Status,E1,body,1,trigger,지속/발동기,negative_or_cost,False,"At the end of your turn, if this is in your Hand, lose {n} HP.","At the end of your turn, if this is in your Hand, lose 6 HP.","내 턴 종료 시 이 카드가 손에 있다면, 체력을 6 잃습니다.",6,"{""damage"":null,""block"":null,""hit_count"":null,""cards_draw"":null,""energy_gain"":null,""hp_loss"":6,""vars"":{""HpLoss"":6},""upgrade"":null}"
BEGONE,물렀거라!,BEGONE!,regent,Common,E1,body,1,card_transform,변화,positive_or_mixed,False,Choose a card in your Hand to Transform into Minion Strike.,Choose a card in your Hand to Transform into Minion Strike.,손에 있는 카드를 1장 선택해 하수인 타격으로 변화시킵니다.,,"{""damage"":null,""block"":null,""hit_count"":null,""cards_draw"":null,""energy_gain"":null,""hp_loss"":null,""vars"":null,""upgrade"":{""description_changed"":1}}"
BEGONE,물렀거라!,BEGONE!,regent,Common,E1,body,1,card_move,카드 이동/탐색,positive_or_mixed,False,Choose a card in your Hand to Transform into Minion Strike.,Choose a card in your Hand to Transform into Minion Strike.,손에 있는 카드를 1장 선택해 하수인 타격으로 변화시킵니다.,,"{""damage"":null,""block"":null,""hit_count"":null,""cards_draw"":null,""energy_gain"":null,""hp_loss"":null,""vars"":null,""upgrade"":{""description_changed"":1}}"
BEGONE,물렀거라!,BEGONE!,regent,Common,E1,body,1,osty,오스티/소환,positive_or_mixed,False,Choose a card in your Hand to Transform into Minion Strike.,Choose a card in your Hand to Transform into Minion Strike.,손에 있는 카드를 1장 선택해 하수인 타격으로 변화시킵니다.,,"{""damage"":null,""block"":null,""hit_count"":null,""cards_draw"":null,""energy_gain"":null,""hp_loss"":null,""vars"":null,""upgrade"":{""description_changed"":1}}"
BELIEVE_IN_YOU,너만 믿는다,Believe in You,colorless,Uncommon,E0,body,1,ally,협동,positive_or_mixed,False,Another player gains {n} Energy.,Another player gains 2 Energy.,다른 플레이어가 2 Energy를 얻습니다.,2,"{""damage"":null,""block"":null,""hit_count"":null,""cards_draw"":null,""energy_gain"":2,""hp_loss"":null,""vars"":{""Energy"":2},""upgrade"":{""energy"":""+1""}}"
BELIEVE_IN_YOU,너만 믿는다,Believe in You,colorless,Uncommon,E0,body,1,energy,에너지,positive_or_mixed,False,Another player gains {n} Energy.,Another player gains 2 Energy.,다른 플레이어가 2 Energy를 얻습니다.,2,"{""damage"":null,""block"":null,""hit_count"":null,""cards_draw"":null,""energy_gain"":2,""hp_loss"":null,""vars"":{""Energy"":2},""upgrade"":{""energy"":""+1""}}"
BIASED_COGNITION,인지 편향,Biased Cognition,defect,Ancient,E1,body,1,orb,구체,positive_or_mixed,False,Gain {n} Focus.,Gain 4 Focus.,밀집을 4 얻습니다.,4,"{""damage"":null,""block"":null,""hit_count"":null,""cards_draw"":null,""energy_gain"":null,""hp_loss"":null,""vars"":{""FocusPower"":4,""Focus"":4,""BiasedCognitionPower"":1,""BiasedCognition"":1},""upgrade"":{""focuspower"":""+1""}}"
BIASED_COGNITION,인지 편향,Biased Cognition,defect,Ancient,E1,body,2,orb,구체,negative_or_cost,False,"At the start of your turn, lose {n} Focus.","At the start of your turn, lose 1 Focus.","내 턴 시작 시, 밀집을 1 잃습니다.",1,"{""damage"":null,""block"":null,""hit_count"":null,""cards_draw"":null,""energy_gain"":null,""hp_loss"":null,""vars"":{""FocusPower"":4,""Focus"":4,""BiasedCognitionPower"":1,""BiasedCognition"":1},""upgrade"":{""focuspower"":""+1""}}"
BIASED_COGNITION,인지 편향,Biased Cognition,defect,Ancient,E1,body,2,trigger,지속/발동기,negative_or_cost,False,"At the start of your turn, lose {n} Focus.","At the start of your turn, lose 1 Focus.","내 턴 시작 시, 밀집을 1 잃습니다.",1,"{""damage"":null,""block"":null,""hit_count"":null,""cards_draw"":null,""energy_gain"":null,""hp_loss"":null,""vars"":{""FocusPower"":4,""Focus"":4,""BiasedCognitionPower"":1,""BiasedCognition"":1},""upgrade"":{""focuspower"":""+1""}}"
BIG_BANG,빅뱅,Big Bang,regent,Rare,E0,body,1,draw,카드 뽑기,positive_or_mixed,False,Draw {n} card.,Draw 1 card.,카드를 1장 뽑습니다.,1,"{""damage"":null,""block"":null,""hit_count"":null,""cards_draw"":1,""energy_gain"":1,""hp_loss"":null,""vars"":{""Cards"":1,""Energy"":1,""Stars"":1,""Forge"":5},""upgrade"":{""add_innate"":1}}"
BIG_BANG,빅뱅,Big Bang,regent,Rare,E0,body,2,energy,에너지,positive_or_mixed,False,Gain {n} Energy.,Gain 1 Energy.,1 Energy를 얻습니다.,1,"{""damage"":null,""block"":null,""hit_count"":null,""cards_draw"":1,""energy_gain"":1,""hp_loss"":null,""vars"":{""Cards"":1,""Energy"":1,""Stars"":1,""Forge"":5},""upgrade"":{""add_innate"":1}}"
BIG_BANG,빅뱅,Big Bang,regent,Rare,E0,body,3,stars,별,positive_or_mixed,False,Gain {n} Stars.,Gain 1 Stars.,1 Stars을 얻습니다.,1,"{""damage"":null,""block"":null,""hit_count"":null,""cards_draw"":1,""energy_gain"":1,""hp_loss"":null,""vars"":{""Cards"":1,""Energy"":1,""Stars"":1,""Forge"":5},""upgrade"":{""add_innate"":1}}"
BIG_BANG,빅뱅,Big Bang,regent,Rare,E0,body,4,forge,제련,positive_or_mixed,False,Forge {n}.,Forge 5.,단조 5.,5,"{""damage"":null,""block"":null,""hit_count"":null,""cards_draw"":1,""energy_gain"":1,""hp_loss"":null,""vars"":{""Cards"":1,""Energy"":1,""Stars"":1,""Forge"":5},""upgrade"":{""add_innate"":1}}"
BIG_BANG,빅뱅,Big Bang,regent,Rare,E0,keyword,,keyword,카드 키워드,contextual,False,Keyword: Exhaust,Keyword: Exhaust,키워드: 소멸,,"{""damage"":null,""block"":null,""hit_count"":null,""cards_draw"":1,""energy_gain"":1,""hp_loss"":null,""vars"":{""Cards"":1,""Energy"":1,""Stars"":1,""Forge"":5},""upgrade"":{""add_innate"":1}}"
BLACK_HOLE,블랙홀,Black Hole,regent,Uncommon,E1,body,1,damage,피해,positive_or_mixed,False,"Whenever you spend or gain {n} Stars, deal {n} damage to ALL enemies.","Whenever you spend or gain 1 Stars, deal 3 damage to ALL enemies.","1 Stars을 소모하거나 얻을 때마다, 모든 적에게 피해를 3 줍니다.",1|3,"{""damage"":null,""block"":null,""hit_count"":null,""cards_draw"":null,""energy_gain"":null,""hp_loss"":null,""vars"":{""BlackHolePower"":3,""BlackHole"":3},""upgrade"":{""blackholepower"":""+1""}}"
BLACK_HOLE,블랙홀,Black Hole,regent,Uncommon,E1,body,1,stars,별,positive_or_mixed,False,"Whenever you spend or gain {n} Stars, deal {n} damage to ALL enemies.","Whenever you spend or gain 1 Stars, deal 3 damage to ALL enemies.","1 Stars을 소모하거나 얻을 때마다, 모든 적에게 피해를 3 줍니다.",1|3,"{""damage"":null,""block"":null,""hit_count"":null,""cards_draw"":null,""energy_gain"":null,""hp_loss"":null,""vars"":{""BlackHolePower"":3,""BlackHole"":3},""upgrade"":{""blackholepower"":""+1""}}"
BLACK_HOLE,블랙홀,Black Hole,regent,Uncommon,E1,body,1,trigger,지속/발동기,positive_or_mixed,False,"Whenever you spend or gain {n} Stars, deal {n} damage to ALL enemies.","Whenever you spend or gain 1 Stars, deal 3 damage to ALL enemies.","1 Stars을 소모하거나 얻을 때마다, 모든 적에게 피해를 3 줍니다.",1|3,"{""damage"":null,""block"":null,""hit_count"":null,""cards_draw"":null,""energy_gain"":null,""hp_loss"":null,""vars"":{""BlackHolePower"":3,""BlackHole"":3},""upgrade"":{""blackholepower"":""+1""}}"
BLADE_DANCE,검무,Blade Dance,silent,Common,E1,body,1,card_create,카드 생성,positive_or_mixed,False,Add {n} Shivs into your Hand.,Add 3 Shivs into your Hand.,단도를 3장 손으로 가져옵니다.,3,"{""damage"":null,""block"":null,""hit_count"":null,""cards_draw"":3,""energy_gain"":null,""hp_loss"":null,""vars"":{""Cards"":3},""upgrade"":{""cards"":""+1""}}"
BLADE_DANCE,검무,Blade Dance,silent,Common,E1,body,1,card_move,카드 이동/탐색,positive_or_mixed,False,Add {n} Shivs into your Hand.,Add 3 Shivs into your Hand.,단도를 3장 손으로 가져옵니다.,3,"{""damage"":null,""block"":null,""hit_count"":null,""cards_draw"":3,""energy_gain"":null,""hp_loss"":null,""vars"":{""Cards"":3},""upgrade"":{""cards"":""+1""}}"
BLADE_DANCE,검무,Blade Dance,silent,Common,E1,keyword,,keyword,카드 키워드,contextual,False,Keyword: Exhaust,Keyword: Exhaust,키워드: 소멸,,"{""damage"":null,""block"":null,""hit_count"":null,""cards_draw"":3,""energy_gain"":null,""hp_loss"":null,""vars"":{""Cards"":3},""upgrade"":{""cards"":""+1""}}"
BLADE_OF_INK,잉크 칼날,Blade of Ink,silent,Rare,E1,body,1,card_create,카드 생성,positive_or_mixed,False,Add {n} Inky Shivs into your Hand.,Add 2 Inky Shivs into your Hand.,잉크투성이 단도를 2장 손으로 가져옵니다.,2,"{""damage"":null,""block"":null,""hit_count"":null,""cards_draw"":2,""energy_gain"":null,""hp_loss"":null,""vars"":{""Cards"":2},""upgrade"":{""cards"":""+1""}}"
BLADE_OF_INK,잉크 칼날,Blade of Ink,silent,Rare,E1,body,1,card_move,카드 이동/탐색,positive_or_mixed,False,Add {n} Inky Shivs into your Hand.,Add 2 Inky Shivs into your Hand.,잉크투성이 단도를 2장 손으로 가져옵니다.,2,"{""damage"":null,""block"":null,""hit_count"":null,""cards_draw"":2,""energy_gain"":null,""hp_loss"":null,""vars"":{""Cards"":2},""upgrade"":{""cards"":""+1""}}"
BLIGHT_STRIKE,역병 타격,Blight Strike,necrobinder,Common,E1,body,1,damage,피해,positive_or_mixed,False,Deal {n} damage.,Deal 8 damage.,피해를 8 줍니다.,8,"{""damage"":8,""block"":null,""hit_count"":null,""cards_draw"":null,""energy_gain"":null,""hp_loss"":null,""vars"":{""Damage"":8},""upgrade"":{""damage"":""+2""}}"
BLIGHT_STRIKE,역병 타격,Blight Strike,necrobinder,Common,E1,body,2,damage,피해,positive_or_mixed,True,Apply Doom equal to damage dealt.,Apply Doom equal to damage dealt.,가한 피해량만큼 종말을 부여합니다.,,"{""damage"":8,""block"":null,""hit_count"":null,""cards_draw"":null,""energy_gain"":null,""hp_loss"":null,""vars"":{""Damage"":8},""upgrade"":{""damage"":""+2""}}"
BLIGHT_STRIKE,역병 타격,Blight Strike,necrobinder,Common,E1,body,2,debuff,약화 효과,positive_or_mixed,True,Apply Doom equal to damage dealt.,Apply Doom equal to damage dealt.,가한 피해량만큼 종말을 부여합니다.,,"{""damage"":8,""block"":null,""hit_count"":null,""cards_draw"":null,""energy_gain"":null,""hp_loss"":null,""vars"":{""Damage"":8},""upgrade"":{""damage"":""+2""}}"
BLIGHT_STRIKE,역병 타격,Blight Strike,necrobinder,Common,E1,body,2,scaling,가변/스케일링,positive_or_mixed,True,Apply Doom equal to damage dealt.,Apply Doom equal to damage dealt.,가한 피해량만큼 종말을 부여합니다.,,"{""damage"":8,""block"":null,""hit_count"":null,""cards_draw"":null,""energy_gain"":null,""hp_loss"":null,""vars"":{""Damage"":8},""upgrade"":{""damage"":""+2""}}"
BLOODLETTING,사혈,Bloodletting,ironclad,Common,E0,body,1,hp,체력,negative_or_cost,False,Lose {n} HP.,Lose 3 HP.,체력을 3 잃습니다.,3,"{""damage"":null,""block"":null,""hit_count"":null,""cards_draw"":null,""energy_gain"":2,""hp_loss"":3,""vars"":{""HpLoss"":3,""Energy"":2},""upgrade"":{""energy"":""+1""}}"
BLOODLETTING,사혈,Bloodletting,ironclad,Common,E0,body,2,energy,에너지,positive_or_mixed,False,Gain {n} Energy.,Gain 2 Energy.,2 Energy를 얻습니다.,2,"{""damage"":null,""block"":null,""hit_count"":null,""cards_draw"":null,""energy_gain"":2,""hp_loss"":3,""vars"":{""HpLoss"":3,""Energy"":2},""upgrade"":{""energy"":""+1""}}"
BLOOD_WALL,피의 벽,Blood Wall,ironclad,Common,E2,body,1,hp,체력,negative_or_cost,False,Lose {n} HP.,Lose 2 HP.,체력을 2 잃습니다.,2,"{""damage"":null,""block"":16,""hit_count"":null,""cards_draw"":null,""energy_gain"":null,""hp_loss"":2,""vars"":{""HpLoss"":2,""Block"":16},""upgrade"":{""block"":""+4""}}"
BLOOD_WALL,피의 벽,Blood Wall,ironclad,Common,E2,body,2,block,방어도,positive_or_mixed,False,Gain {n} Block.,Gain 16 Block.,방어도를 16 얻습니다.,16,"{""damage"":null,""block"":16,""hit_count"":null,""cards_draw"":null,""energy_gain"":null,""hp_loss"":2,""vars"":{""HpLoss"":2,""Block"":16},""upgrade"":{""block"":""+4""}}"
BLUDGEON,몽둥이질,Bludgeon,ironclad,Uncommon,E3,body,1,damage,피해,positive_or_mixed,False,Deal {n} damage.,Deal 32 damage.,피해를 32 줍니다.,32,"{""damage"":32,""block"":null,""hit_count"":null,""cards_draw"":null,""energy_gain"":null,""hp_loss"":null,""vars"":{""Damage"":32},""upgrade"":{""damage"":""+10""}}"
BLUR,흐릿함,Blur,silent,Uncommon,E1,body,1,block,방어도,positive_or_mixed,False,Gain {n} Block.,Gain 5 Block.,방어도를 5 얻습니다.,5,"{""damage"":null,""block"":5,""hit_count"":null,""cards_draw"":null,""energy_gain"":null,""hp_loss"":null,""vars"":{""Blur"":1,""Block"":5},""upgrade"":{""block"":""+3""}}"
BLUR,흐릿함,Blur,silent,Uncommon,E1,body,2,block,방어도,positive_or_mixed,False,Block is not removed at the start of your next turn.,Block is not removed at the start of your next turn.,다음 턴 시작 시 방어도가 사라지지 않습니다.,,"{""damage"":null,""block"":5,""hit_count"":null,""cards_draw"":null,""energy_gain"":null,""hp_loss"":null,""vars"":{""Blur"":1,""Block"":5},""upgrade"":{""block"":""+3""}}"
BODYGUARD,호위,Bodyguard,necrobinder,Basic,E1,body,1,osty,오스티/소환,positive_or_mixed,False,Summon {n}.,Summon 5.,소환 5.,5,"{""damage"":null,""block"":null,""hit_count"":null,""cards_draw"":null,""energy_gain"":null,""hp_loss"":null,""vars"":{""Summon"":5},""upgrade"":{""summon"":""+2""}}"
BODY_SLAM,몸통 박치기,Body Slam,ironclad,Common,E1,body,1,damage,피해,positive_or_mixed,True,Deal damage equal to your Block.,Deal damage equal to your Block.,방어도만큼의 피해를 줍니다.,,"{""damage"":0,""block"":null,""hit_count"":null,""cards_draw"":null,""energy_gain"":null,""hp_loss"":null,""vars"":{""CalculationBase"":0,""ExtraDamage"":1,""CalculatedDamage"":0},""upgrade"":{""cost"":0}}"
BODY_SLAM,몸통 박치기,Body Slam,ironclad,Common,E1,body,1,block,방어도,positive_or_mixed,True,Deal damage equal to your Block.,Deal damage equal to your Block.,방어도만큼의 피해를 줍니다.,,"{""damage"":0,""block"":null,""hit_count"":null,""cards_draw"":null,""energy_gain"":null,""hp_loss"":null,""vars"":{""CalculationBase"":0,""ExtraDamage"":1,""CalculatedDamage"":0},""upgrade"":{""cost"":0}}"
BODY_SLAM,몸통 박치기,Body Slam,ironclad,Common,E1,body,1,scaling,가변/스케일링,positive_or_mixed,True,Deal damage equal to your Block.,Deal damage equal to your Block.,방어도만큼의 피해를 줍니다.,,"{""damage"":0,""block"":null,""hit_count"":null,""cards_draw"":null,""energy_gain"":null,""hp_loss"":null,""vars"":{""CalculationBase"":0,""ExtraDamage"":1,""CalculatedDamage"":0},""upgrade"":{""cost"":0}}"
BOLAS,사냥돌,Bolas,colorless,Rare,E0,body,1,damage,피해,positive_or_mixed,False,Deal {n} damage.,Deal 3 damage.,피해를 3 줍니다.,3,"{""damage"":3,""block"":null,""hit_count"":null,""cards_draw"":null,""energy_gain"":null,""hp_loss"":null,""vars"":{""Damage"":3},""upgrade"":{""damage"":""+1""}}"
BOLAS,사냥돌,Bolas,colorless,Rare,E0,body,2,card_move,카드 이동/탐색,positive_or_mixed,False,"At the start of your next turn, return this to your Hand.","At the start of your next turn, return this to your Hand.","다음 턴 시작 시, 이 카드를 다시 손으로 가져옵니다.",,"{""damage"":3,""block"":null,""hit_count"":null,""cards_draw"":null,""energy_gain"":null,""hp_loss"":null,""vars"":{""Damage"":3},""upgrade"":{""damage"":""+1""}}"
BOLAS,사냥돌,Bolas,colorless,Rare,E0,body,2,trigger,지속/발동기,positive_or_mixed,False,"At the start of your next turn, return this to your Hand.","At the start of your next turn, return this to your Hand.","다음 턴 시작 시, 이 카드를 다시 손으로 가져옵니다.",,"{""damage"":3,""block"":null,""hit_count"":null,""cards_draw"":null,""energy_gain"":null,""hp_loss"":null,""vars"":{""Damage"":3},""upgrade"":{""damage"":""+1""}}"
BOMBARDMENT,포격,Bombardment,regent,Rare,E3,body,1,damage,피해,positive_or_mixed,False,Deal {n} damage.,Deal 18 damage.,피해를 18 줍니다.,18,"{""damage"":18,""block"":null,""hit_count"":null,""cards_draw"":null,""energy_gain"":null,""hp_loss"":null,""vars"":{""Damage"":18},""upgrade"":{""damage"":""+6""}}"
BOMBARDMENT,포격,Bombardment,regent,Rare,E3,body,2,exhaust,소멸시키기,positive_or_mixed,False,"At the start of your turn, if this is in your Exhaust Pile, play it.","At the start of your turn, if this is in your Exhaust Pile, play it.","내 턴 시작 시, 이 카드가 소멸된 카드 더미에 있다면, 사용합니다.",,"{""damage"":18,""block"":null,""hit_count"":null,""cards_draw"":null,""energy_gain"":null,""hp_loss"":null,""vars"":{""Damage"":18},""upgrade"":{""damage"":""+6""}}"
BOMBARDMENT,포격,Bombardment,regent,Rare,E3,body,2,card_play,추가 사용/재사용,positive_or_mixed,False,"At the start of your turn, if this is in your Exhaust Pile, play it.","At the start of your turn, if this is in your Exhaust Pile, play it.","내 턴 시작 시, 이 카드가 소멸된 카드 더미에 있다면, 사용합니다.",,"{""damage"":18,""block"":null,""hit_count"":null,""cards_draw"":null,""energy_gain"":null,""hp_loss"":null,""vars"":{""Damage"":18},""upgrade"":{""damage"":""+6""}}"
BOMBARDMENT,포격,Bombardment,regent,Rare,E3,body,2,trigger,지속/발동기,positive_or_mixed,False,"At the start of your turn, if this is in your Exhaust Pile, play it.","At the start of your turn, if this is in your Exhaust Pile, play it.","내 턴 시작 시, 이 카드가 소멸된 카드 더미에 있다면, 사용합니다.",,"{""damage"":18,""block"":null,""hit_count"":null,""cards_draw"":null,""energy_gain"":null,""hp_loss"":null,""vars"":{""Damage"":18},""upgrade"":{""damage"":""+6""}}"
BOMBARDMENT,포격,Bombardment,regent,Rare,E3,keyword,,keyword,카드 키워드,contextual,False,Keyword: Exhaust,Keyword: Exhaust,키워드: 소멸,,"{""damage"":18,""block"":null,""hit_count"":null,""cards_draw"":null,""energy_gain"":null,""hp_loss"":null,""vars"":{""Damage"":18},""upgrade"":{""damage"":""+6""}}"
BONE_SHARDS,뼛조각,Bone Shards,necrobinder,Uncommon,E1,body,1,damage,피해,positive_or_mixed,False,"If Osty is alive, he deals {n} damage to ALL enemies and you gain {n} Block.","If Osty is alive, he deals 9 damage to ALL enemies and you gain 9 Block.","골골이가 살아있다면, 골골이가 모든 적에게 피해를 9 주고 내가 방어도를 9 얻습니다.",9|9,"{""damage"":9,""block"":9,""hit_count"":null,""cards_draw"":null,""energy_gain"":null,""hp_loss"":null,""vars"":{""OstyDamage"":9,""Block"":9,""Damage"":9},""upgrade"":{""block"":""+3"",""ostydamage"":""+3""}}"
BONE_SHARDS,뼛조각,Bone Shards,necrobinder,Uncommon,E1,body,1,block,방어도,positive_or_mixed,False,"If Osty is alive, he deals {n} damage to ALL enemies and you gain {n} Block.","If Osty is alive, he deals 9 damage to ALL enemies and you gain 9 Block.","골골이가 살아있다면, 골골이가 모든 적에게 피해를 9 주고 내가 방어도를 9 얻습니다.",9|9,"{""damage"":9,""block"":9,""hit_count"":null,""cards_draw"":null,""energy_gain"":null,""hp_loss"":null,""vars"":{""OstyDamage"":9,""Block"":9,""Damage"":9},""upgrade"":{""block"":""+3"",""ostydamage"":""+3""}}"
BONE_SHARDS,뼛조각,Bone Shards,necrobinder,Uncommon,E1,body,1,osty,오스티/소환,positive_or_mixed,False,"If Osty is alive, he deals {n} damage to ALL enemies and you gain {n} Block.","If Osty is alive, he deals 9 damage to ALL enemies and you gain 9 Block.","골골이가 살아있다면, 골골이가 모든 적에게 피해를 9 주고 내가 방어도를 9 얻습니다.",9|9,"{""damage"":9,""block"":9,""hit_count"":null,""cards_draw"":null,""energy_gain"":null,""hp_loss"":null,""vars"":{""OstyDamage"":9,""Block"":9,""Damage"":9},""upgrade"":{""block"":""+3"",""ostydamage"":""+3""}}"
BONE_SHARDS,뼛조각,Bone Shards,necrobinder,Uncommon,E1,body,1,trigger,지속/발동기,positive_or_mixed,False,"If Osty is alive, he deals {n} damage to ALL enemies and you gain {n} Block.","If Osty is alive, he deals 9 damage to ALL enemies and you gain 9 Block.","골골이가 살아있다면, 골골이가 모든 적에게 피해를 9 주고 내가 방어도를 9 얻습니다.",9|9,"{""damage"":9,""block"":9,""hit_count"":null,""cards_draw"":null,""energy_gain"":null,""hp_loss"":null,""vars"":{""OstyDamage"":9,""Block"":9,""Damage"":9},""upgrade"":{""block"":""+3"",""ostydamage"":""+3""}}"
BONE_SHARDS,뼛조각,Bone Shards,necrobinder,Uncommon,E1,body,2,osty,오스티/소환,positive_or_mixed,False,Osty dies.,Osty dies.,골골이가 죽습니다.,,"{""damage"":9,""block"":9,""hit_count"":null,""cards_draw"":null,""energy_gain"":null,""hp_loss"":null,""vars"":{""OstyDamage"":9,""Block"":9,""Damage"":9},""upgrade"":{""block"":""+3"",""ostydamage"":""+3""}}"
BOOST_AWAY,가속 이탈,Boost Away,defect,Common,E0,body,1,block,방어도,positive_or_mixed,False,Gain {n} Block.,Gain 6 Block.,방어도를 6 얻습니다.,6,"{""damage"":null,""block"":6,""hit_count"":null,""cards_draw"":null,""energy_gain"":null,""hp_loss"":null,""vars"":{""Block"":6},""upgrade"":{""block"":""+3""}}"
BOOST_AWAY,가속 이탈,Boost Away,defect,Common,E0,body,2,discard,버리기,positive_or_mixed,False,Add a Dazed into your Discard Pile.,Add a Dazed into your Discard Pile.,버린 카드 더미에 어지러움을 1장 추가합니다.,,"{""damage"":null,""block"":6,""hit_count"":null,""cards_draw"":null,""energy_gain"":null,""hp_loss"":null,""vars"":{""Block"":6},""upgrade"":{""block"":""+3""}}"
BOOST_AWAY,가속 이탈,Boost Away,defect,Common,E0,body,2,card_create,카드 생성,positive_or_mixed,False,Add a Dazed into your Discard Pile.,Add a Dazed into your Discard Pile.,버린 카드 더미에 어지러움을 1장 추가합니다.,,"{""damage"":null,""block"":6,""hit_count"":null,""cards_draw"":null,""energy_gain"":null,""hp_loss"":null,""vars"":{""Block"":6},""upgrade"":{""block"":""+3""}}"
BOOST_AWAY,가속 이탈,Boost Away,defect,Common,E0,body,2,status_penalty,상태/저주 페널티,positive_or_mixed,False,Add a Dazed into your Discard Pile.,Add a Dazed into your Discard Pile.,버린 카드 더미에 어지러움을 1장 추가합니다.,,"{""damage"":null,""block"":6,""hit_count"":null,""cards_draw"":null,""energy_gain"":null,""hp_loss"":null,""vars"":{""Block"":6},""upgrade"":{""block"":""+3""}}"
BOOT_SEQUENCE,부팅 과정,Boot Sequence,defect,Uncommon,E0,body,1,block,방어도,positive_or_mixed,False,Gain {n} Block.,Gain 10 Block.,방어도를 10 얻습니다.,10,"{""damage"":null,""block"":10,""hit_count"":null,""cards_draw"":null,""energy_gain"":null,""hp_loss"":null,""vars"":{""Block"":10},""upgrade"":{""block"":""+3""}}"
BOOT_SEQUENCE,부팅 과정,Boot Sequence,defect,Uncommon,E0,keyword,,keyword,카드 키워드,contextual,False,Keyword: Exhaust,Keyword: Exhaust,키워드: 소멸,,"{""damage"":null,""block"":10,""hit_count"":null,""cards_draw"":null,""energy_gain"":null,""hp_loss"":null,""vars"":{""Block"":10},""upgrade"":{""block"":""+3""}}"
BOOT_SEQUENCE,부팅 과정,Boot Sequence,defect,Uncommon,E0,keyword,,keyword,카드 키워드,contextual,False,Keyword: Innate,Keyword: Innate,키워드: 선천성,,"{""damage"":null,""block"":10,""hit_count"":null,""cards_draw"":null,""energy_gain"":null,""hp_loss"":null,""vars"":{""Block"":10},""upgrade"":{""block"":""+3""}}"
BORROWED_TIME,연명,Borrowed Time,necrobinder,Uncommon,E1,body,1,energy,에너지,positive_or_mixed,False,Gain {n} Energy.,Gain 4 Energy.,4 Energy를 얻습니다.,4,"{""damage"":null,""block"":null,""hit_count"":null,""cards_draw"":null,""energy_gain"":4,""hp_loss"":null,""vars"":{""ExtraCost"":1,""Energy"":4},""upgrade"":{""energy"":""+2""}}"
BORROWED_TIME,연명,Borrowed Time,necrobinder,Uncommon,E1,body,2,card_cost,비용 변화,positive_or_mixed,False,Cards cost an additional {n} Energy this turn.,Cards cost an additional 1 Energy this turn.,이번 턴 동안 카드의 비용이 1 Energy 증가합니다.,1,"{""damage"":null,""block"":null,""hit_count"":null,""cards_draw"":null,""energy_gain"":4,""hp_loss"":null,""vars"":{""ExtraCost"":1,""Energy"":4},""upgrade"":{""energy"":""+2""}}"
BORROWED_TIME,연명,Borrowed Time,necrobinder,Uncommon,E1,body,2,energy,에너지,positive_or_mixed,False,Cards cost an additional {n} Energy this turn.,Cards cost an additional 1 Energy this turn.,이번 턴 동안 카드의 비용이 1 Energy 증가합니다.,1,"{""damage"":null,""block"":null,""hit_count"":null,""cards_draw"":null,""energy_gain"":4,""hp_loss"":null,""vars"":{""ExtraCost"":1,""Energy"":4},""upgrade"":{""energy"":""+2""}}"
BOUNCING_FLASK,탄성 플라스크,Bouncing Flask,silent,Uncommon,E2,body,1,debuff,약화 효과,positive_or_mixed,False,Apply {n} Poison to a random enemy {n} times.,Apply 3 Poison to a random enemy 3 times.,무작위 적에게 중독을 3만큼 3번 부여합니다.,3|3,"{""damage"":null,""block"":null,""hit_count"":null,""cards_draw"":null,""energy_gain"":null,""hp_loss"":null,""vars"":{""Repeat"":3,""PoisonPower"":3,""Poison"":3},""upgrade"":{""repeat"":""+1""}}"
BRAND,낙인,Brand,ironclad,Rare,E0,body,1,hp,체력,negative_or_cost,False,Lose {n} HP.,Lose 1 HP.,체력을 1 잃습니다.,1,"{""damage"":null,""block"":null,""hit_count"":null,""cards_draw"":null,""energy_gain"":null,""hp_loss"":1,""vars"":{""HpLoss"":1,""StrengthPower"":1,""Strength"":1},""upgrade"":{""strength"":""+1""}}"
BRAND,낙인,Brand,ironclad,Rare,E0,body,2,exhaust,소멸시키기,positive_or_mixed,False,Exhaust {n} card.,Exhaust 1 card.,카드를 1장 소멸시킵니다.,1,"{""damage"":null,""block"":null,""hit_count"":null,""cards_draw"":null,""energy_gain"":null,""hp_loss"":1,""vars"":{""HpLoss"":1,""StrengthPower"":1,""Strength"":1},""upgrade"":{""strength"":""+1""}}"
BRAND,낙인,Brand,ironclad,Rare,E0,body,3,buff,강화 효과,positive_or_mixed,False,Gain {n} Strength.,Gain 1 Strength.,힘을 1 얻습니다.,1,"{""damage"":null,""block"":null,""hit_count"":null,""cards_draw"":null,""energy_gain"":null,""hp_loss"":1,""vars"":{""HpLoss"":1,""StrengthPower"":1,""Strength"":1},""upgrade"":{""strength"":""+1""}}"
BREAK,박살,Break,ironclad,Ancient,E1,body,1,damage,피해,positive_or_mixed,False,Deal {n} damage.,Deal 20 damage.,피해를 20 줍니다.,20,"{""damage"":20,""block"":null,""hit_count"":null,""cards_draw"":null,""energy_gain"":null,""hp_loss"":null,""vars"":{""Damage"":20,""VulnerablePower"":5,""Vulnerable"":5},""upgrade"":{""damage"":""+10"",""vulnerable"":""+2""}}"
BREAK,박살,Break,ironclad,Ancient,E1,body,2,debuff,약화 효과,positive_or_mixed,False,Apply {n} Vulnerable.,Apply 5 Vulnerable.,취약을 5 부여합니다.,5,"{""damage"":20,""block"":null,""hit_count"":null,""cards_draw"":null,""energy_gain"":null,""hp_loss"":null,""vars"":{""Damage"":20,""VulnerablePower"":5,""Vulnerable"":5},""upgrade"":{""damage"":""+10"",""vulnerable"":""+2""}}"
BREAKTHROUGH,정면 돌파,Breakthrough,ironclad,Common,E1,body,1,hp,체력,negative_or_cost,False,Lose {n} HP.,Lose 1 HP.,체력을 1 잃습니다.,1,"{""damage"":9,""block"":null,""hit_count"":null,""cards_draw"":null,""energy_gain"":null,""hp_loss"":1,""vars"":{""Damage"":9,""HpLoss"":1},""upgrade"":{""damage"":""+4""}}"
BREAKTHROUGH,정면 돌파,Breakthrough,ironclad,Common,E1,body,2,damage,피해,positive_or_mixed,False,Deal {n} damage to ALL enemies.,Deal 9 damage to ALL enemies.,모든 적에게 피해를 9 줍니다.,9,"{""damage"":9,""block"":null,""hit_count"":null,""cards_draw"":null,""energy_gain"":null,""hp_loss"":1,""vars"":{""Damage"":9,""HpLoss"":1},""upgrade"":{""damage"":""+4""}}"
BRIGHTEST_FLAME,찬란한 불꽃,Brightest Flame,event,Ancient,E0,body,1,energy,에너지,positive_or_mixed,False,Gain {n} Energy.,Gain 2 Energy.,2 Energy를 얻습니다.,2,"{""damage"":null,""block"":null,""hit_count"":null,""cards_draw"":2,""energy_gain"":2,""hp_loss"":null,""vars"":{""MaxHp"":1,""Energy"":2,""Cards"":2},""upgrade"":{""energy"":""+1"",""cards"":""+1""}}"
BRIGHTEST_FLAME,찬란한 불꽃,Brightest Flame,event,Ancient,E0,body,2,draw,카드 뽑기,positive_or_mixed,False,Draw {n} cards.,Draw 2 cards.,카드를 2장 뽑습니다.,2,"{""damage"":null,""block"":null,""hit_count"":null,""cards_draw"":2,""energy_gain"":2,""hp_loss"":null,""vars"":{""MaxHp"":1,""Energy"":2,""Cards"":2},""upgrade"":{""energy"":""+1"",""cards"":""+1""}}"
BRIGHTEST_FLAME,찬란한 불꽃,Brightest Flame,event,Ancient,E0,body,3,hp,체력,negative_or_cost,False,Lose {n} Max HP.,Lose 1 Max HP.,최대 체력을 1 잃습니다.,1,"{""damage"":null,""block"":null,""hit_count"":null,""cards_draw"":2,""energy_gain"":2,""hp_loss"":null,""vars"":{""MaxHp"":1,""Energy"":2,""Cards"":2},""upgrade"":{""energy"":""+1"",""cards"":""+1""}}"
BUBBLE_BUBBLE,차오르는 독,Bubble Bubble,silent,Uncommon,E1,body,1,debuff,약화 효과,positive_or_mixed,False,"If the enemy has Poison, apply {n} Poison.","If the enemy has Poison, apply 9 Poison.","대상 적이 중독을 보유하고 있다면, 중독을 9 부여합니다.",9,"{""damage"":null,""block"":null,""hit_count"":null,""cards_draw"":null,""energy_gain"":null,""hp_loss"":null,""vars"":{""PoisonPower"":9,""Poison"":9},""upgrade"":{""poison"":""+3""}}"
BUBBLE_BUBBLE,차오르는 독,Bubble Bubble,silent,Uncommon,E1,body,1,trigger,지속/발동기,positive_or_mixed,False,"If the enemy has Poison, apply {n} Poison.","If the enemy has Poison, apply 9 Poison.","대상 적이 중독을 보유하고 있다면, 중독을 9 부여합니다.",9,"{""damage"":null,""block"":null,""hit_count"":null,""cards_draw"":null,""energy_gain"":null,""hp_loss"":null,""vars"":{""PoisonPower"":9,""Poison"":9},""upgrade"":{""poison"":""+3""}}"
BUFFER,버퍼,Buffer,defect,Rare,E2,body,1,hp,체력,negative_or_cost,False,Prevent the next time you would lose HP.,Prevent the next time you would lose HP.,다음에 체력을 잃는 것을 막아줍니다.,,"{""damage"":null,""block"":null,""hit_count"":null,""cards_draw"":null,""energy_gain"":null,""hp_loss"":null,""vars"":{""BufferPower"":1,""Buffer"":1},""upgrade"":{""bufferpower"":""+1""}}"
BULK_UP,증강,Bulk Up,defect,Uncommon,E2,body,1,orb,구체,negative_or_cost,False,Lose {n} Orb Slot.,Lose 1 Orb Slot.,구체 슬롯을 1개 잃습니다.,1,"{""damage"":null,""block"":null,""hit_count"":null,""cards_draw"":null,""energy_gain"":null,""hp_loss"":null,""vars"":{""OrbSlots"":1,""StrengthPower"":2,""Strength"":2,""DexterityPower"":2,""Dexterity"":2},""upgrade"":{""strength"":""+1"",""dexterity"":""+1""}}"
BULK_UP,증강,Bulk Up,defect,Uncommon,E2,body,2,buff,강화 효과,positive_or_mixed,False,Gain {n} Strength.,Gain 2 Strength.,힘을 2 얻습니다.,2,"{""damage"":null,""block"":null,""hit_count"":null,""cards_draw"":null,""energy_gain"":null,""hp_loss"":null,""vars"":{""OrbSlots"":1,""StrengthPower"":2,""Strength"":2,""DexterityPower"":2,""Dexterity"":2},""upgrade"":{""strength"":""+1"",""dexterity"":""+1""}}"
BULK_UP,증강,Bulk Up,defect,Uncommon,E2,body,3,buff,강화 효과,positive_or_mixed,False,Gain {n} Dexterity.,Gain 2 Dexterity.,민첩을 2 얻습니다.,2,"{""damage"":null,""block"":null,""hit_count"":null,""cards_draw"":null,""energy_gain"":null,""hp_loss"":null,""vars"":{""OrbSlots"":1,""StrengthPower"":2,""Strength"":2,""DexterityPower"":2,""Dexterity"":2},""upgrade"":{""strength"":""+1"",""dexterity"":""+1""}}"
BULLET_TIME,불릿 타임,Bullet Time,silent,Rare,E3,body,1,draw,카드 뽑기,negative_or_cost,False,You cannot draw additional cards this turn.,You cannot draw additional cards this turn.,이번 턴 동안 더 이상 카드를 뽑을 수 없습니다.,,"{""damage"":null,""block"":null,""hit_count"":null,""cards_draw"":null,""energy_gain"":null,""hp_loss"":null,""vars"":null,""upgrade"":{""cost"":2}}"
BULLET_TIME,불릿 타임,Bullet Time,silent,Rare,E3,body,1,restriction,사용 제약,negative_or_cost,False,You cannot draw additional cards this turn.,You cannot draw additional cards this turn.,이번 턴 동안 더 이상 카드를 뽑을 수 없습니다.,,"{""damage"":null,""block"":null,""hit_count"":null,""cards_draw"":null,""energy_gain"":null,""hp_loss"":null,""vars"":null,""upgrade"":{""cost"":2}}"
BULLET_TIME,불릿 타임,Bullet Time,silent,Rare,E3,body,2,card_cost,비용 변화,positive_or_mixed,False,ALL cards in your Hand are free to play this turn.,ALL cards in your Hand are free to play this turn.,이번 턴 동안 손에 있는 모든 카드를 비용 없이 사용할 수 있습니다.,,"{""damage"":null,""block"":null,""hit_count"":null,""cards_draw"":null,""energy_gain"":null,""hp_loss"":null,""vars"":null,""upgrade"":{""cost"":2}}"
BULLET_TIME,불릿 타임,Bullet Time,silent,Rare,E3,body,2,card_play,추가 사용/재사용,positive_or_mixed,False,ALL cards in your Hand are free to play this turn.,ALL cards in your Hand are free to play this turn.,이번 턴 동안 손에 있는 모든 카드를 비용 없이 사용할 수 있습니다.,,"{""damage"":null,""block"":null,""hit_count"":null,""cards_draw"":null,""energy_gain"":null,""hp_loss"":null,""vars"":null,""upgrade"":{""cost"":2}}"
BULLY,협박,Bully,ironclad,Uncommon,E0,body,1,damage,피해,positive_or_mixed,False,Deal {n} damage.,Deal 4 damage.,피해를 4 줍니다.,4,"{""damage"":4,""block"":null,""hit_count"":null,""cards_draw"":null,""energy_gain"":null,""hp_loss"":null,""vars"":{""CalculationBase"":4,""ExtraDamage"":2,""CalculatedDamage"":4},""upgrade"":{""extradamage"":""+1""}}"
BULLY,협박,Bully,ironclad,Uncommon,E0,body,2,damage,피해,positive_or_mixed,True,Deals {n} additional damage for each Vulnerable on the enemy.,Deals 2 additional damage for each Vulnerable on the enemy.,대상 적이 보유한 취약마다 피해량이 2 증가합니다.,2,"{""damage"":4,""block"":null,""hit_count"":null,""cards_draw"":null,""energy_gain"":null,""hp_loss"":null,""vars"":{""CalculationBase"":4,""ExtraDamage"":2,""CalculatedDamage"":4},""upgrade"":{""extradamage"":""+1""}}"
BULLY,협박,Bully,ironclad,Uncommon,E0,body,2,debuff,약화 효과,positive_or_mixed,True,Deals {n} additional damage for each Vulnerable on the enemy.,Deals 2 additional damage for each Vulnerable on the enemy.,대상 적이 보유한 취약마다 피해량이 2 증가합니다.,2,"{""damage"":4,""block"":null,""hit_count"":null,""cards_draw"":null,""energy_gain"":null,""hp_loss"":null,""vars"":{""CalculationBase"":4,""ExtraDamage"":2,""CalculatedDamage"":4},""upgrade"":{""extradamage"":""+1""}}"
BULLY,협박,Bully,ironclad,Uncommon,E0,body,2,scaling,가변/스케일링,positive_or_mixed,True,Deals {n} additional damage for each Vulnerable on the enemy.,Deals 2 additional damage for each Vulnerable on the enemy.,대상 적이 보유한 취약마다 피해량이 2 증가합니다.,2,"{""damage"":4,""block"":null,""hit_count"":null,""cards_draw"":null,""energy_gain"":null,""hp_loss"":null,""vars"":{""CalculationBase"":4,""ExtraDamage"":2,""CalculatedDamage"":4},""upgrade"":{""extradamage"":""+1""}}"
BULWARK,보루,Bulwark,regent,Uncommon,E2,body,1,block,방어도,positive_or_mixed,False,Gain {n} Block.,Gain 12 Block.,방어도를 12 얻습니다.,12,"{""damage"":null,""block"":12,""hit_count"":null,""cards_draw"":null,""energy_gain"":null,""hp_loss"":null,""vars"":{""Block"":12,""Forge"":10},""upgrade"":{""block"":""+3"",""forge"":""+3""}}"
BULWARK,보루,Bulwark,regent,Uncommon,E2,body,2,forge,제련,positive_or_mixed,False,Forge {n}.,Forge 10.,단조 10.,10,"{""damage"":null,""block"":12,""hit_count"":null,""cards_draw"":null,""energy_gain"":null,""hp_loss"":null,""vars"":{""Block"":12,""Forge"":10},""upgrade"":{""block"":""+3"",""forge"":""+3""}}"
BUNDLE_OF_JOY,기쁨의 선물,Bundle of Joy,regent,Rare,E1,body,1,card_create,카드 생성,positive_or_mixed,False,Add {n} random Colorless cards into your Hand.,Add 3 random Colorless cards into your Hand.,무작위 무색 카드를 3장 손으로 가져옵니다.,3,"{""damage"":null,""block"":null,""hit_count"":null,""cards_draw"":3,""energy_gain"":null,""hp_loss"":null,""vars"":{""Cards"":3},""upgrade"":{""cards"":""+1""}}"
BUNDLE_OF_JOY,기쁨의 선물,Bundle of Joy,regent,Rare,E1,body,1,card_move,카드 이동/탐색,positive_or_mixed,False,Add {n} random Colorless cards into your Hand.,Add 3 random Colorless cards into your Hand.,무작위 무색 카드를 3장 손으로 가져옵니다.,3,"{""damage"":null,""block"":null,""hit_count"":null,""cards_draw"":3,""energy_gain"":null,""hp_loss"":null,""vars"":{""Cards"":3},""upgrade"":{""cards"":""+1""}}"
BUNDLE_OF_JOY,기쁨의 선물,Bundle of Joy,regent,Rare,E1,keyword,,keyword,카드 키워드,contextual,False,Keyword: Exhaust,Keyword: Exhaust,키워드: 소멸,,"{""damage"":null,""block"":null,""hit_count"":null,""cards_draw"":3,""energy_gain"":null,""hp_loss"":null,""vars"":{""Cards"":3},""upgrade"":{""cards"":""+1""}}"
BURN,화상,Burn,status,Status,E-1,body,1,damage,피해,negative_or_cost,False,"At the end of your turn, if this is in your Hand, take {n} damage.","At the end of your turn, if this is in your Hand, take 2 damage.","내 턴 종료 시 이 카드가 손에 있다면, 피해를 2 받습니다.",2,"{""damage"":2,""block"":null,""hit_count"":null,""cards_draw"":null,""energy_gain"":null,""hp_loss"":null,""vars"":{""Damage"":2},""upgrade"":null}"
BURN,화상,Burn,status,Status,E-1,body,1,trigger,지속/발동기,negative_or_cost,False,"At the end of your turn, if this is in your Hand, take {n} damage.","At the end of your turn, if this is in your Hand, take 2 damage.","내 턴 종료 시 이 카드가 손에 있다면, 피해를 2 받습니다.",2,"{""damage"":2,""block"":null,""hit_count"":null,""cards_draw"":null,""energy_gain"":null,""hp_loss"":null,""vars"":{""Damage"":2},""upgrade"":null}"
BURN,화상,Burn,status,Status,E-1,keyword,,keyword,카드 키워드,contextual,False,Keyword: Unplayable,Keyword: Unplayable,키워드: 사용불가,,"{""damage"":2,""block"":null,""hit_count"":null,""cards_draw"":null,""energy_gain"":null,""hp_loss"":null,""vars"":{""Damage"":2},""upgrade"":null}"
BURNING_PACT,불타는 조약,Burning Pact,ironclad,Uncommon,E1,body,1,exhaust,소멸시키기,positive_or_mixed,False,Exhaust {n} card.,Exhaust 1 card.,카드를 1장 소멸시킵니다.,1,"{""damage"":null,""block"":null,""hit_count"":null,""cards_draw"":2,""energy_gain"":null,""hp_loss"":null,""vars"":{""Cards"":2},""upgrade"":{""cards"":""+1""}}"
BURNING_PACT,불타는 조약,Burning Pact,ironclad,Uncommon,E1,body,2,draw,카드 뽑기,positive_or_mixed,False,Draw {n} cards.,Draw 2 cards.,카드를 2장 뽑습니다.,2,"{""damage"":null,""block"":null,""hit_count"":null,""cards_draw"":2,""energy_gain"":null,""hp_loss"":null,""vars"":{""Cards"":2},""upgrade"":{""cards"":""+1""}}"
BURST,폭주,Burst,silent,Rare,E1,body,1,card_play,추가 사용/재사용,positive_or_mixed,False,"This turn, your next Skill is played an extra time.","This turn, your next Skill is played an extra time.",이번 턴에 다음에 사용하는 스킬 카드가 1번 추가로 사용됩니다.,,"{""damage"":null,""block"":null,""hit_count"":null,""cards_draw"":null,""energy_gain"":null,""hp_loss"":null,""vars"":{""Skills"":1},""upgrade"":{""skills"":""+1""}}"
BURY,매장,Bury,necrobinder,Uncommon,E4,body,1,damage,피해,positive_or_mixed,False,Deal {n} damage.,Deal 52 damage.,피해를 52 줍니다.,52,"{""damage"":52,""block"":null,""hit_count"":null,""cards_draw"":null,""energy_gain"":null,""hp_loss"":null,""vars"":{""Damage"":52},""upgrade"":{""damage"":""+11""}}"
BYRDONIS_EGG,섀도니스 알,Byrdonis Egg,quest,Quest,E-1,body,1,reward_meta,전투 외/보상,positive_or_mixed,False,Can be hatched at a Rest Site.,Can be hatched at a Rest Site.,휴식 장소에서 부화시킬 수 있습니다.,,"{""damage"":null,""block"":null,""hit_count"":null,""cards_draw"":null,""energy_gain"":null,""hp_loss"":null,""vars"":null,""upgrade"":null}"
BYRDONIS_EGG,섀도니스 알,Byrdonis Egg,quest,Quest,E-1,keyword,,keyword,카드 키워드,contextual,False,Keyword: Unplayable,Keyword: Unplayable,키워드: 사용불가,,"{""damage"":null,""block"":null,""hit_count"":null,""cards_draw"":null,""energy_gain"":null,""hp_loss"":null,""vars"":null,""upgrade"":null}"
BYRD_SWOOP,섀 급습,Byrd Swoop,event,Event,E0,body,1,damage,피해,positive_or_mixed,False,Deal {n} damage.,Deal 14 damage.,피해를 14 줍니다.,14,"{""damage"":14,""block"":null,""hit_count"":null,""cards_draw"":null,""energy_gain"":null,""hp_loss"":null,""vars"":{""Damage"":14},""upgrade"":{""damage"":""+4""}}"
CALAMITY,재앙,Calamity,colorless,Rare,E3,body,1,card_create,카드 생성,positive_or_mixed,False,"Whenever you play an Attack, add a random Attack into your Hand.","Whenever you play an Attack, add a random Attack into your Hand.","공격 카드를 사용할 때마다, 무작위 공격 카드를 1장 손으로 가져옵니다.",,"{""damage"":null,""block"":null,""hit_count"":null,""cards_draw"":null,""energy_gain"":null,""hp_loss"":null,""vars"":null,""upgrade"":{""cost"":2}}"
CALAMITY,재앙,Calamity,colorless,Rare,E3,body,1,card_move,카드 이동/탐색,positive_or_mixed,False,"Whenever you play an Attack, add a random Attack into your Hand.","Whenever you play an Attack, add a random Attack into your Hand.","공격 카드를 사용할 때마다, 무작위 공격 카드를 1장 손으로 가져옵니다.",,"{""damage"":null,""block"":null,""hit_count"":null,""cards_draw"":null,""energy_gain"":null,""hp_loss"":null,""vars"":null,""upgrade"":{""cost"":2}}"
CALAMITY,재앙,Calamity,colorless,Rare,E3,body,1,card_play,추가 사용/재사용,positive_or_mixed,False,"Whenever you play an Attack, add a random Attack into your Hand.","Whenever you play an Attack, add a random Attack into your Hand.","공격 카드를 사용할 때마다, 무작위 공격 카드를 1장 손으로 가져옵니다.",,"{""damage"":null,""block"":null,""hit_count"":null,""cards_draw"":null,""energy_gain"":null,""hp_loss"":null,""vars"":null,""upgrade"":{""cost"":2}}"
CALAMITY,재앙,Calamity,colorless,Rare,E3,body,1,trigger,지속/발동기,positive_or_mixed,False,"Whenever you play an Attack, add a random Attack into your Hand.","Whenever you play an Attack, add a random Attack into your Hand.","공격 카드를 사용할 때마다, 무작위 공격 카드를 1장 손으로 가져옵니다.",,"{""damage"":null,""block"":null,""hit_count"":null,""cards_draw"":null,""energy_gain"":null,""hp_loss"":null,""vars"":null,""upgrade"":{""cost"":2}}"
CALCIFY,석회화,Calcify,necrobinder,Uncommon,E1,body,1,damage,피해,positive_or_mixed,True,Osty's attacks deal {n} additional damage.,Osty's attacks deal 4 additional damage.,골골이가 가하는 공격의 피해량이 4 증가합니다.,4,"{""damage"":null,""block"":null,""hit_count"":null,""cards_draw"":null,""energy_gain"":null,""hp_loss"":null,""vars"":{""CalcifyPower"":4,""Calcify"":4},""upgrade"":{""calcifypower"":""+2""}}"
CALCIFY,석회화,Calcify,necrobinder,Uncommon,E1,body,1,osty,오스티/소환,positive_or_mixed,True,Osty's attacks deal {n} additional damage.,Osty's attacks deal 4 additional damage.,골골이가 가하는 공격의 피해량이 4 증가합니다.,4,"{""damage"":null,""block"":null,""hit_count"":null,""cards_draw"":null,""energy_gain"":null,""hp_loss"":null,""vars"":{""CalcifyPower"":4,""Calcify"":4},""upgrade"":{""calcifypower"":""+2""}}"
CALCIFY,석회화,Calcify,necrobinder,Uncommon,E1,body,1,scaling,가변/스케일링,positive_or_mixed,True,Osty's attacks deal {n} additional damage.,Osty's attacks deal 4 additional damage.,골골이가 가하는 공격의 피해량이 4 증가합니다.,4,"{""damage"":null,""block"":null,""hit_count"":null,""cards_draw"":null,""energy_gain"":null,""hp_loss"":null,""vars"":{""CalcifyPower"":4,""Calcify"":4},""upgrade"":{""calcifypower"":""+2""}}"
CALCULATED_GAMBLE,계산된 도박,Calculated Gamble,silent,Uncommon,E0,body,1,draw,카드 뽑기,positive_or_mixed,True,"Discard your Hand, then draw that many cards.","Discard your Hand, then draw that many cards.","손에 있는 모든 카드를 버린 뒤, 버린 카드의 수만큼 카드를 뽑습니다.",,"{""damage"":null,""block"":null,""hit_count"":null,""cards_draw"":null,""energy_gain"":null,""hp_loss"":null,""vars"":null,""upgrade"":{""add_retain"":1}}"
CALCULATED_GAMBLE,계산된 도박,Calculated Gamble,silent,Uncommon,E0,body,1,discard,버리기,positive_or_mixed,True,"Discard your Hand, then draw that many cards.","Discard your Hand, then draw that many cards.","손에 있는 모든 카드를 버린 뒤, 버린 카드의 수만큼 카드를 뽑습니다.",,"{""damage"":null,""block"":null,""hit_count"":null,""cards_draw"":null,""energy_gain"":null,""hp_loss"":null,""vars"":null,""upgrade"":{""add_retain"":1}}"
CALCULATED_GAMBLE,계산된 도박,Calculated Gamble,silent,Uncommon,E0,body,1,scaling,가변/스케일링,positive_or_mixed,True,"Discard your Hand, then draw that many cards.","Discard your Hand, then draw that many cards.","손에 있는 모든 카드를 버린 뒤, 버린 카드의 수만큼 카드를 뽑습니다.",,"{""damage"":null,""block"":null,""hit_count"":null,""cards_draw"":null,""energy_gain"":null,""hp_loss"":null,""vars"":null,""upgrade"":{""add_retain"":1}}"
CALCULATED_GAMBLE,계산된 도박,Calculated Gamble,silent,Uncommon,E0,keyword,,keyword,카드 키워드,contextual,False,Keyword: Exhaust,Keyword: Exhaust,키워드: 소멸,,"{""damage"":null,""block"":null,""hit_count"":null,""cards_draw"":null,""energy_gain"":null,""hp_loss"":null,""vars"":null,""upgrade"":{""add_retain"":1}}"
CALL_OF_THE_VOID,공허의 부름,Call of the Void,necrobinder,Rare,E1,body,1,card_create,카드 생성,positive_or_mixed,False,"At the start of your turn, add {n} random card into your Hand.","At the start of your turn, add 1 random card into your Hand.","내 턴 시작 시, 무작위 카드를 1장 손으로 가져옵니다.",1,"{""damage"":null,""block"":null,""hit_count"":null,""cards_draw"":1,""energy_gain"":null,""hp_loss"":null,""vars"":{""Cards"":1},""upgrade"":{""add_innate"":1}}"
CALL_OF_THE_VOID,공허의 부름,Call of the Void,necrobinder,Rare,E1,body,1,card_move,카드 이동/탐색,positive_or_mixed,False,"At the start of your turn, add {n} random card into your Hand.","At the start of your turn, add 1 random card into your Hand.","내 턴 시작 시, 무작위 카드를 1장 손으로 가져옵니다.",1,"{""damage"":null,""block"":null,""hit_count"":null,""cards_draw"":1,""energy_gain"":null,""hp_loss"":null,""vars"":{""Cards"":1},""upgrade"":{""add_innate"":1}}"
CALL_OF_THE_VOID,공허의 부름,Call of the Void,necrobinder,Rare,E1,body,1,trigger,지속/발동기,positive_or_mixed,False,"At the start of your turn, add {n} random card into your Hand.","At the start of your turn, add 1 random card into your Hand.","내 턴 시작 시, 무작위 카드를 1장 손으로 가져옵니다.",1,"{""damage"":null,""block"":null,""hit_count"":null,""cards_draw"":1,""energy_gain"":null,""hp_loss"":null,""vars"":{""Cards"":1},""upgrade"":{""add_innate"":1}}"
CALL_OF_THE_VOID,공허의 부름,Call of the Void,necrobinder,Rare,E1,body,2,bespoke_rule,고유 규칙,contextual,False,It gains Ethereal.,It gains Ethereal.,그 카드가 휘발성을 얻습니다.,,"{""damage"":null,""block"":null,""hit_count"":null,""cards_draw"":1,""energy_gain"":null,""hp_loss"":null,""vars"":{""Cards"":1},""upgrade"":{""add_innate"":1}}"
CALTROPS,마름쇠,Caltrops,event,Event,E1,body,1,damage,피해,positive_or_mixed,False,"Whenever you are attacked, deal {n} damage back.","Whenever you are attacked, deal 3 damage back.","공격을 받을 때마다, 공격한 적에게 피해를 3 줍니다.",3,"{""damage"":null,""block"":null,""hit_count"":null,""cards_draw"":null,""energy_gain"":null,""hp_loss"":null,""vars"":{""ThornsPower"":3,""Thorns"":3},""upgrade"":{""thornspower"":""+2""}}"
CALTROPS,마름쇠,Caltrops,event,Event,E1,body,1,trigger,지속/발동기,positive_or_mixed,False,"Whenever you are attacked, deal {n} damage back.","Whenever you are attacked, deal 3 damage back.","공격을 받을 때마다, 공격한 적에게 피해를 3 줍니다.",3,"{""damage"":null,""block"":null,""hit_count"":null,""cards_draw"":null,""energy_gain"":null,""hp_loss"":null,""vars"":{""ThornsPower"":3,""Thorns"":3},""upgrade"":{""thornspower"":""+2""}}"
CAPACITOR,축전기,Capacitor,defect,Uncommon,E1,body,1,orb,구체,positive_or_mixed,False,Gain {n} Orb Slots.,Gain 2 Orb Slots.,구체 슬롯을 2개 얻습니다.,2,"{""damage"":null,""block"":null,""hit_count"":null,""cards_draw"":null,""energy_gain"":null,""hp_loss"":null,""vars"":{""Repeat"":2},""upgrade"":{""repeat"":""+1""}}"
CAPTURE_SPIRIT,혼령 포획,Capture Spirit,necrobinder,Uncommon,E1,body,1,hp,체력,positive_or_mixed,False,Enemy loses {n} HP.,Enemy loses 3 HP.,적이 체력을 3 잃습니다.,3,"{""damage"":3,""block"":null,""hit_count"":null,""cards_draw"":3,""energy_gain"":null,""hp_loss"":null,""vars"":{""Damage"":3,""Cards"":3},""upgrade"":{""damage"":""+1"",""cards"":""+1""}}"
CAPTURE_SPIRIT,혼령 포획,Capture Spirit,necrobinder,Uncommon,E1,body,1,debuff,약화 효과,positive_or_mixed,False,Enemy loses {n} HP.,Enemy loses 3 HP.,적이 체력을 3 잃습니다.,3,"{""damage"":3,""block"":null,""hit_count"":null,""cards_draw"":3,""energy_gain"":null,""hp_loss"":null,""vars"":{""Damage"":3,""Cards"":3},""upgrade"":{""damage"":""+1"",""cards"":""+1""}}"
CAPTURE_SPIRIT,혼령 포획,Capture Spirit,necrobinder,Uncommon,E1,body,2,draw,카드 뽑기,positive_or_mixed,False,Add {n} Souls into your Draw Pile.,Add 3 Souls into your Draw Pile.,뽑을 카드 더미에 영혼을 3장 추가합니다.,3,"{""damage"":3,""block"":null,""hit_count"":null,""cards_draw"":3,""energy_gain"":null,""hp_loss"":null,""vars"":{""Damage"":3,""Cards"":3},""upgrade"":{""damage"":""+1"",""cards"":""+1""}}"
CAPTURE_SPIRIT,혼령 포획,Capture Spirit,necrobinder,Uncommon,E1,body,2,card_create,카드 생성,positive_or_mixed,False,Add {n} Souls into your Draw Pile.,Add 3 Souls into your Draw Pile.,뽑을 카드 더미에 영혼을 3장 추가합니다.,3,"{""damage"":3,""block"":null,""hit_count"":null,""cards_draw"":3,""energy_gain"":null,""hp_loss"":null,""vars"":{""Damage"":3,""Cards"":3},""upgrade"":{""damage"":""+1"",""cards"":""+1""}}"
CASCADE,연쇄,Cascade,ironclad,Rare,EX,body,1,draw,카드 뽑기,positive_or_mixed,True,Play the top X cards of your Draw Pile.,Play the top X cards of your Draw Pile.,뽑을 카드 더미 맨 위의 무작위 카드를 X장 사용합니다.,,"{""damage"":null,""block"":null,""hit_count"":null,""cards_draw"":null,""energy_gain"":null,""hp_loss"":null,""vars"":null,""upgrade"":{""description_changed"":1}}"
CASCADE,연쇄,Cascade,ironclad,Rare,EX,body,1,card_play,추가 사용/재사용,positive_or_mixed,True,Play the top X cards of your Draw Pile.,Play the top X cards of your Draw Pile.,뽑을 카드 더미 맨 위의 무작위 카드를 X장 사용합니다.,,"{""damage"":null,""block"":null,""hit_count"":null,""cards_draw"":null,""energy_gain"":null,""hp_loss"":null,""vars"":null,""upgrade"":{""description_changed"":1}}"
CASCADE,연쇄,Cascade,ironclad,Rare,EX,body,1,scaling,가변/스케일링,positive_or_mixed,True,Play the top X cards of your Draw Pile.,Play the top X cards of your Draw Pile.,뽑을 카드 더미 맨 위의 무작위 카드를 X장 사용합니다.,,"{""damage"":null,""block"":null,""hit_count"":null,""cards_draw"":null,""energy_gain"":null,""hp_loss"":null,""vars"":null,""upgrade"":{""description_changed"":1}}"
CATASTROPHE,재난,Catastrophe,colorless,Uncommon,E2,body,1,draw,카드 뽑기,positive_or_mixed,False,Play {n} random cards from your Draw Pile.,Play 2 random cards from your Draw Pile.,뽑을 카드 더미에서 무작위 카드를 2장 사용합니다.,2,"{""damage"":null,""block"":null,""hit_count"":null,""cards_draw"":2,""energy_gain"":null,""hp_loss"":null,""vars"":{""Cards"":2},""upgrade"":{""cards"":""+1""}}"
CATASTROPHE,재난,Catastrophe,colorless,Uncommon,E2,body,1,card_move,카드 이동/탐색,positive_or_mixed,False,Play {n} random cards from your Draw Pile.,Play 2 random cards from your Draw Pile.,뽑을 카드 더미에서 무작위 카드를 2장 사용합니다.,2,"{""damage"":null,""block"":null,""hit_count"":null,""cards_draw"":2,""energy_gain"":null,""hp_loss"":null,""vars"":{""Cards"":2},""upgrade"":{""cards"":""+1""}}"
CATASTROPHE,재난,Catastrophe,colorless,Uncommon,E2,body,1,card_play,추가 사용/재사용,positive_or_mixed,False,Play {n} random cards from your Draw Pile.,Play 2 random cards from your Draw Pile.,뽑을 카드 더미에서 무작위 카드를 2장 사용합니다.,2,"{""damage"":null,""block"":null,""hit_count"":null,""cards_draw"":2,""energy_gain"":null,""hp_loss"":null,""vars"":{""Cards"":2},""upgrade"":{""cards"":""+1""}}"
CELESTIAL_MIGHT,천상의 권능,Celestial Might,regent,Common,E2,body,1,damage,피해,positive_or_mixed,False,Deal {n} damage {n} times.,Deal 6 damage 3 times.,피해를 6만큼 3번 줍니다.,6|3,"{""damage"":6,""block"":null,""hit_count"":3,""cards_draw"":null,""energy_gain"":null,""hp_loss"":null,""vars"":{""Damage"":6,""Repeat"":3},""upgrade"":{""repeat"":""+1""}}"
CHAOS,혼돈,Chaos,defect,Uncommon,E1,body,1,orb,구체,positive_or_mixed,False,Channel {n} random Orb.,Channel 1 random Orb.,무작위 구체를 1번 영창합니다.,1,"{""damage"":null,""block"":null,""hit_count"":null,""cards_draw"":null,""energy_gain"":null,""hp_loss"":null,""vars"":{""Repeat"":1},""upgrade"":{""repeat"":""+1""}}"
CHARGE,돌격!!,CHARGE!!,regent,Uncommon,E1,body,1,draw,카드 뽑기,positive_or_mixed,False,Choose {n} cards in your Draw Pile to Transform into Minion Dive Bombs.,Choose 2 cards in your Draw Pile to Transform into Minion Dive Bombs.,뽑을 카드 더미에서 카드를 2장 선택해 하수인 투하로 변화시킵니다.,2,"{""damage"":null,""block"":null,""hit_count"":null,""cards_draw"":2,""energy_gain"":null,""hp_loss"":null,""vars"":{""Cards"":2},""upgrade"":{""description_changed"":1}}"
CHARGE,돌격!!,CHARGE!!,regent,Uncommon,E1,body,1,card_transform,변화,positive_or_mixed,False,Choose {n} cards in your Draw Pile to Transform into Minion Dive Bombs.,Choose 2 cards in your Draw Pile to Transform into Minion Dive Bombs.,뽑을 카드 더미에서 카드를 2장 선택해 하수인 투하로 변화시킵니다.,2,"{""damage"":null,""block"":null,""hit_count"":null,""cards_draw"":2,""energy_gain"":null,""hp_loss"":null,""vars"":{""Cards"":2},""upgrade"":{""description_changed"":1}}"
CHARGE,돌격!!,CHARGE!!,regent,Uncommon,E1,body,1,card_move,카드 이동/탐색,positive_or_mixed,False,Choose {n} cards in your Draw Pile to Transform into Minion Dive Bombs.,Choose 2 cards in your Draw Pile to Transform into Minion Dive Bombs.,뽑을 카드 더미에서 카드를 2장 선택해 하수인 투하로 변화시킵니다.,2,"{""damage"":null,""block"":null,""hit_count"":null,""cards_draw"":2,""energy_gain"":null,""hp_loss"":null,""vars"":{""Cards"":2},""upgrade"":{""description_changed"":1}}"
CHARGE,돌격!!,CHARGE!!,regent,Uncommon,E1,body,1,osty,오스티/소환,positive_or_mixed,False,Choose {n} cards in your Draw Pile to Transform into Minion Dive Bombs.,Choose 2 cards in your Draw Pile to Transform into Minion Dive Bombs.,뽑을 카드 더미에서 카드를 2장 선택해 하수인 투하로 변화시킵니다.,2,"{""damage"":null,""block"":null,""hit_count"":null,""cards_draw"":2,""energy_gain"":null,""hp_loss"":null,""vars"":{""Cards"":2},""upgrade"":{""description_changed"":1}}"
CHARGE_BATTERY,배터리 충전,Charge Battery,defect,Common,E1,body,1,block,방어도,positive_or_mixed,False,Gain {n} Block.,Gain 7 Block.,방어도를 7 얻습니다.,7,"{""damage"":null,""block"":7,""hit_count"":null,""cards_draw"":null,""energy_gain"":1,""hp_loss"":null,""vars"":{""Block"":7,""Energy"":1},""upgrade"":{""block"":""+3""}}"
CHARGE_BATTERY,배터리 충전,Charge Battery,defect,Common,E1,body,2,energy,에너지,positive_or_mixed,False,"Next turn, gain {n} Energy.","Next turn, gain 1 Energy.","다음 턴에, 1 Energy를 얻습니다.",1,"{""damage"":null,""block"":7,""hit_count"":null,""cards_draw"":null,""energy_gain"":1,""hp_loss"":null,""vars"":{""Block"":7,""Energy"":1},""upgrade"":{""block"":""+3""}}"
CHARGE_BATTERY,배터리 충전,Charge Battery,defect,Common,E1,body,2,trigger,지속/발동기,positive_or_mixed,False,"Next turn, gain {n} Energy.","Next turn, gain 1 Energy.","다음 턴에, 1 Energy를 얻습니다.",1,"{""damage"":null,""block"":7,""hit_count"":null,""cards_draw"":null,""energy_gain"":1,""hp_loss"":null,""vars"":{""Block"":7,""Energy"":1},""upgrade"":{""block"":""+3""}}"
CHILD_OF_THE_STARS,별의 아이,Child of the Stars,regent,Uncommon,E1,body,1,block,방어도,positive_or_mixed,True,"Whenever you spend {n} Stars, gain {n} Block for each {n} Stars spent.","Whenever you spend 1 Stars, gain 2 Block for each 1 Stars spent.","1 Stars을 소모할 때마다, 소모한 1 Stars당 방어도를 2 얻습니다.",1|2|1,"{""damage"":null,""block"":null,""hit_count"":null,""cards_draw"":null,""energy_gain"":null,""hp_loss"":null,""vars"":{""BlockForStars"":2},""upgrade"":{""blockforstars"":""+1""}}"
CHILD_OF_THE_STARS,별의 아이,Child of the Stars,regent,Uncommon,E1,body,1,stars,별,positive_or_mixed,True,"Whenever you spend {n} Stars, gain {n} Block for each {n} Stars spent.","Whenever you spend 1 Stars, gain 2 Block for each 1 Stars spent.","1 Stars을 소모할 때마다, 소모한 1 Stars당 방어도를 2 얻습니다.",1|2|1,"{""damage"":null,""block"":null,""hit_count"":null,""cards_draw"":null,""energy_gain"":null,""hp_loss"":null,""vars"":{""BlockForStars"":2},""upgrade"":{""blockforstars"":""+1""}}"
CHILD_OF_THE_STARS,별의 아이,Child of the Stars,regent,Uncommon,E1,body,1,scaling,가변/스케일링,positive_or_mixed,True,"Whenever you spend {n} Stars, gain {n} Block for each {n} Stars spent.","Whenever you spend 1 Stars, gain 2 Block for each 1 Stars spent.","1 Stars을 소모할 때마다, 소모한 1 Stars당 방어도를 2 얻습니다.",1|2|1,"{""damage"":null,""block"":null,""hit_count"":null,""cards_draw"":null,""energy_gain"":null,""hp_loss"":null,""vars"":{""BlockForStars"":2},""upgrade"":{""blockforstars"":""+1""}}"
CHILD_OF_THE_STARS,별의 아이,Child of the Stars,regent,Uncommon,E1,body,1,trigger,지속/발동기,positive_or_mixed,True,"Whenever you spend {n} Stars, gain {n} Block for each {n} Stars spent.","Whenever you spend 1 Stars, gain 2 Block for each 1 Stars spent.","1 Stars을 소모할 때마다, 소모한 1 Stars당 방어도를 2 얻습니다.",1|2|1,"{""damage"":null,""block"":null,""hit_count"":null,""cards_draw"":null,""energy_gain"":null,""hp_loss"":null,""vars"":{""BlockForStars"":2},""upgrade"":{""blockforstars"":""+1""}}"
CHILL,오한,Chill,defect,Uncommon,E0,body,1,orb,구체,positive_or_mixed,True,Channel {n} Frost for each enemy.,Channel 1 Frost for each enemy.,적 하나당 냉기를 1번 영창합니다.,1,"{""damage"":null,""block"":null,""hit_count"":null,""cards_draw"":null,""energy_gain"":null,""hp_loss"":null,""vars"":null,""upgrade"":{""remove_exhaust"":1}}"
CHILL,오한,Chill,defect,Uncommon,E0,body,1,scaling,가변/스케일링,positive_or_mixed,True,Channel {n} Frost for each enemy.,Channel 1 Frost for each enemy.,적 하나당 냉기를 1번 영창합니다.,1,"{""damage"":null,""block"":null,""hit_count"":null,""cards_draw"":null,""energy_gain"":null,""hp_loss"":null,""vars"":null,""upgrade"":{""remove_exhaust"":1}}"
CHILL,오한,Chill,defect,Uncommon,E0,keyword,,keyword,카드 키워드,contextual,False,Keyword: Exhaust,Keyword: Exhaust,키워드: 소멸,,"{""damage"":null,""block"":null,""hit_count"":null,""cards_draw"":null,""energy_gain"":null,""hp_loss"":null,""vars"":null,""upgrade"":{""remove_exhaust"":1}}"
CINDER,잿불,Cinder,ironclad,Common,E2,body,1,damage,피해,positive_or_mixed,False,Deal {n} damage.,Deal 18 damage.,피해를 18 줍니다.,18,"{""damage"":18,""block"":null,""hit_count"":null,""cards_draw"":null,""energy_gain"":null,""hp_loss"":null,""vars"":{""Damage"":18},""upgrade"":{""damage"":""+6""}}"
CINDER,잿불,Cinder,ironclad,Common,E2,body,2,exhaust,소멸시키기,positive_or_mixed,False,Exhaust {n} card at random.,Exhaust 1 card at random.,무작위 카드를 1장 소멸 시킵니다.,1,"{""damage"":18,""block"":null,""hit_count"":null,""cards_draw"":null,""energy_gain"":null,""hp_loss"":null,""vars"":{""Damage"":18},""upgrade"":{""damage"":""+6""}}"
CLASH,격돌,Clash,event,Event,E0,body,1,card_play,추가 사용/재사용,positive_or_mixed,False,Can only be played if every card in your Hand is an Attack.,Can only be played if every card in your Hand is an Attack.,손에 있는 모든 카드가 공격 카드일 때만 사용할 수 있습니다.,,"{""damage"":14,""block"":null,""hit_count"":null,""cards_draw"":null,""energy_gain"":null,""hp_loss"":null,""vars"":{""Damage"":14},""upgrade"":{""damage"":""+4""}}"
CLASH,격돌,Clash,event,Event,E0,body,1,restriction,사용 제약,positive_or_mixed,False,Can only be played if every card in your Hand is an Attack.,Can only be played if every card in your Hand is an Attack.,손에 있는 모든 카드가 공격 카드일 때만 사용할 수 있습니다.,,"{""damage"":14,""block"":null,""hit_count"":null,""cards_draw"":null,""energy_gain"":null,""hp_loss"":null,""vars"":{""Damage"":14},""upgrade"":{""damage"":""+4""}}"
CLASH,격돌,Clash,event,Event,E0,body,2,damage,피해,positive_or_mixed,False,Deal {n} damage.,Deal 14 damage.,피해를 14 줍니다.,14,"{""damage"":14,""block"":null,""hit_count"":null,""cards_draw"":null,""energy_gain"":null,""hp_loss"":null,""vars"":{""Damage"":14},""upgrade"":{""damage"":""+4""}}"
CLAW,후벼 파기,Claw,defect,Common,E0,body,1,damage,피해,positive_or_mixed,False,Deal {n} damage.,Deal 3 damage.,피해를 3 줍니다.,3,"{""damage"":3,""block"":null,""hit_count"":null,""cards_draw"":null,""energy_gain"":null,""hp_loss"":null,""vars"":{""Increase"":2,""Damage"":3},""upgrade"":{""damage"":""+1"",""increase"":""+1""}}"
CLAW,후벼 파기,Claw,defect,Common,E0,body,2,damage,피해,positive_or_mixed,False,Increase the damage of ALL Claw cards by {n} this combat.,Increase the damage of ALL Claw cards by 2 this combat.,이번 전투 동안 모든 후벼 파기 카드의 피해량이 2 증가합니다.,2,"{""damage"":3,""block"":null,""hit_count"":null,""cards_draw"":null,""energy_gain"":null,""hp_loss"":null,""vars"":{""Increase"":2,""Damage"":3},""upgrade"":{""damage"":""+1"",""increase"":""+1""}}"
CLEANSE,정화,Cleanse,necrobinder,Uncommon,E1,body,1,osty,오스티/소환,positive_or_mixed,False,Summon {n}.,Summon 3.,소환 3.,3,"{""damage"":null,""block"":null,""hit_count"":null,""cards_draw"":null,""energy_gain"":null,""hp_loss"":null,""vars"":{""Summon"":3},""upgrade"":{""summon"":""+2""}}"
CLEANSE,정화,Cleanse,necrobinder,Uncommon,E1,body,2,draw,카드 뽑기,positive_or_mixed,False,Exhaust {n} card from your Draw Pile.,Exhaust 1 card from your Draw Pile.,뽑을 카드 더미의 카드를 1장 소멸시킵니다.,1,"{""damage"":null,""block"":null,""hit_count"":null,""cards_draw"":null,""energy_gain"":null,""hp_loss"":null,""vars"":{""Summon"":3},""upgrade"":{""summon"":""+2""}}"
CLEANSE,정화,Cleanse,necrobinder,Uncommon,E1,body,2,exhaust,소멸시키기,positive_or_mixed,False,Exhaust {n} card from your Draw Pile.,Exhaust 1 card from your Draw Pile.,뽑을 카드 더미의 카드를 1장 소멸시킵니다.,1,"{""damage"":null,""block"":null,""hit_count"":null,""cards_draw"":null,""energy_gain"":null,""hp_loss"":null,""vars"":{""Summon"":3},""upgrade"":{""summon"":""+2""}}"
CLEANSE,정화,Cleanse,necrobinder,Uncommon,E1,body,2,card_move,카드 이동/탐색,positive_or_mixed,False,Exhaust {n} card from your Draw Pile.,Exhaust 1 card from your Draw Pile.,뽑을 카드 더미의 카드를 1장 소멸시킵니다.,1,"{""damage"":null,""block"":null,""hit_count"":null,""cards_draw"":null,""energy_gain"":null,""hp_loss"":null,""vars"":{""Summon"":3},""upgrade"":{""summon"":""+2""}}"
CLOAK_AND_DAGGER,망토와 단검,Cloak and Dagger,silent,Common,E1,body,1,block,방어도,positive_or_mixed,False,Gain {n} Block.,Gain 6 Block.,방어도를 6 얻습니다.,6,"{""damage"":null,""block"":6,""hit_count"":null,""cards_draw"":1,""energy_gain"":null,""hp_loss"":null,""vars"":{""Block"":6,""Cards"":1},""upgrade"":{""cards"":""+1""}}"
CLOAK_AND_DAGGER,망토와 단검,Cloak and Dagger,silent,Common,E1,body,2,card_create,카드 생성,positive_or_mixed,False,Add {n} Shiv into your Hand.,Add 1 Shiv into your Hand.,단도를 1장 손으로 가져옵니다.,1,"{""damage"":null,""block"":6,""hit_count"":null,""cards_draw"":1,""energy_gain"":null,""hp_loss"":null,""vars"":{""Block"":6,""Cards"":1},""upgrade"":{""cards"":""+1""}}"
CLOAK_AND_DAGGER,망토와 단검,Cloak and Dagger,silent,Common,E1,body,2,card_move,카드 이동/탐색,positive_or_mixed,False,Add {n} Shiv into your Hand.,Add 1 Shiv into your Hand.,단도를 1장 손으로 가져옵니다.,1,"{""damage"":null,""block"":6,""hit_count"":null,""cards_draw"":1,""energy_gain"":null,""hp_loss"":null,""vars"":{""Block"":6,""Cards"":1},""upgrade"":{""cards"":""+1""}}"
CLOAK_OF_STARS,별의 망토,Cloak of Stars,regent,Common,E0+S1,body,1,block,방어도,positive_or_mixed,False,Gain {n} Block.,Gain 7 Block.,방어도를 7 얻습니다.,7,"{""damage"":null,""block"":7,""hit_count"":null,""cards_draw"":null,""energy_gain"":null,""hp_loss"":null,""vars"":{""Block"":7,""StarCost"":1},""upgrade"":{""block"":""+3""}}"
CLUMSY,서투름,Clumsy,curse,Curse,E-1,body,1,empty,효과 없음,positive_or_mixed,False,(empty),,,,"{""damage"":null,""block"":null,""hit_count"":null,""cards_draw"":null,""energy_gain"":null,""hp_loss"":null,""vars"":null,""upgrade"":null}"
CLUMSY,서투름,Clumsy,curse,Curse,E-1,keyword,,keyword,카드 키워드,contextual,False,Keyword: Ethereal,Keyword: Ethereal,키워드: 휘발성,,"{""damage"":null,""block"":null,""hit_count"":null,""cards_draw"":null,""energy_gain"":null,""hp_loss"":null,""vars"":null,""upgrade"":null}"
CLUMSY,서투름,Clumsy,curse,Curse,E-1,keyword,,keyword,카드 키워드,contextual,False,Keyword: Unplayable,Keyword: Unplayable,키워드: 사용불가,,"{""damage"":null,""block"":null,""hit_count"":null,""cards_draw"":null,""energy_gain"":null,""hp_loss"":null,""vars"":null,""upgrade"":null}"
COLD_SNAP,꽃샘추위,Cold Snap,defect,Common,E1,body,1,damage,피해,positive_or_mixed,False,Deal {n} damage.,Deal 6 damage.,피해를 6 줍니다.,6,"{""damage"":6,""block"":null,""hit_count"":null,""cards_draw"":null,""energy_gain"":null,""hp_loss"":null,""vars"":{""Damage"":6},""upgrade"":{""damage"":""+3""}}"
COLD_SNAP,꽃샘추위,Cold Snap,defect,Common,E1,body,2,orb,구체,positive_or_mixed,False,Channel {n} Frost.,Channel 1 Frost.,냉기를 1번 영창합니다.,1,"{""damage"":6,""block"":null,""hit_count"":null,""cards_draw"":null,""energy_gain"":null,""hp_loss"":null,""vars"":{""Damage"":6},""upgrade"":{""damage"":""+3""}}"
COLLISION_COURSE,불가피한 충돌,Collision Course,regent,Common,E0,body,1,damage,피해,positive_or_mixed,False,Deal {n} damage.,Deal 11 damage.,피해를 11 줍니다.,11,"{""damage"":11,""block"":null,""hit_count"":null,""cards_draw"":null,""energy_gain"":null,""hp_loss"":null,""vars"":{""Damage"":11},""upgrade"":{""damage"":""+4""}}"
COLLISION_COURSE,불가피한 충돌,Collision Course,regent,Common,E0,body,2,card_create,카드 생성,positive_or_mixed,False,Add a Debris into your Hand.,Add a Debris into your Hand.,잔해를 1장 손으로 가져옵니다.,,"{""damage"":11,""block"":null,""hit_count"":null,""cards_draw"":null,""energy_gain"":null,""hp_loss"":null,""vars"":{""Damage"":11},""upgrade"":{""damage"":""+4""}}"
COLLISION_COURSE,불가피한 충돌,Collision Course,regent,Common,E0,body,2,card_move,카드 이동/탐색,positive_or_mixed,False,Add a Debris into your Hand.,Add a Debris into your Hand.,잔해를 1장 손으로 가져옵니다.,,"{""damage"":11,""block"":null,""hit_count"":null,""cards_draw"":null,""energy_gain"":null,""hp_loss"":null,""vars"":{""Damage"":11},""upgrade"":{""damage"":""+4""}}"
COLOSSUS,거상,Colossus,ironclad,Uncommon,E1,body,1,block,방어도,positive_or_mixed,False,Gain {n} Block.,Gain 5 Block.,방어도를 5 얻습니다.,5,"{""damage"":null,""block"":5,""hit_count"":null,""cards_draw"":null,""energy_gain"":null,""hp_loss"":null,""vars"":{""Colossus"":1,""Block"":5},""upgrade"":{""block"":""+3""}}"
COLOSSUS,거상,Colossus,ironclad,Uncommon,E1,body,2,damage,피해,positive_or_mixed,False,You receive {n}% less damage from Vulnerable enemies this turn.,You receive 50% less damage from Vulnerable enemies this turn.,이번 턴에 취약 상태의 적에게서 받는 피해량이 50% 감소합니다.,50,"{""damage"":null,""block"":5,""hit_count"":null,""cards_draw"":null,""energy_gain"":null,""hp_loss"":null,""vars"":{""Colossus"":1,""Block"":5},""upgrade"":{""block"":""+3""}}"
COLOSSUS,거상,Colossus,ironclad,Uncommon,E1,body,2,debuff,약화 효과,positive_or_mixed,False,You receive {n}% less damage from Vulnerable enemies this turn.,You receive 50% less damage from Vulnerable enemies this turn.,이번 턴에 취약 상태의 적에게서 받는 피해량이 50% 감소합니다.,50,"{""damage"":null,""block"":5,""hit_count"":null,""cards_draw"":null,""energy_gain"":null,""hp_loss"":null,""vars"":{""Colossus"":1,""Block"":5},""upgrade"":{""block"":""+3""}}"
COMET,혜성,Comet,regent,Rare,E0+S5,body,1,damage,피해,positive_or_mixed,False,Deal {n} damage.,Deal 33 damage.,피해를 33 줍니다.,33,"{""damage"":33,""block"":null,""hit_count"":null,""cards_draw"":null,""energy_gain"":null,""hp_loss"":null,""vars"":{""Damage"":33,""VulnerablePower"":3,""Vulnerable"":3,""WeakPower"":3,""Weak"":3,""StarCost"":5},""upgrade"":{""damage"":""+11""}}"
COMET,혜성,Comet,regent,Rare,E0+S5,body,2,debuff,약화 효과,positive_or_mixed,False,Apply {n} Weak.,Apply 3 Weak.,약화를 3 부여합니다.,3,"{""damage"":33,""block"":null,""hit_count"":null,""cards_draw"":null,""energy_gain"":null,""hp_loss"":null,""vars"":{""Damage"":33,""VulnerablePower"":3,""Vulnerable"":3,""WeakPower"":3,""Weak"":3,""StarCost"":5},""upgrade"":{""damage"":""+11""}}"
COMET,혜성,Comet,regent,Rare,E0+S5,body,3,debuff,약화 효과,positive_or_mixed,False,Apply {n} Vulnerable.,Apply 3 Vulnerable.,취약을 3 부여합니다.,3,"{""damage"":33,""block"":null,""hit_count"":null,""cards_draw"":null,""energy_gain"":null,""hp_loss"":null,""vars"":{""Damage"":33,""VulnerablePower"":3,""Vulnerable"":3,""WeakPower"":3,""Weak"":3,""StarCost"":5},""upgrade"":{""damage"":""+11""}}"
COMPACT,압축,Compact,defect,Uncommon,E1,body,1,block,방어도,positive_or_mixed,False,Gain {n} Block.,Gain 6 Block.,방어도를 6 얻습니다.,6,"{""damage"":null,""block"":6,""hit_count"":null,""cards_draw"":null,""energy_gain"":null,""hp_loss"":null,""vars"":{""Block"":6},""upgrade"":{""block"":""+1""}}"
COMPACT,압축,Compact,defect,Uncommon,E1,body,2,card_transform,변화,positive_or_mixed,False,Transform all Status cards in your Hand into Fuel.,Transform all Status cards in your Hand into Fuel.,손에 있는 모든 상태이상 카드를 연료로 변화시킵니다.,,"{""damage"":null,""block"":6,""hit_count"":null,""cards_draw"":null,""energy_gain"":null,""hp_loss"":null,""vars"":{""Block"":6},""upgrade"":{""block"":""+1""}}"
COMPACT,압축,Compact,defect,Uncommon,E1,body,2,status_penalty,상태/저주 페널티,positive_or_mixed,False,Transform all Status cards in your Hand into Fuel.,Transform all Status cards in your Hand into Fuel.,손에 있는 모든 상태이상 카드를 연료로 변화시킵니다.,,"{""damage"":null,""block"":6,""hit_count"":null,""cards_draw"":null,""energy_gain"":null,""hp_loss"":null,""vars"":{""Block"":6},""upgrade"":{""block"":""+1""}}"
COMPILE_DRIVER,컴파일 드라이버,Compile Driver,defect,Common,E1,body,1,damage,피해,positive_or_mixed,False,Deal {n} damage.,Deal 7 damage.,피해를 7 줍니다.,7,"{""damage"":7,""block"":null,""hit_count"":null,""cards_draw"":null,""energy_gain"":null,""hp_loss"":null,""vars"":{""Damage"":7,""CalculationBase"":0,""CalculationExtra"":1},""upgrade"":{""damage"":""+3""}}"
COMPILE_DRIVER,컴파일 드라이버,Compile Driver,defect,Common,E1,body,2,draw,카드 뽑기,positive_or_mixed,True,Draw {n} card for each unique Orb you have.,Draw 1 card for each unique Orb you have.,영창된 구체의 종류 하나당 카드를 1장 뽑습니다.,1,"{""damage"":7,""block"":null,""hit_count"":null,""cards_draw"":null,""energy_gain"":null,""hp_loss"":null,""vars"":{""Damage"":7,""CalculationBase"":0,""CalculationExtra"":1},""upgrade"":{""damage"":""+3""}}"
COMPILE_DRIVER,컴파일 드라이버,Compile Driver,defect,Common,E1,body,2,orb,구체,positive_or_mixed,True,Draw {n} card for each unique Orb you have.,Draw 1 card for each unique Orb you have.,영창된 구체의 종류 하나당 카드를 1장 뽑습니다.,1,"{""damage"":7,""block"":null,""hit_count"":null,""cards_draw"":null,""energy_gain"":null,""hp_loss"":null,""vars"":{""Damage"":7,""CalculationBase"":0,""CalculationExtra"":1},""upgrade"":{""damage"":""+3""}}"
COMPILE_DRIVER,컴파일 드라이버,Compile Driver,defect,Common,E1,body,2,scaling,가변/스케일링,positive_or_mixed,True,Draw {n} card for each unique Orb you have.,Draw 1 card for each unique Orb you have.,영창된 구체의 종류 하나당 카드를 1장 뽑습니다.,1,"{""damage"":7,""block"":null,""hit_count"":null,""cards_draw"":null,""energy_gain"":null,""hp_loss"":null,""vars"":{""Damage"":7,""CalculationBase"":0,""CalculationExtra"":1},""upgrade"":{""damage"":""+3""}}"
CONFLAGRATION,대화재,Conflagration,ironclad,Rare,E1,body,1,damage,피해,positive_or_mixed,False,Deal {n} damage to ALL enemies {n} times.,Deal 2 damage to ALL enemies 4 times.,모든 적에게 피해를 2만큼 4번 줍니다.,2|4,"{""damage"":2,""block"":null,""hit_count"":4,""cards_draw"":null,""energy_gain"":null,""hp_loss"":null,""vars"":{""Damage"":2,""Repeat"":4},""upgrade"":{""repeat"":""+1""}}"
CONQUEROR,정복자,Conqueror,regent,Uncommon,E1,body,1,forge,제련,positive_or_mixed,False,Forge {n}.,Forge 3.,단조 3.,3,"{""damage"":null,""block"":null,""hit_count"":null,""cards_draw"":null,""energy_gain"":null,""hp_loss"":null,""vars"":{""Forge"":3},""upgrade"":{""forge"":""+2""}}"
CONQUEROR,정복자,Conqueror,regent,Uncommon,E1,body,2,damage,피해,positive_or_mixed,True,Sovereign Blade deals double damage to the enemy this turn.,Sovereign Blade deals double damage to the enemy this turn.,이번 턴 동안 대상 적이 군주의 칼날로 받는 피해량이 2배가 됩니다.,,"{""damage"":null,""block"":null,""hit_count"":null,""cards_draw"":null,""energy_gain"":null,""hp_loss"":null,""vars"":{""Forge"":3},""upgrade"":{""forge"":""+2""}}"
CONQUEROR,정복자,Conqueror,regent,Uncommon,E1,body,2,forge,제련,positive_or_mixed,True,Sovereign Blade deals double damage to the enemy this turn.,Sovereign Blade deals double damage to the enemy this turn.,이번 턴 동안 대상 적이 군주의 칼날로 받는 피해량이 2배가 됩니다.,,"{""damage"":null,""block"":null,""hit_count"":null,""cards_draw"":null,""energy_gain"":null,""hp_loss"":null,""vars"":{""Forge"":3},""upgrade"":{""forge"":""+2""}}"
CONQUEROR,정복자,Conqueror,regent,Uncommon,E1,body,2,scaling,가변/스케일링,positive_or_mixed,True,Sovereign Blade deals double damage to the enemy this turn.,Sovereign Blade deals double damage to the enemy this turn.,이번 턴 동안 대상 적이 군주의 칼날로 받는 피해량이 2배가 됩니다.,,"{""damage"":null,""block"":null,""hit_count"":null,""cards_draw"":null,""energy_gain"":null,""hp_loss"":null,""vars"":{""Forge"":3},""upgrade"":{""forge"":""+2""}}"
CONSUMING_SHADOW,그림자 소모,Consuming Shadow,defect,Rare,E2,body,1,orb,구체,positive_or_mixed,False,Channel {n} Dark.,Channel 2 Dark.,암흑을 2번 영창합니다.,2,"{""damage"":null,""block"":null,""hit_count"":null,""cards_draw"":null,""energy_gain"":null,""hp_loss"":null,""vars"":{""Repeat"":2,""ConsumingShadowPower"":1,""ConsumingShadow"":1},""upgrade"":{""repeat"":""+1""}}"
CONSUMING_SHADOW,그림자 소모,Consuming Shadow,defect,Rare,E2,body,2,orb,구체,positive_or_mixed,False,"At the end of your turn, Evoke your leftmost Orb.","At the end of your turn, Evoke your leftmost Orb.","내 턴 종료 시, 가장 왼쪽의 구체를 발현합니다.",,"{""damage"":null,""block"":null,""hit_count"":null,""cards_draw"":null,""energy_gain"":null,""hp_loss"":null,""vars"":{""Repeat"":2,""ConsumingShadowPower"":1,""ConsumingShadow"":1},""upgrade"":{""repeat"":""+1""}}"
CONSUMING_SHADOW,그림자 소모,Consuming Shadow,defect,Rare,E2,body,2,trigger,지속/발동기,positive_or_mixed,False,"At the end of your turn, Evoke your leftmost Orb.","At the end of your turn, Evoke your leftmost Orb.","내 턴 종료 시, 가장 왼쪽의 구체를 발현합니다.",,"{""damage"":null,""block"":null,""hit_count"":null,""cards_draw"":null,""energy_gain"":null,""hp_loss"":null,""vars"":{""Repeat"":2,""ConsumingShadowPower"":1,""ConsumingShadow"":1},""upgrade"":{""repeat"":""+1""}}"
CONVERGENCE,수렴,Convergence,regent,Uncommon,E1,body,1,energy,에너지,positive_or_mixed,False,"Next turn, gain {n} Energy and {n} Stars.","Next turn, gain 1 Energy and 1 Stars.","다음 턴에, 1 Energy와 1 Stars을 얻습니다.",1|1,"{""damage"":null,""block"":null,""hit_count"":null,""cards_draw"":null,""energy_gain"":1,""hp_loss"":null,""vars"":{""Energy"":1,""Stars"":1},""upgrade"":{""stars"":""+1""}}"
CONVERGENCE,수렴,Convergence,regent,Uncommon,E1,body,1,stars,별,positive_or_mixed,False,"Next turn, gain {n} Energy and {n} Stars.","Next turn, gain 1 Energy and 1 Stars.","다음 턴에, 1 Energy와 1 Stars을 얻습니다.",1|1,"{""damage"":null,""block"":null,""hit_count"":null,""cards_draw"":null,""energy_gain"":1,""hp_loss"":null,""vars"":{""Energy"":1,""Stars"":1},""upgrade"":{""stars"":""+1""}}"
CONVERGENCE,수렴,Convergence,regent,Uncommon,E1,body,1,trigger,지속/발동기,positive_or_mixed,False,"Next turn, gain {n} Energy and {n} Stars.","Next turn, gain 1 Energy and 1 Stars.","다음 턴에, 1 Energy와 1 Stars을 얻습니다.",1|1,"{""damage"":null,""block"":null,""hit_count"":null,""cards_draw"":null,""energy_gain"":1,""hp_loss"":null,""vars"":{""Energy"":1,""Stars"":1},""upgrade"":{""stars"":""+1""}}"
CONVERGENCE,수렴,Convergence,regent,Uncommon,E1,body,2,retain,보존,positive_or_mixed,False,Retain your Hand this turn.,Retain your Hand this turn.,이번 턴에 손에 있는 카드를 보존합니다.,,"{""damage"":null,""block"":null,""hit_count"":null,""cards_draw"":null,""energy_gain"":1,""hp_loss"":null,""vars"":{""Energy"":1,""Stars"":1},""upgrade"":{""stars"":""+1""}}"
COOLANT,냉각재,Coolant,defect,Rare,E1,body,1,block,방어도,positive_or_mixed,True,"At the start of your turn, gain {n} Block for each unique Orb you have.","At the start of your turn, gain 2 Block for each unique Orb you have.","내 턴 시작 시, 영창된 구체의 종류 하나당 방어도를 2 얻습니다.",2,"{""damage"":null,""block"":null,""hit_count"":null,""cards_draw"":null,""energy_gain"":null,""hp_loss"":null,""vars"":{""CoolantPower"":2,""Coolant"":2},""upgrade"":{""coolantpower"":""+1""}}"
COOLANT,냉각재,Coolant,defect,Rare,E1,body,1,orb,구체,positive_or_mixed,True,"At the start of your turn, gain {n} Block for each unique Orb you have.","At the start of your turn, gain 2 Block for each unique Orb you have.","내 턴 시작 시, 영창된 구체의 종류 하나당 방어도를 2 얻습니다.",2,"{""damage"":null,""block"":null,""hit_count"":null,""cards_draw"":null,""energy_gain"":null,""hp_loss"":null,""vars"":{""CoolantPower"":2,""Coolant"":2},""upgrade"":{""coolantpower"":""+1""}}"
COOLANT,냉각재,Coolant,defect,Rare,E1,body,1,scaling,가변/스케일링,positive_or_mixed,True,"At the start of your turn, gain {n} Block for each unique Orb you have.","At the start of your turn, gain 2 Block for each unique Orb you have.","내 턴 시작 시, 영창된 구체의 종류 하나당 방어도를 2 얻습니다.",2,"{""damage"":null,""block"":null,""hit_count"":null,""cards_draw"":null,""energy_gain"":null,""hp_loss"":null,""vars"":{""CoolantPower"":2,""Coolant"":2},""upgrade"":{""coolantpower"":""+1""}}"
COOLANT,냉각재,Coolant,defect,Rare,E1,body,1,trigger,지속/발동기,positive_or_mixed,True,"At the start of your turn, gain {n} Block for each unique Orb you have.","At the start of your turn, gain 2 Block for each unique Orb you have.","내 턴 시작 시, 영창된 구체의 종류 하나당 방어도를 2 얻습니다.",2,"{""damage"":null,""block"":null,""hit_count"":null,""cards_draw"":null,""energy_gain"":null,""hp_loss"":null,""vars"":{""CoolantPower"":2,""Coolant"":2},""upgrade"":{""coolantpower"":""+1""}}"
COOLHEADED,냉정함,Coolheaded,defect,Common,E1,body,1,orb,구체,positive_or_mixed,False,Channel {n} Frost.,Channel 1 Frost.,냉기를 1번 영창합니다.,1,"{""damage"":null,""block"":null,""hit_count"":null,""cards_draw"":1,""energy_gain"":null,""hp_loss"":null,""vars"":{""Cards"":1},""upgrade"":{""cards"":""+1""}}"
COOLHEADED,냉정함,Coolheaded,defect,Common,E1,body,2,draw,카드 뽑기,positive_or_mixed,False,Draw {n} card.,Draw 1 card.,카드를 1장 뽑습니다.,1,"{""damage"":null,""block"":null,""hit_count"":null,""cards_draw"":1,""energy_gain"":null,""hp_loss"":null,""vars"":{""Cards"":1},""upgrade"":{""cards"":""+1""}}"
COORDINATE,협력,Coordinate,colorless,Uncommon,E1,body,1,ally,협동,positive_or_mixed,False,Give another player {n} Strength this turn.,Give another player 5 Strength this turn.,이번 턴 동안 다른 플레이어에게 힘을 5 줍니다.,5,"{""damage"":null,""block"":null,""hit_count"":null,""cards_draw"":null,""energy_gain"":null,""hp_loss"":null,""vars"":{""StrengthPower"":5,""Strength"":5},""upgrade"":{""strength"":""+3""}}"
COORDINATE,협력,Coordinate,colorless,Uncommon,E1,body,1,buff,강화 효과,positive_or_mixed,False,Give another player {n} Strength this turn.,Give another player 5 Strength this turn.,이번 턴 동안 다른 플레이어에게 힘을 5 줍니다.,5,"{""damage"":null,""block"":null,""hit_count"":null,""cards_draw"":null,""energy_gain"":null,""hp_loss"":null,""vars"":{""StrengthPower"":5,""Strength"":5},""upgrade"":{""strength"":""+3""}}"
CORROSIVE_WAVE,부식성 파도,Corrosive Wave,silent,Rare,E1,body,1,draw,카드 뽑기,positive_or_mixed,False,"Whenever you draw a card this turn, apply {n} Poison to ALL enemies.","Whenever you draw a card this turn, apply 2 Poison to ALL enemies.","이번 턴에 카드를 뽑을 때마다, 모든 적에게 중독을 2 부여합니다.",2,"{""damage"":null,""block"":null,""hit_count"":null,""cards_draw"":null,""energy_gain"":null,""hp_loss"":null,""vars"":{""CorrosiveWave"":2},""upgrade"":{""corrosivewave"":""+1""}}"
CORROSIVE_WAVE,부식성 파도,Corrosive Wave,silent,Rare,E1,body,1,debuff,약화 효과,positive_or_mixed,False,"Whenever you draw a card this turn, apply {n} Poison to ALL enemies.","Whenever you draw a card this turn, apply 2 Poison to ALL enemies.","이번 턴에 카드를 뽑을 때마다, 모든 적에게 중독을 2 부여합니다.",2,"{""damage"":null,""block"":null,""hit_count"":null,""cards_draw"":null,""energy_gain"":null,""hp_loss"":null,""vars"":{""CorrosiveWave"":2},""upgrade"":{""corrosivewave"":""+1""}}"
CORROSIVE_WAVE,부식성 파도,Corrosive Wave,silent,Rare,E1,body,1,trigger,지속/발동기,positive_or_mixed,False,"Whenever you draw a card this turn, apply {n} Poison to ALL enemies.","Whenever you draw a card this turn, apply 2 Poison to ALL enemies.","이번 턴에 카드를 뽑을 때마다, 모든 적에게 중독을 2 부여합니다.",2,"{""damage"":null,""block"":null,""hit_count"":null,""cards_draw"":null,""energy_gain"":null,""hp_loss"":null,""vars"":{""CorrosiveWave"":2},""upgrade"":{""corrosivewave"":""+1""}}"
CORRUPTION,타락,Corruption,ironclad,Ancient,E3,body,1,card_cost,비용 변화,positive_or_mixed,False,Skills cost {n} Energy.,Skills cost 0 Energy.,스킬 카드의 비용이 0 Energy이 됩니다.,0,"{""damage"":null,""block"":null,""hit_count"":null,""cards_draw"":null,""energy_gain"":null,""hp_loss"":null,""vars"":{""Power"":1},""upgrade"":{""cost"":2}}"
CORRUPTION,타락,Corruption,ironclad,Ancient,E3,body,1,energy,에너지,positive_or_mixed,False,Skills cost {n} Energy.,Skills cost 0 Energy.,스킬 카드의 비용이 0 Energy이 됩니다.,0,"{""damage"":null,""block"":null,""hit_count"":null,""cards_draw"":null,""energy_gain"":null,""hp_loss"":null,""vars"":{""Power"":1},""upgrade"":{""cost"":2}}"
CORRUPTION,타락,Corruption,ironclad,Ancient,E3,body,2,exhaust,소멸시키기,positive_or_mixed,False,"Whenever you play a Skill, Exhaust it.","Whenever you play a Skill, Exhaust it.",스킬 카드를 사용할 때마다 그 카드를 소멸시킵니다.,,"{""damage"":null,""block"":null,""hit_count"":null,""cards_draw"":null,""energy_gain"":null,""hp_loss"":null,""vars"":{""Power"":1},""upgrade"":{""cost"":2}}"
CORRUPTION,타락,Corruption,ironclad,Ancient,E3,body,2,card_play,추가 사용/재사용,positive_or_mixed,False,"Whenever you play a Skill, Exhaust it.","Whenever you play a Skill, Exhaust it.",스킬 카드를 사용할 때마다 그 카드를 소멸시킵니다.,,"{""damage"":null,""block"":null,""hit_count"":null,""cards_draw"":null,""energy_gain"":null,""hp_loss"":null,""vars"":{""Power"":1},""upgrade"":{""cost"":2}}"
CORRUPTION,타락,Corruption,ironclad,Ancient,E3,body,2,trigger,지속/발동기,positive_or_mixed,False,"Whenever you play a Skill, Exhaust it.","Whenever you play a Skill, Exhaust it.",스킬 카드를 사용할 때마다 그 카드를 소멸시킵니다.,,"{""damage"":null,""block"":null,""hit_count"":null,""cards_draw"":null,""energy_gain"":null,""hp_loss"":null,""vars"":{""Power"":1},""upgrade"":{""cost"":2}}"
COSMIC_INDIFFERENCE,우주적 무관심,Cosmic Indifference,regent,Common,E1,body,1,block,방어도,positive_or_mixed,False,Gain {n} Block.,Gain 6 Block.,방어도를 6 얻습니다.,6,"{""damage"":null,""block"":6,""hit_count"":null,""cards_draw"":null,""energy_gain"":null,""hp_loss"":null,""vars"":{""Block"":6},""upgrade"":{""block"":""+3""}}"
COSMIC_INDIFFERENCE,우주적 무관심,Cosmic Indifference,regent,Common,E1,body,2,draw,카드 뽑기,positive_or_mixed,False,Put a card from your Discard Pile on top of your Draw Pile.,Put a card from your Discard Pile on top of your Draw Pile.,버린 카드 더미의 카드 1장을 뽑을 카드 더미 맨 위에 놓습니다.,,"{""damage"":null,""block"":6,""hit_count"":null,""cards_draw"":null,""energy_gain"":null,""hp_loss"":null,""vars"":{""Block"":6},""upgrade"":{""block"":""+3""}}"
COSMIC_INDIFFERENCE,우주적 무관심,Cosmic Indifference,regent,Common,E1,body,2,discard,버리기,positive_or_mixed,False,Put a card from your Discard Pile on top of your Draw Pile.,Put a card from your Discard Pile on top of your Draw Pile.,버린 카드 더미의 카드 1장을 뽑을 카드 더미 맨 위에 놓습니다.,,"{""damage"":null,""block"":6,""hit_count"":null,""cards_draw"":null,""energy_gain"":null,""hp_loss"":null,""vars"":{""Block"":6},""upgrade"":{""block"":""+3""}}"
COSMIC_INDIFFERENCE,우주적 무관심,Cosmic Indifference,regent,Common,E1,body,2,card_move,카드 이동/탐색,positive_or_mixed,False,Put a card from your Discard Pile on top of your Draw Pile.,Put a card from your Discard Pile on top of your Draw Pile.,버린 카드 더미의 카드 1장을 뽑을 카드 더미 맨 위에 놓습니다.,,"{""damage"":null,""block"":6,""hit_count"":null,""cards_draw"":null,""energy_gain"":null,""hp_loss"":null,""vars"":{""Block"":6},""upgrade"":{""block"":""+3""}}"
COUNTDOWN,카운트다운,Countdown,necrobinder,Uncommon,E1,body,1,debuff,약화 효과,positive_or_mixed,False,"At the start of your turn, apply {n} Doom to a random enemy.","At the start of your turn, apply 6 Doom to a random enemy.","내 턴 시작 시, 무작위 적에게 종말을 6 부여합니다.",6,"{""damage"":null,""block"":null,""hit_count"":null,""cards_draw"":null,""energy_gain"":null,""hp_loss"":null,""vars"":{""CountdownPower"":6,""Countdown"":6},""upgrade"":{""countdownpower"":""+3""}}"
COUNTDOWN,카운트다운,Countdown,necrobinder,Uncommon,E1,body,1,trigger,지속/발동기,positive_or_mixed,False,"At the start of your turn, apply {n} Doom to a random enemy.","At the start of your turn, apply 6 Doom to a random enemy.","내 턴 시작 시, 무작위 적에게 종말을 6 부여합니다.",6,"{""damage"":null,""block"":null,""hit_count"":null,""cards_draw"":null,""energy_gain"":null,""hp_loss"":null,""vars"":{""CountdownPower"":6,""Countdown"":6},""upgrade"":{""countdownpower"":""+3""}}"
CRASH_LANDING,불시착,Crash Landing,regent,Rare,E1,body,1,damage,피해,positive_or_mixed,False,Deal {n} damage to ALL enemies.,Deal 21 damage to ALL enemies.,모든 적에게 피해를 21 줍니다.,21,"{""damage"":21,""block"":null,""hit_count"":null,""cards_draw"":null,""energy_gain"":null,""hp_loss"":null,""vars"":{""Damage"":21},""upgrade"":{""damage"":""+5""}}"
CRASH_LANDING,불시착,Crash Landing,regent,Rare,E1,body,2,card_create,카드 생성,positive_or_mixed,False,Fill your Hand with Debris.,Fill your Hand with Debris.,손을 잔해로 가득 채웁니다.,,"{""damage"":21,""block"":null,""hit_count"":null,""cards_draw"":null,""energy_gain"":null,""hp_loss"":null,""vars"":{""Damage"":21},""upgrade"":{""damage"":""+5""}}"
CREATIVE_AI,창의적인 인공지능,Creative AI,defect,Rare,E3,body,1,card_create,카드 생성,positive_or_mixed,False,"At the start of your turn, add a random Power into your Hand.","At the start of your turn, add a random Power into your Hand.","내 턴 시작 시, 무작위 파워 카드를 1장 손으로 가져옵니다.",,"{""damage"":null,""block"":null,""hit_count"":null,""cards_draw"":null,""energy_gain"":null,""hp_loss"":null,""vars"":{""CreativeAi"":1},""upgrade"":{""cost"":2}}"
CREATIVE_AI,창의적인 인공지능,Creative AI,defect,Rare,E3,body,1,card_move,카드 이동/탐색,positive_or_mixed,False,"At the start of your turn, add a random Power into your Hand.","At the start of your turn, add a random Power into your Hand.","내 턴 시작 시, 무작위 파워 카드를 1장 손으로 가져옵니다.",,"{""damage"":null,""block"":null,""hit_count"":null,""cards_draw"":null,""energy_gain"":null,""hp_loss"":null,""vars"":{""CreativeAi"":1},""upgrade"":{""cost"":2}}"
CREATIVE_AI,창의적인 인공지능,Creative AI,defect,Rare,E3,body,1,trigger,지속/발동기,positive_or_mixed,False,"At the start of your turn, add a random Power into your Hand.","At the start of your turn, add a random Power into your Hand.","내 턴 시작 시, 무작위 파워 카드를 1장 손으로 가져옵니다.",,"{""damage"":null,""block"":null,""hit_count"":null,""cards_draw"":null,""energy_gain"":null,""hp_loss"":null,""vars"":{""CreativeAi"":1},""upgrade"":{""cost"":2}}"
CRESCENT_SPEAR,초승달 창,Crescent Spear,regent,Common,E1+S1,body,1,damage,피해,positive_or_mixed,False,Deal {n} damage.,Deal 8 damage.,피해를 8 줍니다.,8,"{""damage"":8,""block"":null,""hit_count"":null,""cards_draw"":null,""energy_gain"":null,""hp_loss"":null,""vars"":{""CalculationBase"":8,""ExtraDamage"":2,""CalculatedDamage"":8,""StarCost"":1},""upgrade"":{""extradamage"":""+1""}}"
CRESCENT_SPEAR,초승달 창,Crescent Spear,regent,Common,E1+S1,body,2,damage,피해,positive_or_mixed,True,Deals {n} additional damage for ALL your cards that have a {n} Stars cost.,Deals 2 additional damage for ALL your cards that have a 1 Stars cost.,보유한 카드 중 1 Stars 비용을 지닌 카드 1장당 피해량이 2 증가합니다.,2|1,"{""damage"":8,""block"":null,""hit_count"":null,""cards_draw"":null,""energy_gain"":null,""hp_loss"":null,""vars"":{""CalculationBase"":8,""ExtraDamage"":2,""CalculatedDamage"":8,""StarCost"":1},""upgrade"":{""extradamage"":""+1""}}"
CRESCENT_SPEAR,초승달 창,Crescent Spear,regent,Common,E1+S1,body,2,card_cost,비용 변화,positive_or_mixed,True,Deals {n} additional damage for ALL your cards that have a {n} Stars cost.,Deals 2 additional damage for ALL your cards that have a 1 Stars cost.,보유한 카드 중 1 Stars 비용을 지닌 카드 1장당 피해량이 2 증가합니다.,2|1,"{""damage"":8,""block"":null,""hit_count"":null,""cards_draw"":null,""energy_gain"":null,""hp_loss"":null,""vars"":{""CalculationBase"":8,""ExtraDamage"":2,""CalculatedDamage"":8,""StarCost"":1},""upgrade"":{""extradamage"":""+1""}}"
CRESCENT_SPEAR,초승달 창,Crescent Spear,regent,Common,E1+S1,body,2,stars,별,positive_or_mixed,True,Deals {n} additional damage for ALL your cards that have a {n} Stars cost.,Deals 2 additional damage for ALL your cards that have a 1 Stars cost.,보유한 카드 중 1 Stars 비용을 지닌 카드 1장당 피해량이 2 증가합니다.,2|1,"{""damage"":8,""block"":null,""hit_count"":null,""cards_draw"":null,""energy_gain"":null,""hp_loss"":null,""vars"":{""CalculationBase"":8,""ExtraDamage"":2,""CalculatedDamage"":8,""StarCost"":1},""upgrade"":{""extradamage"":""+1""}}"
CRESCENT_SPEAR,초승달 창,Crescent Spear,regent,Common,E1+S1,body,2,scaling,가변/스케일링,positive_or_mixed,True,Deals {n} additional damage for ALL your cards that have a {n} Stars cost.,Deals 2 additional damage for ALL your cards that have a 1 Stars cost.,보유한 카드 중 1 Stars 비용을 지닌 카드 1장당 피해량이 2 증가합니다.,2|1,"{""damage"":8,""block"":null,""hit_count"":null,""cards_draw"":null,""energy_gain"":null,""hp_loss"":null,""vars"":{""CalculationBase"":8,""ExtraDamage"":2,""CalculatedDamage"":8,""StarCost"":1},""upgrade"":{""extradamage"":""+1""}}"
CRIMSON_MANTLE,핏빛 망토,Crimson Mantle,ironclad,Rare,E1,body,1,block,방어도,negative_or_cost,False,"At the start of your turn, lose {n} HP and gain {n} Block.","At the start of your turn, lose 1 HP and gain 8 Block.","내 턴 시작 시, 체력을 1 잃고 방어도를 8 얻습니다.",1|8,"{""damage"":null,""block"":null,""hit_count"":null,""cards_draw"":null,""energy_gain"":null,""hp_loss"":null,""vars"":{""CrimsonMantlePower"":8,""CrimsonMantle"":8},""upgrade"":{""crimsonmantlepower"":""+2""}}"
CRIMSON_MANTLE,핏빛 망토,Crimson Mantle,ironclad,Rare,E1,body,1,hp,체력,negative_or_cost,False,"At the start of your turn, lose {n} HP and gain {n} Block.","At the start of your turn, lose 1 HP and gain 8 Block.","내 턴 시작 시, 체력을 1 잃고 방어도를 8 얻습니다.",1|8,"{""damage"":null,""block"":null,""hit_count"":null,""cards_draw"":null,""energy_gain"":null,""hp_loss"":null,""vars"":{""CrimsonMantlePower"":8,""CrimsonMantle"":8},""upgrade"":{""crimsonmantlepower"":""+2""}}"
CRIMSON_MANTLE,핏빛 망토,Crimson Mantle,ironclad,Rare,E1,body,1,trigger,지속/발동기,negative_or_cost,False,"At the start of your turn, lose {n} HP and gain {n} Block.","At the start of your turn, lose 1 HP and gain 8 Block.","내 턴 시작 시, 체력을 1 잃고 방어도를 8 얻습니다.",1|8,"{""damage"":null,""block"":null,""hit_count"":null,""cards_draw"":null,""energy_gain"":null,""hp_loss"":null,""vars"":{""CrimsonMantlePower"":8,""CrimsonMantle"":8},""upgrade"":{""crimsonmantlepower"":""+2""}}"
CRUELTY,악랄함,Cruelty,ironclad,Rare,E1,body,1,damage,피해,negative_or_cost,False,Vulnerable enemies take an additional {n}% damage.,Vulnerable enemies take an additional 25% damage.,취약 상태의 적이 받는 피해가 25% 증가합니다.,25,"{""damage"":null,""block"":null,""hit_count"":null,""cards_draw"":null,""energy_gain"":null,""hp_loss"":null,""vars"":{""CrueltyPower"":25,""Cruelty"":25},""upgrade"":{""crueltypower"":""+25""}}"
CRUELTY,악랄함,Cruelty,ironclad,Rare,E1,body,1,debuff,약화 효과,negative_or_cost,False,Vulnerable enemies take an additional {n}% damage.,Vulnerable enemies take an additional 25% damage.,취약 상태의 적이 받는 피해가 25% 증가합니다.,25,"{""damage"":null,""block"":null,""hit_count"":null,""cards_draw"":null,""energy_gain"":null,""hp_loss"":null,""vars"":{""CrueltyPower"":25,""Cruelty"":25},""upgrade"":{""crueltypower"":""+25""}}"
CRUSH_UNDER,지면 파쇄,Crush Under,regent,Common,E1,body,1,damage,피해,positive_or_mixed,False,Deal {n} damage to ALL enemies.,Deal 7 damage to ALL enemies.,모든 적에게 피해를 7 줍니다.,7,"{""damage"":7,""block"":null,""hit_count"":null,""cards_draw"":null,""energy_gain"":null,""hp_loss"":null,""vars"":{""StrengthLoss"":1,""Damage"":7},""upgrade"":{""damage"":""+1"",""strengthloss"":""+1""}}"
CRUSH_UNDER,지면 파쇄,Crush Under,regent,Common,E1,body,2,buff,강화 효과,negative_or_cost,False,All enemies lose {n} Strength this turn.,All enemies lose 1 Strength this turn.,모든 적이 이번 턴 동안 힘을 1 잃습니다.,1,"{""damage"":7,""block"":null,""hit_count"":null,""cards_draw"":null,""energy_gain"":null,""hp_loss"":null,""vars"":{""StrengthLoss"":1,""Damage"":7},""upgrade"":{""damage"":""+1"",""strengthloss"":""+1""}}"
CURSE_OF_THE_BELL,방울의 저주,Curse of the Bell,curse,Curse,E-1,body,1,empty,효과 없음,positive_or_mixed,False,(empty),,,,"{""damage"":null,""block"":null,""hit_count"":null,""cards_draw"":null,""energy_gain"":null,""hp_loss"":null,""vars"":null,""upgrade"":null}"
CURSE_OF_THE_BELL,방울의 저주,Curse of the Bell,curse,Curse,E-1,keyword,,keyword,카드 키워드,contextual,False,Keyword: Unplayable,Keyword: Unplayable,키워드: 사용불가,,"{""damage"":null,""block"":null,""hit_count"":null,""cards_draw"":null,""energy_gain"":null,""hp_loss"":null,""vars"":null,""upgrade"":null}"
CURSE_OF_THE_BELL,방울의 저주,Curse of the Bell,curse,Curse,E-1,keyword,,keyword,카드 키워드,contextual,False,Keyword: Eternal,Keyword: Eternal,키워드: 영구,,"{""damage"":null,""block"":null,""hit_count"":null,""cards_draw"":null,""energy_gain"":null,""hp_loss"":null,""vars"":null,""upgrade"":null}"
DAGGER_SPRAY,단검 분사,Dagger Spray,silent,Common,E1,body,1,damage,피해,positive_or_mixed,False,Deal {n} damage to ALL enemies twice.,Deal 4 damage to ALL enemies twice.,모든 적에게 피해를 4만큼 2번 줍니다.,4,"{""damage"":4,""block"":null,""hit_count"":2,""cards_draw"":null,""energy_gain"":null,""hp_loss"":null,""vars"":{""Damage"":4},""upgrade"":{""damage"":""+2""}}"
DAGGER_THROW,단검 투척,Dagger Throw,silent,Common,E1,body,1,damage,피해,positive_or_mixed,False,Deal {n} damage.,Deal 9 damage.,피해를 9 줍니다.,9,"{""damage"":9,""block"":null,""hit_count"":null,""cards_draw"":null,""energy_gain"":null,""hp_loss"":null,""vars"":{""Damage"":9},""upgrade"":{""damage"":""+3""}}"
DAGGER_THROW,단검 투척,Dagger Throw,silent,Common,E1,body,2,draw,카드 뽑기,positive_or_mixed,False,Draw {n} card.,Draw 1 card.,카드를 1장 뽑습니다.,1,"{""damage"":9,""block"":null,""hit_count"":null,""cards_draw"":null,""energy_gain"":null,""hp_loss"":null,""vars"":{""Damage"":9},""upgrade"":{""damage"":""+3""}}"
DAGGER_THROW,단검 투척,Dagger Throw,silent,Common,E1,body,3,discard,버리기,positive_or_mixed,False,Discard {n} card.,Discard 1 card.,카드를 1장 버립니다.,1,"{""damage"":9,""block"":null,""hit_count"":null,""cards_draw"":null,""energy_gain"":null,""hp_loss"":null,""vars"":{""Damage"":9},""upgrade"":{""damage"":""+3""}}"
DANSE_MACABRE,죽음의 무도,Danse Macabre,necrobinder,Uncommon,E1,body,1,block,방어도,positive_or_mixed,False,"Whenever you play a card that costs {n} Energy or more, gain {n} Block.","Whenever you play a card that costs 2 Energy or more, gain 4 Block.","비용이 2 Energy 이상인 카드를 사용할 때마다, 방어도를 4 얻습니다.",2|4,"{""damage"":null,""block"":null,""hit_count"":null,""cards_draw"":null,""energy_gain"":2,""hp_loss"":null,""vars"":{""Energy"":2,""DanseMacabrePower"":4,""DanseMacabre"":4},""upgrade"":{""dansemacabrepower"":""+2""}}"
DANSE_MACABRE,죽음의 무도,Danse Macabre,necrobinder,Uncommon,E1,body,1,card_cost,비용 변화,positive_or_mixed,False,"Whenever you play a card that costs {n} Energy or more, gain {n} Block.","Whenever you play a card that costs 2 Energy or more, gain 4 Block.","비용이 2 Energy 이상인 카드를 사용할 때마다, 방어도를 4 얻습니다.",2|4,"{""damage"":null,""block"":null,""hit_count"":null,""cards_draw"":null,""energy_gain"":2,""hp_loss"":null,""vars"":{""Energy"":2,""DanseMacabrePower"":4,""DanseMacabre"":4},""upgrade"":{""dansemacabrepower"":""+2""}}"
DANSE_MACABRE,죽음의 무도,Danse Macabre,necrobinder,Uncommon,E1,body,1,card_play,추가 사용/재사용,positive_or_mixed,False,"Whenever you play a card that costs {n} Energy or more, gain {n} Block.","Whenever you play a card that costs 2 Energy or more, gain 4 Block.","비용이 2 Energy 이상인 카드를 사용할 때마다, 방어도를 4 얻습니다.",2|4,"{""damage"":null,""block"":null,""hit_count"":null,""cards_draw"":null,""energy_gain"":2,""hp_loss"":null,""vars"":{""Energy"":2,""DanseMacabrePower"":4,""DanseMacabre"":4},""upgrade"":{""dansemacabrepower"":""+2""}}"
DANSE_MACABRE,죽음의 무도,Danse Macabre,necrobinder,Uncommon,E1,body,1,energy,에너지,positive_or_mixed,False,"Whenever you play a card that costs {n} Energy or more, gain {n} Block.","Whenever you play a card that costs 2 Energy or more, gain 4 Block.","비용이 2 Energy 이상인 카드를 사용할 때마다, 방어도를 4 얻습니다.",2|4,"{""damage"":null,""block"":null,""hit_count"":null,""cards_draw"":null,""energy_gain"":2,""hp_loss"":null,""vars"":{""Energy"":2,""DanseMacabrePower"":4,""DanseMacabre"":4},""upgrade"":{""dansemacabrepower"":""+2""}}"
DANSE_MACABRE,죽음의 무도,Danse Macabre,necrobinder,Uncommon,E1,body,1,trigger,지속/발동기,positive_or_mixed,False,"Whenever you play a card that costs {n} Energy or more, gain {n} Block.","Whenever you play a card that costs 2 Energy or more, gain 4 Block.","비용이 2 Energy 이상인 카드를 사용할 때마다, 방어도를 4 얻습니다.",2|4,"{""damage"":null,""block"":null,""hit_count"":null,""cards_draw"":null,""energy_gain"":2,""hp_loss"":null,""vars"":{""Energy"":2,""DanseMacabrePower"":4,""DanseMacabre"":4},""upgrade"":{""dansemacabrepower"":""+2""}}"
DARKNESS,어둠,Darkness,defect,Uncommon,E1,body,1,orb,구체,positive_or_mixed,False,Channel {n} Dark.,Channel 1 Dark.,암흑을 1번 영창합니다.,1,"{""damage"":null,""block"":null,""hit_count"":null,""cards_draw"":null,""energy_gain"":null,""hp_loss"":null,""vars"":null,""upgrade"":{""description_changed"":1}}"
DARKNESS,어둠,Darkness,defect,Uncommon,E1,body,2,orb,구체,positive_or_mixed,False,Trigger the passive ability of all Dark Orbs.,Trigger the passive ability of all Dark Orbs.,모든 암흑 구체의 지속 능력을 발동시킵니다.,,"{""damage"":null,""block"":null,""hit_count"":null,""cards_draw"":null,""energy_gain"":null,""hp_loss"":null,""vars"":null,""upgrade"":{""description_changed"":1}}"
DARK_EMBRACE,어둠의 포옹,Dark Embrace,ironclad,Rare,E2,body,1,draw,카드 뽑기,positive_or_mixed,False,"Whenever a card is Exhausted, draw {n} card.","Whenever a card is Exhausted, draw 1 card.","카드가 소멸될 때마다, 카드를 1장 뽑습니다.",1,"{""damage"":null,""block"":null,""hit_count"":null,""cards_draw"":null,""energy_gain"":null,""hp_loss"":null,""vars"":null,""upgrade"":{""cost"":1}}"
DARK_EMBRACE,어둠의 포옹,Dark Embrace,ironclad,Rare,E2,body,1,exhaust,소멸시키기,positive_or_mixed,False,"Whenever a card is Exhausted, draw {n} card.","Whenever a card is Exhausted, draw 1 card.","카드가 소멸될 때마다, 카드를 1장 뽑습니다.",1,"{""damage"":null,""block"":null,""hit_count"":null,""cards_draw"":null,""energy_gain"":null,""hp_loss"":null,""vars"":null,""upgrade"":{""cost"":1}}"
DARK_EMBRACE,어둠의 포옹,Dark Embrace,ironclad,Rare,E2,body,1,trigger,지속/발동기,positive_or_mixed,False,"Whenever a card is Exhausted, draw {n} card.","Whenever a card is Exhausted, draw 1 card.","카드가 소멸될 때마다, 카드를 1장 뽑습니다.",1,"{""damage"":null,""block"":null,""hit_count"":null,""cards_draw"":null,""energy_gain"":null,""hp_loss"":null,""vars"":null,""upgrade"":{""cost"":1}}"
DARK_SHACKLES,어둠의 족쇄,Dark Shackles,colorless,Uncommon,E0,body,1,debuff,약화 효과,positive_or_mixed,False,Enemy loses {n} Strength this turn.,Enemy loses 9 Strength this turn.,이번 턴에 적이 힘을 9 잃습니다.,9,"{""damage"":null,""block"":null,""hit_count"":null,""cards_draw"":null,""energy_gain"":null,""hp_loss"":null,""vars"":{""StrengthLoss"":9},""upgrade"":{""strengthloss"":""+6""}}"
DARK_SHACKLES,어둠의 족쇄,Dark Shackles,colorless,Uncommon,E0,body,1,buff,강화 효과,positive_or_mixed,False,Enemy loses {n} Strength this turn.,Enemy loses 9 Strength this turn.,이번 턴에 적이 힘을 9 잃습니다.,9,"{""damage"":null,""block"":null,""hit_count"":null,""cards_draw"":null,""energy_gain"":null,""hp_loss"":null,""vars"":{""StrengthLoss"":9},""upgrade"":{""strengthloss"":""+6""}}"
DARK_SHACKLES,어둠의 족쇄,Dark Shackles,colorless,Uncommon,E0,keyword,,keyword,카드 키워드,contextual,False,Keyword: Exhaust,Keyword: Exhaust,키워드: 소멸,,"{""damage"":null,""block"":null,""hit_count"":null,""cards_draw"":null,""energy_gain"":null,""hp_loss"":null,""vars"":{""StrengthLoss"":9},""upgrade"":{""strengthloss"":""+6""}}"
DASH,돌진,Dash,silent,Uncommon,E2,body,1,block,방어도,positive_or_mixed,False,Gain {n} Block.,Gain 10 Block.,방어도를 10 얻습니다.,10,"{""damage"":10,""block"":10,""hit_count"":null,""cards_draw"":null,""energy_gain"":null,""hp_loss"":null,""vars"":{""Damage"":10,""Block"":10},""upgrade"":{""damage"":""+3"",""block"":""+3""}}"
DASH,돌진,Dash,silent,Uncommon,E2,body,2,damage,피해,positive_or_mixed,False,Deal {n} damage.,Deal 10 damage.,피해를 10 줍니다.,10,"{""damage"":10,""block"":10,""hit_count"":null,""cards_draw"":null,""energy_gain"":null,""hp_loss"":null,""vars"":{""Damage"":10,""Block"":10},""upgrade"":{""damage"":""+3"",""block"":""+3""}}"
DAZED,어지러움,Dazed,status,Status,E-1,body,1,empty,효과 없음,positive_or_mixed,False,(empty),,,,"{""damage"":null,""block"":null,""hit_count"":null,""cards_draw"":null,""energy_gain"":null,""hp_loss"":null,""vars"":null,""upgrade"":null}"
DAZED,어지러움,Dazed,status,Status,E-1,keyword,,keyword,카드 키워드,contextual,False,Keyword: Ethereal,Keyword: Ethereal,키워드: 휘발성,,"{""damage"":null,""block"":null,""hit_count"":null,""cards_draw"":null,""energy_gain"":null,""hp_loss"":null,""vars"":null,""upgrade"":null}"
DAZED,어지러움,Dazed,status,Status,E-1,keyword,,keyword,카드 키워드,contextual,False,Keyword: Unplayable,Keyword: Unplayable,키워드: 사용불가,,"{""damage"":null,""block"":null,""hit_count"":null,""cards_draw"":null,""energy_gain"":null,""hp_loss"":null,""vars"":null,""upgrade"":null}"
DEADLY_POISON,맹독,Deadly Poison,silent,Common,E1,body,1,debuff,약화 효과,positive_or_mixed,False,Apply {n} Poison.,Apply 5 Poison.,중독을 5 부여합니다.,5,"{""damage"":null,""block"":null,""hit_count"":null,""cards_draw"":null,""energy_gain"":null,""hp_loss"":null,""vars"":{""PoisonPower"":5,""Poison"":5},""upgrade"":{""poison"":""+2""}}"
DEATHBRINGER,죽음 인도자,Deathbringer,necrobinder,Uncommon,E2,body,1,debuff,약화 효과,positive_or_mixed,False,Apply {n} Doom and {n} Weak to ALL enemies.,Apply 21 Doom and 1 Weak to ALL enemies.,"모든 적에게 종말을 21, 약화를 1 부여합니다.",21|1,"{""damage"":null,""block"":null,""hit_count"":null,""cards_draw"":null,""energy_gain"":null,""hp_loss"":null,""vars"":{""DoomPower"":21,""Doom"":21,""WeakPower"":1,""Weak"":1},""upgrade"":{""doom"":""+5""}}"
DEATHS_DOOR,죽음의 문턱,Death's Door,necrobinder,Uncommon,E1,body,1,block,방어도,positive_or_mixed,False,Gain {n} Block.,Gain 6 Block.,방어도를 6 얻습니다.,6,"{""damage"":null,""block"":6,""hit_count"":null,""cards_draw"":null,""energy_gain"":null,""hp_loss"":null,""vars"":{""Block"":6,""Repeat"":2},""upgrade"":{""block"":""+1""}}"
DEATHS_DOOR,죽음의 문턱,Death's Door,necrobinder,Uncommon,E1,body,2,block,방어도,positive_or_mixed,False,"If you applied Doom this turn, gain Block {n} additional times.","If you applied Doom this turn, gain Block 2 additional times.","이번 턴에 종말을 부여했다면, 방어도를 2번 추가로 얻습니다.",2,"{""damage"":null,""block"":6,""hit_count"":null,""cards_draw"":null,""energy_gain"":null,""hp_loss"":null,""vars"":{""Block"":6,""Repeat"":2},""upgrade"":{""block"":""+1""}}"
DEATHS_DOOR,죽음의 문턱,Death's Door,necrobinder,Uncommon,E1,body,2,debuff,약화 효과,positive_or_mixed,False,"If you applied Doom this turn, gain Block {n} additional times.","If you applied Doom this turn, gain Block 2 additional times.","이번 턴에 종말을 부여했다면, 방어도를 2번 추가로 얻습니다.",2,"{""damage"":null,""block"":6,""hit_count"":null,""cards_draw"":null,""energy_gain"":null,""hp_loss"":null,""vars"":{""Block"":6,""Repeat"":2},""upgrade"":{""block"":""+1""}}"
DEATHS_DOOR,죽음의 문턱,Death's Door,necrobinder,Uncommon,E1,body,2,trigger,지속/발동기,positive_or_mixed,False,"If you applied Doom this turn, gain Block {n} additional times.","If you applied Doom this turn, gain Block 2 additional times.","이번 턴에 종말을 부여했다면, 방어도를 2번 추가로 얻습니다.",2,"{""damage"":null,""block"":6,""hit_count"":null,""cards_draw"":null,""energy_gain"":null,""hp_loss"":null,""vars"":{""Block"":6,""Repeat"":2},""upgrade"":{""block"":""+1""}}"
DEATH_MARCH,죽음의 행진,Death March,necrobinder,Uncommon,E1,body,1,damage,피해,positive_or_mixed,False,Deal {n} damage.,Deal 8 damage.,피해를 8 줍니다.,8,"{""damage"":8,""block"":null,""hit_count"":null,""cards_draw"":null,""energy_gain"":null,""hp_loss"":null,""vars"":{""CalculationBase"":8,""ExtraDamage"":4,""CalculatedDamage"":8},""upgrade"":{""calculationbase"":""+1"",""extradamage"":""+2""}}"
DEATH_MARCH,죽음의 행진,Death March,necrobinder,Uncommon,E1,body,2,damage,피해,positive_or_mixed,True,Deals {n} additional damage for each card drawn during your turn.,Deals 4 additional damage for each card drawn during your turn.,내 턴 동안 뽑은 카드 1장당 피해량이 4 증가합니다.,4,"{""damage"":8,""block"":null,""hit_count"":null,""cards_draw"":null,""energy_gain"":null,""hp_loss"":null,""vars"":{""CalculationBase"":8,""ExtraDamage"":4,""CalculatedDamage"":8},""upgrade"":{""calculationbase"":""+1"",""extradamage"":""+2""}}"
DEATH_MARCH,죽음의 행진,Death March,necrobinder,Uncommon,E1,body,2,scaling,가변/스케일링,positive_or_mixed,True,Deals {n} additional damage for each card drawn during your turn.,Deals 4 additional damage for each card drawn during your turn.,내 턴 동안 뽑은 카드 1장당 피해량이 4 증가합니다.,4,"{""damage"":8,""block"":null,""hit_count"":null,""cards_draw"":null,""energy_gain"":null,""hp_loss"":null,""vars"":{""CalculationBase"":8,""ExtraDamage"":4,""CalculatedDamage"":8},""upgrade"":{""calculationbase"":""+1"",""extradamage"":""+2""}}"
DEBILITATE,쇠락,Debilitate,necrobinder,Uncommon,E1,body,1,damage,피해,positive_or_mixed,False,Deal {n} damage.,Deal 10 damage.,피해를 10 줍니다.,10,"{""damage"":10,""block"":null,""hit_count"":null,""cards_draw"":null,""energy_gain"":null,""hp_loss"":null,""vars"":{""Damage"":10,""DebilitatePower"":2,""Debilitate"":2},""upgrade"":{""damage"":""+2"",""debilitatepower"":""+1""}}"
DEBILITATE,쇠락,Debilitate,necrobinder,Uncommon,E1,body,2,debuff,약화 효과,positive_or_mixed,False,Vulnerable and Weak are twice as effective against the enemy for the next {n} turns.,Vulnerable and Weak are twice as effective against the enemy for the next 2 turns.,다음 2턴 동안 이 적을 대상으로 하는 취약과 약화의 효과가 2배가 됩니다.,2,"{""damage"":10,""block"":null,""hit_count"":null,""cards_draw"":null,""energy_gain"":null,""hp_loss"":null,""vars"":{""Damage"":10,""DebilitatePower"":2,""Debilitate"":2},""upgrade"":{""damage"":""+2"",""debilitatepower"":""+1""}}"
DEBRIS,잔해,Debris,status,Status,E1,body,1,empty,효과 없음,positive_or_mixed,False,(empty),,,,"{""damage"":null,""block"":null,""hit_count"":null,""cards_draw"":null,""energy_gain"":null,""hp_loss"":null,""vars"":null,""upgrade"":null}"
DEBRIS,잔해,Debris,status,Status,E1,keyword,,keyword,카드 키워드,contextual,False,Keyword: Exhaust,Keyword: Exhaust,키워드: 소멸,,"{""damage"":null,""block"":null,""hit_count"":null,""cards_draw"":null,""energy_gain"":null,""hp_loss"":null,""vars"":null,""upgrade"":null}"
DEBT,빚,Debt,curse,Curse,E-1,body,1,reward_meta,전투 외/보상,negative_or_cost,False,"At the end of your turn, if this is in your Hand, lose {n} Gold.","At the end of your turn, if this is in your Hand, lose 10 Gold.","내 턴 종료 시 이 카드가 손에 있다면, 골드를 10 잃습니다.",10,"{""damage"":null,""block"":null,""hit_count"":null,""cards_draw"":null,""energy_gain"":null,""hp_loss"":null,""vars"":{""Gold"":10},""upgrade"":null}"
DEBT,빚,Debt,curse,Curse,E-1,body,1,trigger,지속/발동기,negative_or_cost,False,"At the end of your turn, if this is in your Hand, lose {n} Gold.","At the end of your turn, if this is in your Hand, lose 10 Gold.","내 턴 종료 시 이 카드가 손에 있다면, 골드를 10 잃습니다.",10,"{""damage"":null,""block"":null,""hit_count"":null,""cards_draw"":null,""energy_gain"":null,""hp_loss"":null,""vars"":{""Gold"":10},""upgrade"":null}"
DEBT,빚,Debt,curse,Curse,E-1,keyword,,keyword,카드 키워드,contextual,False,Keyword: Unplayable,Keyword: Unplayable,키워드: 사용불가,,"{""damage"":null,""block"":null,""hit_count"":null,""cards_draw"":null,""energy_gain"":null,""hp_loss"":null,""vars"":{""Gold"":10},""upgrade"":null}"
DECAY,부패,Decay,curse,Curse,E-1,body,1,damage,피해,negative_or_cost,False,"At the end of your turn, if this is in your Hand, take {n} damage.","At the end of your turn, if this is in your Hand, take 2 damage.","내 턴 종료 시 이 카드가 손에 있다면, 피해를 2 받습니다.",2,"{""damage"":2,""block"":null,""hit_count"":null,""cards_draw"":null,""energy_gain"":null,""hp_loss"":null,""vars"":{""Damage"":2},""upgrade"":null}"
DECAY,부패,Decay,curse,Curse,E-1,body,1,trigger,지속/발동기,negative_or_cost,False,"At the end of your turn, if this is in your Hand, take {n} damage.","At the end of your turn, if this is in your Hand, take 2 damage.","내 턴 종료 시 이 카드가 손에 있다면, 피해를 2 받습니다.",2,"{""damage"":2,""block"":null,""hit_count"":null,""cards_draw"":null,""energy_gain"":null,""hp_loss"":null,""vars"":{""Damage"":2},""upgrade"":null}"
DECAY,부패,Decay,curse,Curse,E-1,keyword,,keyword,카드 키워드,contextual,False,Keyword: Unplayable,Keyword: Unplayable,키워드: 사용불가,,"{""damage"":2,""block"":null,""hit_count"":null,""cards_draw"":null,""energy_gain"":null,""hp_loss"":null,""vars"":{""Damage"":2},""upgrade"":null}"
DECISIONS_DECISIONS,어려운 결정,"Decisions, Decisions",regent,Rare,E0+S6,body,1,draw,카드 뽑기,positive_or_mixed,False,Draw {n} cards.,Draw 3 cards.,카드를 3장 뽑습니다.,3,"{""damage"":null,""block"":null,""hit_count"":null,""cards_draw"":3,""energy_gain"":null,""hp_loss"":null,""vars"":{""Cards"":3,""Repeat"":3,""StarCost"":6},""upgrade"":{""cards"":""+2""}}"
DECISIONS_DECISIONS,어려운 결정,"Decisions, Decisions",regent,Rare,E0+S6,body,2,card_move,카드 이동/탐색,positive_or_mixed,False,Choose a Skill in your Hand and play it {n} times.,Choose a Skill in your Hand and play it 3 times.,손에 있는 스킬 카드를 1장 선택해 3번 사용합니다.,3,"{""damage"":null,""block"":null,""hit_count"":null,""cards_draw"":3,""energy_gain"":null,""hp_loss"":null,""vars"":{""Cards"":3,""Repeat"":3,""StarCost"":6},""upgrade"":{""cards"":""+2""}}"
DECISIONS_DECISIONS,어려운 결정,"Decisions, Decisions",regent,Rare,E0+S6,body,2,card_play,추가 사용/재사용,positive_or_mixed,False,Choose a Skill in your Hand and play it {n} times.,Choose a Skill in your Hand and play it 3 times.,손에 있는 스킬 카드를 1장 선택해 3번 사용합니다.,3,"{""damage"":null,""block"":null,""hit_count"":null,""cards_draw"":3,""energy_gain"":null,""hp_loss"":null,""vars"":{""Cards"":3,""Repeat"":3,""StarCost"":6},""upgrade"":{""cards"":""+2""}}"
DECISIONS_DECISIONS,어려운 결정,"Decisions, Decisions",regent,Rare,E0+S6,keyword,,keyword,카드 키워드,contextual,False,Keyword: Exhaust,Keyword: Exhaust,키워드: 소멸,,"{""damage"":null,""block"":null,""hit_count"":null,""cards_draw"":3,""energy_gain"":null,""hp_loss"":null,""vars"":{""Cards"":3,""Repeat"":3,""StarCost"":6},""upgrade"":{""cards"":""+2""}}"
DEFEND_DEFECT,수비,Defend,defect,Basic,E1,body,1,block,방어도,positive_or_mixed,False,Gain {n} Block.,Gain 5 Block.,방어도를 5 얻습니다.,5,"{""damage"":null,""block"":5,""hit_count"":null,""cards_draw"":null,""energy_gain"":null,""hp_loss"":null,""vars"":{""Block"":5},""upgrade"":{""block"":""+3""}}"
DEFEND_IRONCLAD,수비,Defend,ironclad,Basic,E1,body,1,block,방어도,positive_or_mixed,False,Gain {n} Block.,Gain 5 Block.,방어도를 5 얻습니다.,5,"{""damage"":null,""block"":5,""hit_count"":null,""cards_draw"":null,""energy_gain"":null,""hp_loss"":null,""vars"":{""Block"":5},""upgrade"":{""block"":""+3""}}"
DEFEND_NECROBINDER,수비,Defend,necrobinder,Basic,E1,body,1,block,방어도,positive_or_mixed,False,Gain {n} Block.,Gain 5 Block.,방어도를 5 얻습니다.,5,"{""damage"":null,""block"":5,""hit_count"":null,""cards_draw"":null,""energy_gain"":null,""hp_loss"":null,""vars"":{""Block"":5},""upgrade"":{""block"":""+3""}}"
DEFEND_REGENT,수비,Defend,regent,Basic,E1,body,1,block,방어도,positive_or_mixed,False,Gain {n} Block.,Gain 5 Block.,방어도를 5 얻습니다.,5,"{""damage"":null,""block"":5,""hit_count"":null,""cards_draw"":null,""energy_gain"":null,""hp_loss"":null,""vars"":{""Block"":5},""upgrade"":{""block"":""+3""}}"
DEFEND_SILENT,수비,Defend,silent,Basic,E1,body,1,block,방어도,positive_or_mixed,False,Gain {n} Block.,Gain 5 Block.,방어도를 5 얻습니다.,5,"{""damage"":null,""block"":5,""hit_count"":null,""cards_draw"":null,""energy_gain"":null,""hp_loss"":null,""vars"":{""Block"":5},""upgrade"":{""block"":""+3""}}"
DEFILE,모독,Defile,necrobinder,Common,E1,body,1,damage,피해,positive_or_mixed,False,Deal {n} damage.,Deal 13 damage.,피해를 13 줍니다.,13,"{""damage"":13,""block"":null,""hit_count"":null,""cards_draw"":null,""energy_gain"":null,""hp_loss"":null,""vars"":{""Damage"":13},""upgrade"":{""damage"":""+4""}}"
DEFILE,모독,Defile,necrobinder,Common,E1,keyword,,keyword,카드 키워드,contextual,False,Keyword: Ethereal,Keyword: Ethereal,키워드: 휘발성,,"{""damage"":13,""block"":null,""hit_count"":null,""cards_draw"":null,""energy_gain"":null,""hp_loss"":null,""vars"":{""Damage"":13},""upgrade"":{""damage"":""+4""}}"
DEFLECT,튕겨내기,Deflect,silent,Common,E0,body,1,block,방어도,positive_or_mixed,False,Gain {n} Block.,Gain 4 Block.,방어도를 4 얻습니다.,4,"{""damage"":null,""block"":4,""hit_count"":null,""cards_draw"":null,""energy_gain"":null,""hp_loss"":null,""vars"":{""Block"":4},""upgrade"":{""block"":""+3""}}"
DEFRAGMENT,조각모음,Defragment,defect,Rare,E1,body,1,orb,구체,positive_or_mixed,False,Gain {n} Focus.,Gain 1 Focus.,밀집을 1 얻습니다.,1,"{""damage"":null,""block"":null,""hit_count"":null,""cards_draw"":null,""energy_gain"":null,""hp_loss"":null,""vars"":{""FocusPower"":1,""Focus"":1},""upgrade"":{""focuspower"":""+1""}}"
DEFY,반항,Defy,necrobinder,Common,E1,body,1,block,방어도,positive_or_mixed,False,Gain {n} Block.,Gain 6 Block.,방어도를 6 얻습니다.,6,"{""damage"":null,""block"":6,""hit_count"":null,""cards_draw"":null,""energy_gain"":null,""hp_loss"":null,""vars"":{""Block"":6,""WeakPower"":1,""Weak"":1},""upgrade"":{""block"":""+3""}}"
DEFY,반항,Defy,necrobinder,Common,E1,body,2,debuff,약화 효과,positive_or_mixed,False,Apply {n} Weak.,Apply 1 Weak.,약화를 1 부여합니다.,1,"{""damage"":null,""block"":6,""hit_count"":null,""cards_draw"":null,""energy_gain"":null,""hp_loss"":null,""vars"":{""Block"":6,""WeakPower"":1,""Weak"":1},""upgrade"":{""block"":""+3""}}"
DEFY,반항,Defy,necrobinder,Common,E1,keyword,,keyword,카드 키워드,contextual,False,Keyword: Ethereal,Keyword: Ethereal,키워드: 휘발성,,"{""damage"":null,""block"":6,""hit_count"":null,""cards_draw"":null,""energy_gain"":null,""hp_loss"":null,""vars"":{""Block"":6,""WeakPower"":1,""Weak"":1},""upgrade"":{""block"":""+3""}}"
DELAY,지연,Delay,necrobinder,Uncommon,E2,body,1,block,방어도,positive_or_mixed,False,Gain {n} Block.,Gain 11 Block.,방어도를 11 얻습니다.,11,"{""damage"":null,""block"":11,""hit_count"":null,""cards_draw"":null,""energy_gain"":1,""hp_loss"":null,""vars"":{""Block"":11,""Energy"":1},""upgrade"":{""block"":""+2"",""energy"":""+1""}}"
DELAY,지연,Delay,necrobinder,Uncommon,E2,body,2,energy,에너지,positive_or_mixed,False,"Next turn, gain {n} Energy.","Next turn, gain 1 Energy.","다음 턴에, 1 Energy를 얻습니다.",1,"{""damage"":null,""block"":11,""hit_count"":null,""cards_draw"":null,""energy_gain"":1,""hp_loss"":null,""vars"":{""Block"":11,""Energy"":1},""upgrade"":{""block"":""+2"",""energy"":""+1""}}"
DELAY,지연,Delay,necrobinder,Uncommon,E2,body,2,trigger,지속/발동기,positive_or_mixed,False,"Next turn, gain {n} Energy.","Next turn, gain 1 Energy.","다음 턴에, 1 Energy를 얻습니다.",1,"{""damage"":null,""block"":11,""hit_count"":null,""cards_draw"":null,""energy_gain"":1,""hp_loss"":null,""vars"":{""Block"":11,""Energy"":1},""upgrade"":{""block"":""+2"",""energy"":""+1""}}"
DEMESNE,권역,Demesne,necrobinder,Rare,E3,body,1,draw,카드 뽑기,positive_or_mixed,False,"At the start of your turn, gain {n} Energy and draw {n} additional card.","At the start of your turn, gain 1 Energy and draw 1 additional card.","내 턴 시작 시, 1 Energy를 얻고 카드를 추가로 1장 뽑습니다.",1|1,"{""damage"":null,""block"":null,""hit_count"":null,""cards_draw"":1,""energy_gain"":1,""hp_loss"":null,""vars"":{""Energy"":1,""Cards"":1},""upgrade"":{""cost"":2}}"
DEMESNE,권역,Demesne,necrobinder,Rare,E3,body,1,energy,에너지,positive_or_mixed,False,"At the start of your turn, gain {n} Energy and draw {n} additional card.","At the start of your turn, gain 1 Energy and draw 1 additional card.","내 턴 시작 시, 1 Energy를 얻고 카드를 추가로 1장 뽑습니다.",1|1,"{""damage"":null,""block"":null,""hit_count"":null,""cards_draw"":1,""energy_gain"":1,""hp_loss"":null,""vars"":{""Energy"":1,""Cards"":1},""upgrade"":{""cost"":2}}"
DEMESNE,권역,Demesne,necrobinder,Rare,E3,body,1,trigger,지속/발동기,positive_or_mixed,False,"At the start of your turn, gain {n} Energy and draw {n} additional card.","At the start of your turn, gain 1 Energy and draw 1 additional card.","내 턴 시작 시, 1 Energy를 얻고 카드를 추가로 1장 뽑습니다.",1|1,"{""damage"":null,""block"":null,""hit_count"":null,""cards_draw"":1,""energy_gain"":1,""hp_loss"":null,""vars"":{""Energy"":1,""Cards"":1},""upgrade"":{""cost"":2}}"
DEMESNE,권역,Demesne,necrobinder,Rare,E3,keyword,,keyword,카드 키워드,contextual,False,Keyword: Ethereal,Keyword: Ethereal,키워드: 휘발성,,"{""damage"":null,""block"":null,""hit_count"":null,""cards_draw"":1,""energy_gain"":1,""hp_loss"":null,""vars"":{""Energy"":1,""Cards"":1},""upgrade"":{""cost"":2}}"
DEMONIC_SHIELD,악마의 방패,Demonic Shield,ironclad,Uncommon,E0,body,1,hp,체력,negative_or_cost,False,Lose {n} HP.,Lose 1 HP.,체력을 1 잃습니다.,1,"{""damage"":0,""block"":null,""hit_count"":null,""cards_draw"":null,""energy_gain"":null,""hp_loss"":1,""vars"":{""CalculationBase"":0,""HpLoss"":1,""CalculationExtra"":1},""upgrade"":{""remove_exhaust"":1}}"
DEMONIC_SHIELD,악마의 방패,Demonic Shield,ironclad,Uncommon,E0,body,2,ally,협동,positive_or_mixed,True,Give another player Block equal to your Block.,Give another player Block equal to your Block.,다른 플레이어에게 자신의 방어도와 동일한 만큼의 방어도를 줍니다.,,"{""damage"":0,""block"":null,""hit_count"":null,""cards_draw"":null,""energy_gain"":null,""hp_loss"":1,""vars"":{""CalculationBase"":0,""HpLoss"":1,""CalculationExtra"":1},""upgrade"":{""remove_exhaust"":1}}"
DEMONIC_SHIELD,악마의 방패,Demonic Shield,ironclad,Uncommon,E0,body,2,block,방어도,positive_or_mixed,True,Give another player Block equal to your Block.,Give another player Block equal to your Block.,다른 플레이어에게 자신의 방어도와 동일한 만큼의 방어도를 줍니다.,,"{""damage"":0,""block"":null,""hit_count"":null,""cards_draw"":null,""energy_gain"":null,""hp_loss"":1,""vars"":{""CalculationBase"":0,""HpLoss"":1,""CalculationExtra"":1},""upgrade"":{""remove_exhaust"":1}}"
DEMONIC_SHIELD,악마의 방패,Demonic Shield,ironclad,Uncommon,E0,body,2,scaling,가변/스케일링,positive_or_mixed,True,Give another player Block equal to your Block.,Give another player Block equal to your Block.,다른 플레이어에게 자신의 방어도와 동일한 만큼의 방어도를 줍니다.,,"{""damage"":0,""block"":null,""hit_count"":null,""cards_draw"":null,""energy_gain"":null,""hp_loss"":1,""vars"":{""CalculationBase"":0,""HpLoss"":1,""CalculationExtra"":1},""upgrade"":{""remove_exhaust"":1}}"
DEMONIC_SHIELD,악마의 방패,Demonic Shield,ironclad,Uncommon,E0,keyword,,keyword,카드 키워드,contextual,False,Keyword: Exhaust,Keyword: Exhaust,키워드: 소멸,,"{""damage"":0,""block"":null,""hit_count"":null,""cards_draw"":null,""energy_gain"":null,""hp_loss"":1,""vars"":{""CalculationBase"":0,""HpLoss"":1,""CalculationExtra"":1},""upgrade"":{""remove_exhaust"":1}}"
DEMON_FORM,악마의 형상,Demon Form,ironclad,Rare,E3,body,1,buff,강화 효과,positive_or_mixed,False,"At the start of your turn, gain {n} Strength.","At the start of your turn, gain 2 Strength.","내 턴 시작 시, 힘을 2 얻습니다.",2,"{""damage"":null,""block"":null,""hit_count"":null,""cards_draw"":null,""energy_gain"":null,""hp_loss"":null,""vars"":{""StrengthPower"":2,""Strength"":2},""upgrade"":{""strengthpower"":""+1""}}"
DEMON_FORM,악마의 형상,Demon Form,ironclad,Rare,E3,body,1,trigger,지속/발동기,positive_or_mixed,False,"At the start of your turn, gain {n} Strength.","At the start of your turn, gain 2 Strength.","내 턴 시작 시, 힘을 2 얻습니다.",2,"{""damage"":null,""block"":null,""hit_count"":null,""cards_draw"":null,""energy_gain"":null,""hp_loss"":null,""vars"":{""StrengthPower"":2,""Strength"":2},""upgrade"":{""strengthpower"":""+1""}}"
DEVASTATE,초토화,Devastate,regent,Uncommon,E1+S4,body,1,damage,피해,positive_or_mixed,False,Deal {n} damage.,Deal 30 damage.,피해를 30 줍니다.,30,"{""damage"":30,""block"":null,""hit_count"":null,""cards_draw"":null,""energy_gain"":null,""hp_loss"":null,""vars"":{""Damage"":30,""StarCost"":4},""upgrade"":{""damage"":""+10""}}"
DEVOUR_LIFE,생명 삼키기,Devour Life,necrobinder,Rare,E1,body,1,card_play,추가 사용/재사용,positive_or_mixed,False,"Whenever you play a Soul, Summon {n}.","Whenever you play a Soul, Summon 1.","영혼을 사용할 때마다, 소환 1.",1,"{""damage"":null,""block"":null,""hit_count"":null,""cards_draw"":null,""energy_gain"":null,""hp_loss"":null,""vars"":{""DevourLifePower"":1,""DevourLife"":1},""upgrade"":{""devourlifepower"":""+1""}}"
DEVOUR_LIFE,생명 삼키기,Devour Life,necrobinder,Rare,E1,body,1,osty,오스티/소환,positive_or_mixed,False,"Whenever you play a Soul, Summon {n}.","Whenever you play a Soul, Summon 1.","영혼을 사용할 때마다, 소환 1.",1,"{""damage"":null,""block"":null,""hit_count"":null,""cards_draw"":null,""energy_gain"":null,""hp_loss"":null,""vars"":{""DevourLifePower"":1,""DevourLife"":1},""upgrade"":{""devourlifepower"":""+1""}}"
DEVOUR_LIFE,생명 삼키기,Devour Life,necrobinder,Rare,E1,body,1,trigger,지속/발동기,positive_or_mixed,False,"Whenever you play a Soul, Summon {n}.","Whenever you play a Soul, Summon 1.","영혼을 사용할 때마다, 소환 1.",1,"{""damage"":null,""block"":null,""hit_count"":null,""cards_draw"":null,""energy_gain"":null,""hp_loss"":null,""vars"":{""DevourLifePower"":1,""DevourLife"":1},""upgrade"":{""devourlifepower"":""+1""}}"
DIRGE,장송가,Dirge,necrobinder,Uncommon,EX,body,1,osty,오스티/소환,positive_or_mixed,True,Summon {n} X times.,Summon 3 X times.,X번 소환 3.,3,"{""damage"":null,""block"":null,""hit_count"":null,""cards_draw"":null,""energy_gain"":null,""hp_loss"":null,""vars"":{""Summon"":3},""upgrade"":{""summon"":""+1""}}"
DIRGE,장송가,Dirge,necrobinder,Uncommon,EX,body,1,scaling,가변/스케일링,positive_or_mixed,True,Summon {n} X times.,Summon 3 X times.,X번 소환 3.,3,"{""damage"":null,""block"":null,""hit_count"":null,""cards_draw"":null,""energy_gain"":null,""hp_loss"":null,""vars"":{""Summon"":3},""upgrade"":{""summon"":""+1""}}"
DIRGE,장송가,Dirge,necrobinder,Uncommon,EX,body,2,draw,카드 뽑기,positive_or_mixed,True,Add X Souls into your Draw Pile.,Add X Souls into your Draw Pile.,뽑을 카드 더미에 영혼을 X장 추가합니다.,,"{""damage"":null,""block"":null,""hit_count"":null,""cards_draw"":null,""energy_gain"":null,""hp_loss"":null,""vars"":{""Summon"":3},""upgrade"":{""summon"":""+1""}}"
DIRGE,장송가,Dirge,necrobinder,Uncommon,EX,body,2,card_create,카드 생성,positive_or_mixed,True,Add X Souls into your Draw Pile.,Add X Souls into your Draw Pile.,뽑을 카드 더미에 영혼을 X장 추가합니다.,,"{""damage"":null,""block"":null,""hit_count"":null,""cards_draw"":null,""energy_gain"":null,""hp_loss"":null,""vars"":{""Summon"":3},""upgrade"":{""summon"":""+1""}}"
DIRGE,장송가,Dirge,necrobinder,Uncommon,EX,body,2,scaling,가변/스케일링,positive_or_mixed,True,Add X Souls into your Draw Pile.,Add X Souls into your Draw Pile.,뽑을 카드 더미에 영혼을 X장 추가합니다.,,"{""damage"":null,""block"":null,""hit_count"":null,""cards_draw"":null,""energy_gain"":null,""hp_loss"":null,""vars"":{""Summon"":3},""upgrade"":{""summon"":""+1""}}"
DIRGE,장송가,Dirge,necrobinder,Uncommon,EX,keyword,,keyword,카드 키워드,contextual,False,Keyword: Exhaust,Keyword: Exhaust,키워드: 소멸,,"{""damage"":null,""block"":null,""hit_count"":null,""cards_draw"":null,""energy_gain"":null,""hp_loss"":null,""vars"":{""Summon"":3},""upgrade"":{""summon"":""+1""}}"
DISCOVERY,발견,Discovery,colorless,Uncommon,E1,body,1,card_create,카드 생성,positive_or_mixed,False,Choose {n} of {n} random cards to add into your Hand.,Choose 1 of 3 random cards to add into your Hand.,무작위 카드 3장 중 1장을 선택해 손으로 가져옵니다.,1|3,"{""damage"":null,""block"":null,""hit_count"":null,""cards_draw"":null,""energy_gain"":null,""hp_loss"":null,""vars"":null,""upgrade"":{""remove_exhaust"":1}}"
DISCOVERY,발견,Discovery,colorless,Uncommon,E1,body,1,card_move,카드 이동/탐색,positive_or_mixed,False,Choose {n} of {n} random cards to add into your Hand.,Choose 1 of 3 random cards to add into your Hand.,무작위 카드 3장 중 1장을 선택해 손으로 가져옵니다.,1|3,"{""damage"":null,""block"":null,""hit_count"":null,""cards_draw"":null,""energy_gain"":null,""hp_loss"":null,""vars"":null,""upgrade"":{""remove_exhaust"":1}}"
DISCOVERY,발견,Discovery,colorless,Uncommon,E1,body,2,card_cost,비용 변화,positive_or_mixed,False,It's free to play this turn.,It's free to play this turn.,이번 턴 동안 그 카드를 비용 없이 사용할 수 있습니다.,,"{""damage"":null,""block"":null,""hit_count"":null,""cards_draw"":null,""energy_gain"":null,""hp_loss"":null,""vars"":null,""upgrade"":{""remove_exhaust"":1}}"
DISCOVERY,발견,Discovery,colorless,Uncommon,E1,body,2,card_play,추가 사용/재사용,positive_or_mixed,False,It's free to play this turn.,It's free to play this turn.,이번 턴 동안 그 카드를 비용 없이 사용할 수 있습니다.,,"{""damage"":null,""block"":null,""hit_count"":null,""cards_draw"":null,""energy_gain"":null,""hp_loss"":null,""vars"":null,""upgrade"":{""remove_exhaust"":1}}"
DISCOVERY,발견,Discovery,colorless,Uncommon,E1,keyword,,keyword,카드 키워드,contextual,False,Keyword: Exhaust,Keyword: Exhaust,키워드: 소멸,,"{""damage"":null,""block"":null,""hit_count"":null,""cards_draw"":null,""energy_gain"":null,""hp_loss"":null,""vars"":null,""upgrade"":{""remove_exhaust"":1}}"
DISINTEGRATION,분해,Disintegration,token,Status,E-1,body,1,damage,피해,negative_or_cost,False,"At the end of your turn, take {n} damage.","At the end of your turn, take 6 damage.","내 턴 종료 시, 피해를 6 받습니다.",6,"{""damage"":null,""block"":null,""hit_count"":null,""cards_draw"":null,""energy_gain"":null,""hp_loss"":null,""vars"":{""DisintegrationPower"":6,""Disintegration"":6},""upgrade"":null}"
DISINTEGRATION,분해,Disintegration,token,Status,E-1,body,1,trigger,지속/발동기,negative_or_cost,False,"At the end of your turn, take {n} damage.","At the end of your turn, take 6 damage.","내 턴 종료 시, 피해를 6 받습니다.",6,"{""damage"":null,""block"":null,""hit_count"":null,""cards_draw"":null,""energy_gain"":null,""hp_loss"":null,""vars"":{""DisintegrationPower"":6,""Disintegration"":6},""upgrade"":null}"
DISMANTLE,해체,Dismantle,ironclad,Uncommon,E1,body,1,damage,피해,positive_or_mixed,False,Deal {n} damage.,Deal 8 damage.,피해를 8 줍니다.,8,"{""damage"":8,""block"":null,""hit_count"":null,""cards_draw"":null,""energy_gain"":null,""hp_loss"":null,""vars"":{""Damage"":8},""upgrade"":{""damage"":""+2""}}"
DISMANTLE,해체,Dismantle,ironclad,Uncommon,E1,body,2,card_play,추가 사용/재사용,positive_or_mixed,False,"If the enemy is Vulnerable, hits twice.","If the enemy is Vulnerable, hits twice.","대상 적이 취약 상태라면, 2번 적중합니다.",,"{""damage"":8,""block"":null,""hit_count"":null,""cards_draw"":null,""energy_gain"":null,""hp_loss"":null,""vars"":{""Damage"":8},""upgrade"":{""damage"":""+2""}}"
DISMANTLE,해체,Dismantle,ironclad,Uncommon,E1,body,2,debuff,약화 효과,positive_or_mixed,False,"If the enemy is Vulnerable, hits twice.","If the enemy is Vulnerable, hits twice.","대상 적이 취약 상태라면, 2번 적중합니다.",,"{""damage"":8,""block"":null,""hit_count"":null,""cards_draw"":null,""energy_gain"":null,""hp_loss"":null,""vars"":{""Damage"":8},""upgrade"":{""damage"":""+2""}}"
DISMANTLE,해체,Dismantle,ironclad,Uncommon,E1,body,2,trigger,지속/발동기,positive_or_mixed,False,"If the enemy is Vulnerable, hits twice.","If the enemy is Vulnerable, hits twice.","대상 적이 취약 상태라면, 2번 적중합니다.",,"{""damage"":8,""block"":null,""hit_count"":null,""cards_draw"":null,""energy_gain"":null,""hp_loss"":null,""vars"":{""Damage"":8},""upgrade"":{""damage"":""+2""}}"
DISTRACTION,방해,Distraction,event,Event,E1,body,1,card_create,카드 생성,positive_or_mixed,False,Add a random Skill into your Hand.,Add a random Skill into your Hand.,무작위 스킬 카드를 1장 손으로 가져옵니다.,,"{""damage"":null,""block"":null,""hit_count"":null,""cards_draw"":null,""energy_gain"":null,""hp_loss"":null,""vars"":null,""upgrade"":{""cost"":0}}"
DISTRACTION,방해,Distraction,event,Event,E1,body,1,card_move,카드 이동/탐색,positive_or_mixed,False,Add a random Skill into your Hand.,Add a random Skill into your Hand.,무작위 스킬 카드를 1장 손으로 가져옵니다.,,"{""damage"":null,""block"":null,""hit_count"":null,""cards_draw"":null,""energy_gain"":null,""hp_loss"":null,""vars"":null,""upgrade"":{""cost"":0}}"
DISTRACTION,방해,Distraction,event,Event,E1,body,2,card_cost,비용 변화,positive_or_mixed,False,It's free to play this turn.,It's free to play this turn.,이번 턴 동안 그 카드를 비용 없이 사용할 수 있습니다.,,"{""damage"":null,""block"":null,""hit_count"":null,""cards_draw"":null,""energy_gain"":null,""hp_loss"":null,""vars"":null,""upgrade"":{""cost"":0}}"
DISTRACTION,방해,Distraction,event,Event,E1,body,2,card_play,추가 사용/재사용,positive_or_mixed,False,It's free to play this turn.,It's free to play this turn.,이번 턴 동안 그 카드를 비용 없이 사용할 수 있습니다.,,"{""damage"":null,""block"":null,""hit_count"":null,""cards_draw"":null,""energy_gain"":null,""hp_loss"":null,""vars"":null,""upgrade"":{""cost"":0}}"
DISTRACTION,방해,Distraction,event,Event,E1,keyword,,keyword,카드 키워드,contextual,False,Keyword: Exhaust,Keyword: Exhaust,키워드: 소멸,,"{""damage"":null,""block"":null,""hit_count"":null,""cards_draw"":null,""energy_gain"":null,""hp_loss"":null,""vars"":null,""upgrade"":{""cost"":0}}"
DODGE_AND_ROLL,구르기,Dodge and Roll,silent,Common,E1,body,1,block,방어도,positive_or_mixed,False,Gain {n} Block.,Gain 4 Block.,방어도를 4 얻습니다.,4,"{""damage"":null,""block"":4,""hit_count"":null,""cards_draw"":null,""energy_gain"":null,""hp_loss"":null,""vars"":{""Block"":4},""upgrade"":{""block"":""+2""}}"
DODGE_AND_ROLL,구르기,Dodge and Roll,silent,Common,E1,body,2,block,방어도,positive_or_mixed,False,"Next turn, gain {n} Block.","Next turn, gain 4 Block.","다음 턴에, 방어도를 4 얻습니다.",4,"{""damage"":null,""block"":4,""hit_count"":null,""cards_draw"":null,""energy_gain"":null,""hp_loss"":null,""vars"":{""Block"":4},""upgrade"":{""block"":""+2""}}"
DODGE_AND_ROLL,구르기,Dodge and Roll,silent,Common,E1,body,2,trigger,지속/발동기,positive_or_mixed,False,"Next turn, gain {n} Block.","Next turn, gain 4 Block.","다음 턴에, 방어도를 4 얻습니다.",4,"{""damage"":null,""block"":4,""hit_count"":null,""cards_draw"":null,""energy_gain"":null,""hp_loss"":null,""vars"":{""Block"":4},""upgrade"":{""block"":""+2""}}"
DOMINATE,제압,Dominate,ironclad,Uncommon,E1,body,1,debuff,약화 효과,positive_or_mixed,False,Apply {n} Vulnerable.,Apply 1 Vulnerable.,취약을 1 부여합니다.,1,"{""damage"":null,""block"":null,""hit_count"":null,""cards_draw"":null,""energy_gain"":null,""hp_loss"":null,""vars"":{""StrengthPerVulnerable"":1,""VulnerablePower"":1,""Vulnerable"":1},""upgrade"":{""vulnerablepower"":""+1""}}"
DOMINATE,제압,Dominate,ironclad,Uncommon,E1,body,2,debuff,약화 효과,positive_or_mixed,True,Gain {n} Strength for each Vulnerable on the enemy.,Gain 1 Strength for each Vulnerable on the enemy.,대상 적이 보유한 취약마다 힘을 1 얻습니다.,1,"{""damage"":null,""block"":null,""hit_count"":null,""cards_draw"":null,""energy_gain"":null,""hp_loss"":null,""vars"":{""StrengthPerVulnerable"":1,""VulnerablePower"":1,""Vulnerable"":1},""upgrade"":{""vulnerablepower"":""+1""}}"
DOMINATE,제압,Dominate,ironclad,Uncommon,E1,body,2,buff,강화 효과,positive_or_mixed,True,Gain {n} Strength for each Vulnerable on the enemy.,Gain 1 Strength for each Vulnerable on the enemy.,대상 적이 보유한 취약마다 힘을 1 얻습니다.,1,"{""damage"":null,""block"":null,""hit_count"":null,""cards_draw"":null,""energy_gain"":null,""hp_loss"":null,""vars"":{""StrengthPerVulnerable"":1,""VulnerablePower"":1,""Vulnerable"":1},""upgrade"":{""vulnerablepower"":""+1""}}"
DOMINATE,제압,Dominate,ironclad,Uncommon,E1,body,2,scaling,가변/스케일링,positive_or_mixed,True,Gain {n} Strength for each Vulnerable on the enemy.,Gain 1 Strength for each Vulnerable on the enemy.,대상 적이 보유한 취약마다 힘을 1 얻습니다.,1,"{""damage"":null,""block"":null,""hit_count"":null,""cards_draw"":null,""energy_gain"":null,""hp_loss"":null,""vars"":{""StrengthPerVulnerable"":1,""VulnerablePower"":1,""Vulnerable"":1},""upgrade"":{""vulnerablepower"":""+1""}}"
DOMINATE,제압,Dominate,ironclad,Uncommon,E1,keyword,,keyword,카드 키워드,contextual,False,Keyword: Exhaust,Keyword: Exhaust,키워드: 소멸,,"{""damage"":null,""block"":null,""hit_count"":null,""cards_draw"":null,""energy_gain"":null,""hp_loss"":null,""vars"":{""StrengthPerVulnerable"":1,""VulnerablePower"":1,""Vulnerable"":1},""upgrade"":{""vulnerablepower"":""+1""}}"
DOUBLE_ENERGY,에너자이저,Double Energy,defect,Uncommon,E1,body,1,energy,에너지,positive_or_mixed,True,Double your Energy.,Double your Energy.,에너지가 2배가 됩니다.,,"{""damage"":null,""block"":null,""hit_count"":null,""cards_draw"":null,""energy_gain"":null,""hp_loss"":null,""vars"":null,""upgrade"":{""cost"":0}}"
DOUBLE_ENERGY,에너자이저,Double Energy,defect,Uncommon,E1,body,1,scaling,가변/스케일링,positive_or_mixed,True,Double your Energy.,Double your Energy.,에너지가 2배가 됩니다.,,"{""damage"":null,""block"":null,""hit_count"":null,""cards_draw"":null,""energy_gain"":null,""hp_loss"":null,""vars"":null,""upgrade"":{""cost"":0}}"
DOUBLE_ENERGY,에너자이저,Double Energy,defect,Uncommon,E1,keyword,,keyword,카드 키워드,contextual,False,Keyword: Exhaust,Keyword: Exhaust,키워드: 소멸,,"{""damage"":null,""block"":null,""hit_count"":null,""cards_draw"":null,""energy_gain"":null,""hp_loss"":null,""vars"":null,""upgrade"":{""cost"":0}}"
DOUBT,의심,Doubt,curse,Curse,E-1,body,1,debuff,약화 효과,positive_or_mixed,False,"At the end of your turn, if this is in your Hand, gain {n} Weak.","At the end of your turn, if this is in your Hand, gain 1 Weak.","내 턴 종료 시 이 카드가 손에 있다면, 약화를 1 얻습니다.",1,"{""damage"":null,""block"":null,""hit_count"":null,""cards_draw"":null,""energy_gain"":null,""hp_loss"":null,""vars"":{""WeakPower"":1,""Weak"":1},""upgrade"":null}"
DOUBT,의심,Doubt,curse,Curse,E-1,body,1,trigger,지속/발동기,positive_or_mixed,False,"At the end of your turn, if this is in your Hand, gain {n} Weak.","At the end of your turn, if this is in your Hand, gain 1 Weak.","내 턴 종료 시 이 카드가 손에 있다면, 약화를 1 얻습니다.",1,"{""damage"":null,""block"":null,""hit_count"":null,""cards_draw"":null,""energy_gain"":null,""hp_loss"":null,""vars"":{""WeakPower"":1,""Weak"":1},""upgrade"":null}"
DOUBT,의심,Doubt,curse,Curse,E-1,keyword,,keyword,카드 키워드,contextual,False,Keyword: Unplayable,Keyword: Unplayable,키워드: 사용불가,,"{""damage"":null,""block"":null,""hit_count"":null,""cards_draw"":null,""energy_gain"":null,""hp_loss"":null,""vars"":{""WeakPower"":1,""Weak"":1},""upgrade"":null}"
DRAIN_POWER,기력 흡수,Drain Power,necrobinder,Common,E1,body,1,damage,피해,positive_or_mixed,False,Deal {n} damage.,Deal 10 damage.,피해를 10 줍니다.,10,"{""damage"":10,""block"":null,""hit_count"":null,""cards_draw"":2,""energy_gain"":null,""hp_loss"":null,""vars"":{""Damage"":10,""Cards"":2},""upgrade"":{""damage"":""+2"",""cards"":""+1""}}"
DRAIN_POWER,기력 흡수,Drain Power,necrobinder,Common,E1,body,2,discard,버리기,positive_or_mixed,False,Upgrade {n} random cards in your Discard Pile.,Upgrade 2 random cards in your Discard Pile.,버린 카드 더미에 있는 무작위 카드를 2장 강화합니다.,2,"{""damage"":10,""block"":null,""hit_count"":null,""cards_draw"":2,""energy_gain"":null,""hp_loss"":null,""vars"":{""Damage"":10,""Cards"":2},""upgrade"":{""damage"":""+2"",""cards"":""+1""}}"
DRAIN_POWER,기력 흡수,Drain Power,necrobinder,Common,E1,body,2,card_upgrade,강화,positive_or_mixed,False,Upgrade {n} random cards in your Discard Pile.,Upgrade 2 random cards in your Discard Pile.,버린 카드 더미에 있는 무작위 카드를 2장 강화합니다.,2,"{""damage"":10,""block"":null,""hit_count"":null,""cards_draw"":2,""energy_gain"":null,""hp_loss"":null,""vars"":{""Damage"":10,""Cards"":2},""upgrade"":{""damage"":""+2"",""cards"":""+1""}}"
DRAMATIC_ENTRANCE,극적인 입장,Dramatic Entrance,colorless,Uncommon,E0,body,1,damage,피해,positive_or_mixed,False,Deal {n} damage to ALL enemies.,Deal 11 damage to ALL enemies.,모든 적에게 피해를 11 줍니다.,11,"{""damage"":11,""block"":null,""hit_count"":null,""cards_draw"":null,""energy_gain"":null,""hp_loss"":null,""vars"":{""Damage"":11},""upgrade"":{""damage"":""+4""}}"
DRAMATIC_ENTRANCE,극적인 입장,Dramatic Entrance,colorless,Uncommon,E0,keyword,,keyword,카드 키워드,contextual,False,Keyword: Exhaust,Keyword: Exhaust,키워드: 소멸,,"{""damage"":11,""block"":null,""hit_count"":null,""cards_draw"":null,""energy_gain"":null,""hp_loss"":null,""vars"":{""Damage"":11},""upgrade"":{""damage"":""+4""}}"
DRAMATIC_ENTRANCE,극적인 입장,Dramatic Entrance,colorless,Uncommon,E0,keyword,,keyword,카드 키워드,contextual,False,Keyword: Innate,Keyword: Innate,키워드: 선천성,,"{""damage"":11,""block"":null,""hit_count"":null,""cards_draw"":null,""energy_gain"":null,""hp_loss"":null,""vars"":{""Damage"":11},""upgrade"":{""damage"":""+4""}}"
DREDGE,추출,Dredge,necrobinder,Uncommon,E1,body,1,discard,버리기,positive_or_mixed,False,Put {n} cards from your Discard Pile into your Hand.,Put 3 cards from your Discard Pile into your Hand.,버린 카드 더미에서 카드를 3장 손으로 가져옵니다.,3,"{""damage"":null,""block"":null,""hit_count"":null,""cards_draw"":3,""energy_gain"":null,""hp_loss"":null,""vars"":{""Cards"":3},""upgrade"":{""add_retain"":1}}"
DREDGE,추출,Dredge,necrobinder,Uncommon,E1,body,1,card_move,카드 이동/탐색,positive_or_mixed,False,Put {n} cards from your Discard Pile into your Hand.,Put 3 cards from your Discard Pile into your Hand.,버린 카드 더미에서 카드를 3장 손으로 가져옵니다.,3,"{""damage"":null,""block"":null,""hit_count"":null,""cards_draw"":3,""energy_gain"":null,""hp_loss"":null,""vars"":{""Cards"":3},""upgrade"":{""add_retain"":1}}"
DREDGE,추출,Dredge,necrobinder,Uncommon,E1,keyword,,keyword,카드 키워드,contextual,False,Keyword: Exhaust,Keyword: Exhaust,키워드: 소멸,,"{""damage"":null,""block"":null,""hit_count"":null,""cards_draw"":3,""energy_gain"":null,""hp_loss"":null,""vars"":{""Cards"":3},""upgrade"":{""add_retain"":1}}"
DRUM_OF_BATTLE,전투의 북소리,Drum of Battle,ironclad,Uncommon,E1,body,1,draw,카드 뽑기,positive_or_mixed,False,Draw {n} cards.,Draw 2 cards.,카드를 2장 뽑습니다.,2,"{""damage"":null,""block"":null,""hit_count"":null,""cards_draw"":2,""energy_gain"":2,""hp_loss"":null,""vars"":{""Cards"":2,""Energy"":2},""upgrade"":{""energy"":""+1""}}"
DRUM_OF_BATTLE,전투의 북소리,Drum of Battle,ironclad,Uncommon,E1,body,2,exhaust,소멸시키기,positive_or_mixed,False,"When this card is Exhausted, gain {n} Energy.","When this card is Exhausted, gain 2 Energy.","이 카드가 소멸될 시, 2 Energy를 얻습니다.",2,"{""damage"":null,""block"":null,""hit_count"":null,""cards_draw"":2,""energy_gain"":2,""hp_loss"":null,""vars"":{""Cards"":2,""Energy"":2},""upgrade"":{""energy"":""+1""}}"
DRUM_OF_BATTLE,전투의 북소리,Drum of Battle,ironclad,Uncommon,E1,body,2,energy,에너지,positive_or_mixed,False,"When this card is Exhausted, gain {n} Energy.","When this card is Exhausted, gain 2 Energy.","이 카드가 소멸될 시, 2 Energy를 얻습니다.",2,"{""damage"":null,""block"":null,""hit_count"":null,""cards_draw"":2,""energy_gain"":2,""hp_loss"":null,""vars"":{""Cards"":2,""Energy"":2},""upgrade"":{""energy"":""+1""}}"
DRUM_OF_BATTLE,전투의 북소리,Drum of Battle,ironclad,Uncommon,E1,body,2,trigger,지속/발동기,positive_or_mixed,False,"When this card is Exhausted, gain {n} Energy.","When this card is Exhausted, gain 2 Energy.","이 카드가 소멸될 시, 2 Energy를 얻습니다.",2,"{""damage"":null,""block"":null,""hit_count"":null,""cards_draw"":2,""energy_gain"":2,""hp_loss"":null,""vars"":{""Cards"":2,""Energy"":2},""upgrade"":{""energy"":""+1""}}"
DUALCAST,이중 시전,Dualcast,defect,Basic,E1,body,1,orb,구체,positive_or_mixed,False,Evoke your rightmost Orb twice.,Evoke your rightmost Orb twice.,가장 오른쪽의 구체를 2번 발현합니다.,,"{""damage"":null,""block"":null,""hit_count"":null,""cards_draw"":null,""energy_gain"":null,""hp_loss"":null,""vars"":null,""upgrade"":{""cost"":0}}"
DUAL_WIELD,이도류,Dual Wield,event,Event,E1,body,1,card_move,카드 이동/탐색,positive_or_mixed,False,Choose an Attack or Power card.,Choose an Attack or Power card.,공격이나 파워 카드를 1장 선택합니다.,,"{""damage"":null,""block"":null,""hit_count"":null,""cards_draw"":1,""energy_gain"":null,""hp_loss"":null,""vars"":{""Cards"":1},""upgrade"":{""cards"":""+1""}}"
DUAL_WIELD,이도류,Dual Wield,event,Event,E1,body,2,card_create,카드 생성,positive_or_mixed,False,Add a copy of that card into your Hand.,Add a copy of that card into your Hand.,그 카드의 복사본을 1장 손으로 가져옵니다.,,"{""damage"":null,""block"":null,""hit_count"":null,""cards_draw"":1,""energy_gain"":null,""hp_loss"":null,""vars"":{""Cards"":1},""upgrade"":{""cards"":""+1""}}"
DUAL_WIELD,이도류,Dual Wield,event,Event,E1,body,2,card_move,카드 이동/탐색,positive_or_mixed,False,Add a copy of that card into your Hand.,Add a copy of that card into your Hand.,그 카드의 복사본을 1장 손으로 가져옵니다.,,"{""damage"":null,""block"":null,""hit_count"":null,""cards_draw"":1,""energy_gain"":null,""hp_loss"":null,""vars"":{""Cards"":1},""upgrade"":{""cards"":""+1""}}"
DYING_STAR,죽어가는 별,Dying Star,regent,Rare,E1+S3,body,1,damage,피해,positive_or_mixed,False,Deal {n} damage to ALL enemies.,Deal 9 damage to ALL enemies.,모든 적에게 피해를 9 줍니다.,9,"{""damage"":9,""block"":null,""hit_count"":null,""cards_draw"":null,""energy_gain"":null,""hp_loss"":null,""vars"":{""StrengthLoss"":9,""Damage"":9,""StarCost"":3},""upgrade"":{""damage"":""+2"",""strengthloss"":""+2""}}"
DYING_STAR,죽어가는 별,Dying Star,regent,Rare,E1+S3,body,2,buff,강화 효과,negative_or_cost,False,ALL enemies lose {n} Strength this turn.,ALL enemies lose 9 Strength this turn.,이번 턴 동안 모든 적이 힘을 9 잃습니다.,9,"{""damage"":9,""block"":null,""hit_count"":null,""cards_draw"":null,""energy_gain"":null,""hp_loss"":null,""vars"":{""StrengthLoss"":9,""Damage"":9,""StarCost"":3},""upgrade"":{""damage"":""+2"",""strengthloss"":""+2""}}"
DYING_STAR,죽어가는 별,Dying Star,regent,Rare,E1+S3,keyword,,keyword,카드 키워드,contextual,False,Keyword: Ethereal,Keyword: Ethereal,키워드: 휘발성,,"{""damage"":9,""block"":null,""hit_count"":null,""cards_draw"":null,""energy_gain"":null,""hp_loss"":null,""vars"":{""StrengthLoss"":9,""Damage"":9,""StarCost"":3},""upgrade"":{""damage"":""+2"",""strengthloss"":""+2""}}"
ECHOING_SLASH,메아리 참격,Echoing Slash,silent,Rare,E1,body,1,damage,피해,positive_or_mixed,False,Deal {n} damage to ALL enemies.,Deal 10 damage to ALL enemies.,모든 적에게 피해를 10 줍니다.,10,"{""damage"":10,""block"":null,""hit_count"":null,""cards_draw"":null,""energy_gain"":null,""hp_loss"":null,""vars"":{""Damage"":10},""upgrade"":{""damage"":""+3""}}"
ECHOING_SLASH,메아리 참격,Echoing Slash,silent,Rare,E1,body,2,scaling,가변/스케일링,positive_or_mixed,True,Repeat this effect for each enemy killed.,Repeat this effect for each enemy killed.,적을 처치할 때마다 이 효과를 반복합니다.,,"{""damage"":10,""block"":null,""hit_count"":null,""cards_draw"":null,""energy_gain"":null,""hp_loss"":null,""vars"":{""Damage"":10},""upgrade"":{""damage"":""+3""}}"
ECHO_FORM,메아리의 형상,Echo Form,defect,Rare,E3,body,1,card_play,추가 사용/재사용,positive_or_mixed,False,The first card you play each turn is played an extra time.,The first card you play each turn is played an extra time.,매 턴마다 처음으로 사용하는 카드가 1번 추가로 사용됩니다.,,"{""damage"":null,""block"":null,""hit_count"":null,""cards_draw"":null,""energy_gain"":null,""hp_loss"":null,""vars"":{""EchoForm"":1},""upgrade"":{""remove_ethereal"":1}}"
ECHO_FORM,메아리의 형상,Echo Form,defect,Rare,E3,body,1,trigger,지속/발동기,positive_or_mixed,False,The first card you play each turn is played an extra time.,The first card you play each turn is played an extra time.,매 턴마다 처음으로 사용하는 카드가 1번 추가로 사용됩니다.,,"{""damage"":null,""block"":null,""hit_count"":null,""cards_draw"":null,""energy_gain"":null,""hp_loss"":null,""vars"":{""EchoForm"":1},""upgrade"":{""remove_ethereal"":1}}"
ECHO_FORM,메아리의 형상,Echo Form,defect,Rare,E3,keyword,,keyword,카드 키워드,contextual,False,Keyword: Ethereal,Keyword: Ethereal,키워드: 휘발성,,"{""damage"":null,""block"":null,""hit_count"":null,""cards_draw"":null,""energy_gain"":null,""hp_loss"":null,""vars"":{""EchoForm"":1},""upgrade"":{""remove_ethereal"":1}}"
EIDOLON,허상,Eidolon,necrobinder,Rare,E2,body,1,exhaust,소멸시키기,positive_or_mixed,False,Exhaust your Hand.,Exhaust your Hand.,손에 있는 모든 카드를 소멸시킵니다.,,"{""damage"":null,""block"":null,""hit_count"":null,""cards_draw"":null,""energy_gain"":null,""hp_loss"":null,""vars"":{""intangibleThreshold"":9},""upgrade"":{""cost"":1}}"
EIDOLON,허상,Eidolon,necrobinder,Rare,E2,body,2,exhaust,소멸시키기,positive_or_mixed,False,"If {n} cards were Exhausted this way, gain {n} Intangible.","If 9 cards were Exhausted this way, gain 1 Intangible.","이를 통해 카드를 9장 소멸시켰다면, 불가침을 1 얻습니다.",9|1,"{""damage"":null,""block"":null,""hit_count"":null,""cards_draw"":null,""energy_gain"":null,""hp_loss"":null,""vars"":{""intangibleThreshold"":9},""upgrade"":{""cost"":1}}"
EIDOLON,허상,Eidolon,necrobinder,Rare,E2,body,2,buff,강화 효과,positive_or_mixed,False,"If {n} cards were Exhausted this way, gain {n} Intangible.","If 9 cards were Exhausted this way, gain 1 Intangible.","이를 통해 카드를 9장 소멸시켰다면, 불가침을 1 얻습니다.",9|1,"{""damage"":null,""block"":null,""hit_count"":null,""cards_draw"":null,""energy_gain"":null,""hp_loss"":null,""vars"":{""intangibleThreshold"":9},""upgrade"":{""cost"":1}}"
EIDOLON,허상,Eidolon,necrobinder,Rare,E2,body,2,trigger,지속/발동기,positive_or_mixed,False,"If {n} cards were Exhausted this way, gain {n} Intangible.","If 9 cards were Exhausted this way, gain 1 Intangible.","이를 통해 카드를 9장 소멸시켰다면, 불가침을 1 얻습니다.",9|1,"{""damage"":null,""block"":null,""hit_count"":null,""cards_draw"":null,""energy_gain"":null,""hp_loss"":null,""vars"":{""intangibleThreshold"":9},""upgrade"":{""cost"":1}}"
END_OF_DAYS,종말의 날,End of Days,necrobinder,Rare,E3,body,1,debuff,약화 효과,positive_or_mixed,False,Apply {n} Doom to ALL enemies.,Apply 29 Doom to ALL enemies.,모든 적에게 종말을 29 부여합니다.,29,"{""damage"":null,""block"":null,""hit_count"":null,""cards_draw"":null,""energy_gain"":null,""hp_loss"":null,""vars"":{""DoomPower"":29,""Doom"":29},""upgrade"":{""doom"":""+8""}}"
END_OF_DAYS,종말의 날,End of Days,necrobinder,Rare,E3,body,2,hp,체력,positive_or_mixed,False,Kill enemies with at least as much Doom as HP.,Kill enemies with at least as much Doom as HP.,체력이 종말 이하인 적을 처치합니다.,,"{""damage"":null,""block"":null,""hit_count"":null,""cards_draw"":null,""energy_gain"":null,""hp_loss"":null,""vars"":{""DoomPower"":29,""Doom"":29},""upgrade"":{""doom"":""+8""}}"
END_OF_DAYS,종말의 날,End of Days,necrobinder,Rare,E3,body,2,debuff,약화 효과,positive_or_mixed,False,Kill enemies with at least as much Doom as HP.,Kill enemies with at least as much Doom as HP.,체력이 종말 이하인 적을 처치합니다.,,"{""damage"":null,""block"":null,""hit_count"":null,""cards_draw"":null,""energy_gain"":null,""hp_loss"":null,""vars"":{""DoomPower"":29,""Doom"":29},""upgrade"":{""doom"":""+8""}}"
END_OF_DAYS,종말의 날,End of Days,necrobinder,Rare,E3,body,2,enemy_control,적 제어,positive_or_mixed,False,Kill enemies with at least as much Doom as HP.,Kill enemies with at least as much Doom as HP.,체력이 종말 이하인 적을 처치합니다.,,"{""damage"":null,""block"":null,""hit_count"":null,""cards_draw"":null,""energy_gain"":null,""hp_loss"":null,""vars"":{""DoomPower"":29,""Doom"":29},""upgrade"":{""doom"":""+8""}}"
ENERGY_SURGE,에너지 폭주,Energy Surge,defect,Uncommon,E1,body,1,ally,협동,positive_or_mixed,False,ALL players gain {n} Energy.,ALL players gain 2 Energy.,모든 플레이어가 2 Energy를 얻습니다.,2,"{""damage"":null,""block"":null,""hit_count"":null,""cards_draw"":null,""energy_gain"":2,""hp_loss"":null,""vars"":{""Energy"":2},""upgrade"":{""energy"":""+1""}}"
ENERGY_SURGE,에너지 폭주,Energy Surge,defect,Uncommon,E1,body,1,energy,에너지,positive_or_mixed,False,ALL players gain {n} Energy.,ALL players gain 2 Energy.,모든 플레이어가 2 Energy를 얻습니다.,2,"{""damage"":null,""block"":null,""hit_count"":null,""cards_draw"":null,""energy_gain"":2,""hp_loss"":null,""vars"":{""Energy"":2},""upgrade"":{""energy"":""+1""}}"
ENERGY_SURGE,에너지 폭주,Energy Surge,defect,Uncommon,E1,keyword,,keyword,카드 키워드,contextual,False,Keyword: Exhaust,Keyword: Exhaust,키워드: 소멸,,"{""damage"":null,""block"":null,""hit_count"":null,""cards_draw"":null,""energy_gain"":2,""hp_loss"":null,""vars"":{""Energy"":2},""upgrade"":{""energy"":""+1""}}"
ENFEEBLING_TOUCH,쇠약의 손길,Enfeebling Touch,necrobinder,Uncommon,E1,body,1,debuff,약화 효과,positive_or_mixed,False,Enemy loses {n} Strength this turn.,Enemy loses 8 Strength this turn.,이번 턴 동안 적이 힘을 8 잃습니다.,8,"{""damage"":null,""block"":null,""hit_count"":null,""cards_draw"":null,""energy_gain"":null,""hp_loss"":null,""vars"":{""StrengthLoss"":8},""upgrade"":{""strengthloss"":""+3""}}"
ENFEEBLING_TOUCH,쇠약의 손길,Enfeebling Touch,necrobinder,Uncommon,E1,body,1,buff,강화 효과,positive_or_mixed,False,Enemy loses {n} Strength this turn.,Enemy loses 8 Strength this turn.,이번 턴 동안 적이 힘을 8 잃습니다.,8,"{""damage"":null,""block"":null,""hit_count"":null,""cards_draw"":null,""energy_gain"":null,""hp_loss"":null,""vars"":{""StrengthLoss"":8},""upgrade"":{""strengthloss"":""+3""}}"
ENFEEBLING_TOUCH,쇠약의 손길,Enfeebling Touch,necrobinder,Uncommon,E1,keyword,,keyword,카드 키워드,contextual,False,Keyword: Ethereal,Keyword: Ethereal,키워드: 휘발성,,"{""damage"":null,""block"":null,""hit_count"":null,""cards_draw"":null,""energy_gain"":null,""hp_loss"":null,""vars"":{""StrengthLoss"":8},""upgrade"":{""strengthloss"":""+3""}}"
ENLIGHTENMENT,계몽,Enlightenment,event,Event,E0,body,1,card_cost,비용 변화,positive_or_mixed,False,Reduce the cost of ALL cards in your Hand to {n} this turn.,Reduce the cost of ALL cards in your Hand to 1 this turn.,"이번 턴 동안, 손에 있는 모든 카드의 비용이 1로 감소합니다.",1,"{""damage"":null,""block"":null,""hit_count"":null,""cards_draw"":null,""energy_gain"":null,""hp_loss"":null,""vars"":null,""upgrade"":{""description_changed"":1}}"
ENLIGHTENMENT,계몽,Enlightenment,event,Event,E0,keyword,,keyword,카드 키워드,contextual,False,Keyword: Exhaust,Keyword: Exhaust,키워드: 소멸,,"{""damage"":null,""block"":null,""hit_count"":null,""cards_draw"":null,""energy_gain"":null,""hp_loss"":null,""vars"":null,""upgrade"":{""description_changed"":1}}"
ENTHRALLED,매료됨,Enthralled,curse,Curse,E2,body,1,card_play,추가 사용/재사용,positive_or_mixed,False,"If this is in your Hand, it must be played before other cards.","If this is in your Hand, it must be played before other cards.","이 카드가 손에 있다면, 다른 카드보다 먼저 사용해야 합니다.",,"{""damage"":null,""block"":null,""hit_count"":null,""cards_draw"":null,""energy_gain"":null,""hp_loss"":null,""vars"":null,""upgrade"":null}"
ENTHRALLED,매료됨,Enthralled,curse,Curse,E2,body,1,restriction,사용 제약,positive_or_mixed,False,"If this is in your Hand, it must be played before other cards.","If this is in your Hand, it must be played before other cards.","이 카드가 손에 있다면, 다른 카드보다 먼저 사용해야 합니다.",,"{""damage"":null,""block"":null,""hit_count"":null,""cards_draw"":null,""energy_gain"":null,""hp_loss"":null,""vars"":null,""upgrade"":null}"
ENTHRALLED,매료됨,Enthralled,curse,Curse,E2,body,1,trigger,지속/발동기,positive_or_mixed,False,"If this is in your Hand, it must be played before other cards.","If this is in your Hand, it must be played before other cards.","이 카드가 손에 있다면, 다른 카드보다 먼저 사용해야 합니다.",,"{""damage"":null,""block"":null,""hit_count"":null,""cards_draw"":null,""energy_gain"":null,""hp_loss"":null,""vars"":null,""upgrade"":null}"
ENTHRALLED,매료됨,Enthralled,curse,Curse,E2,keyword,,keyword,카드 키워드,contextual,False,Keyword: Eternal,Keyword: Eternal,키워드: 영구,,"{""damage"":null,""block"":null,""hit_count"":null,""cards_draw"":null,""energy_gain"":null,""hp_loss"":null,""vars"":null,""upgrade"":null}"
ENTRENCH,참호,Entrench,event,Event,E2,body,1,block,방어도,positive_or_mixed,True,Double your Block.,Double your Block.,방어도가 2배가 됩니다.,,"{""damage"":null,""block"":null,""hit_count"":null,""cards_draw"":null,""energy_gain"":null,""hp_loss"":null,""vars"":null,""upgrade"":{""cost"":1}}"
ENTRENCH,참호,Entrench,event,Event,E2,body,1,scaling,가변/스케일링,positive_or_mixed,True,Double your Block.,Double your Block.,방어도가 2배가 됩니다.,,"{""damage"":null,""block"":null,""hit_count"":null,""cards_draw"":null,""energy_gain"":null,""hp_loss"":null,""vars"":null,""upgrade"":{""cost"":1}}"
ENTROPY,엔트로피,Entropy,colorless,Rare,E1,body,1,card_transform,변화,positive_or_mixed,False,"At the start of your turn, Transform {n} card in your Hand.","At the start of your turn, Transform 1 card in your Hand.","내 턴 시작 시, 손에 있는 카드를 1장 변화시킵니다.",1,"{""damage"":null,""block"":null,""hit_count"":null,""cards_draw"":1,""energy_gain"":null,""hp_loss"":null,""vars"":{""Cards"":1},""upgrade"":{""add_innate"":1}}"
ENTROPY,엔트로피,Entropy,colorless,Rare,E1,body,1,trigger,지속/발동기,positive_or_mixed,False,"At the start of your turn, Transform {n} card in your Hand.","At the start of your turn, Transform 1 card in your Hand.","내 턴 시작 시, 손에 있는 카드를 1장 변화시킵니다.",1,"{""damage"":null,""block"":null,""hit_count"":null,""cards_draw"":1,""energy_gain"":null,""hp_loss"":null,""vars"":{""Cards"":1},""upgrade"":{""add_innate"":1}}"
ENVENOM,독 바르기,Envenom,silent,Rare,E2,body,1,damage,피해,positive_or_mixed,False,"Whenever an Attack deals unblocked damage, apply {n} Poison.","Whenever an Attack deals unblocked damage, apply 1 Poison.","공격 카드가 막히지 않은 피해를 줄 때마다, 중독을 1 부여합니다.",1,"{""damage"":null,""block"":null,""hit_count"":null,""cards_draw"":null,""energy_gain"":null,""hp_loss"":null,""vars"":{""EnvenomPower"":1,""Envenom"":1},""upgrade"":{""envenompower"":""+1""}}"
ENVENOM,독 바르기,Envenom,silent,Rare,E2,body,1,debuff,약화 효과,positive_or_mixed,False,"Whenever an Attack deals unblocked damage, apply {n} Poison.","Whenever an Attack deals unblocked damage, apply 1 Poison.","공격 카드가 막히지 않은 피해를 줄 때마다, 중독을 1 부여합니다.",1,"{""damage"":null,""block"":null,""hit_count"":null,""cards_draw"":null,""energy_gain"":null,""hp_loss"":null,""vars"":{""EnvenomPower"":1,""Envenom"":1},""upgrade"":{""envenompower"":""+1""}}"
ENVENOM,독 바르기,Envenom,silent,Rare,E2,body,1,trigger,지속/발동기,positive_or_mixed,False,"Whenever an Attack deals unblocked damage, apply {n} Poison.","Whenever an Attack deals unblocked damage, apply 1 Poison.","공격 카드가 막히지 않은 피해를 줄 때마다, 중독을 1 부여합니다.",1,"{""damage"":null,""block"":null,""hit_count"":null,""cards_draw"":null,""energy_gain"":null,""hp_loss"":null,""vars"":{""EnvenomPower"":1,""Envenom"":1},""upgrade"":{""envenompower"":""+1""}}"
EQUILIBRIUM,평형,Equilibrium,colorless,Uncommon,E2,body,1,block,방어도,positive_or_mixed,False,Gain {n} Block.,Gain 13 Block.,방어도를 13 얻습니다.,13,"{""damage"":null,""block"":13,""hit_count"":null,""cards_draw"":null,""energy_gain"":null,""hp_loss"":null,""vars"":{""Equilibrium"":1,""Block"":13},""upgrade"":{""block"":""+3""}}"
EQUILIBRIUM,평형,Equilibrium,colorless,Uncommon,E2,body,2,retain,보존,positive_or_mixed,False,Retain your Hand this turn.,Retain your Hand this turn.,이번 턴에 손에 있는 카드를 보존합니다.,,"{""damage"":null,""block"":13,""hit_count"":null,""cards_draw"":null,""energy_gain"":null,""hp_loss"":null,""vars"":{""Equilibrium"":1,""Block"":13},""upgrade"":{""block"":""+3""}}"
ERADICATE,척결,Eradicate,necrobinder,Rare,EX,body,1,damage,피해,positive_or_mixed,True,Deal {n} damage X times.,Deal 11 damage X times.,피해를 11만큼 X번 줍니다.,11,"{""damage"":11,""block"":null,""hit_count"":null,""cards_draw"":null,""energy_gain"":null,""hp_loss"":null,""vars"":{""Damage"":11},""upgrade"":{""damage"":""+3""}}"
ERADICATE,척결,Eradicate,necrobinder,Rare,EX,body,1,scaling,가변/스케일링,positive_or_mixed,True,Deal {n} damage X times.,Deal 11 damage X times.,피해를 11만큼 X번 줍니다.,11,"{""damage"":11,""block"":null,""hit_count"":null,""cards_draw"":null,""energy_gain"":null,""hp_loss"":null,""vars"":{""Damage"":11},""upgrade"":{""damage"":""+3""}}"
ERADICATE,척결,Eradicate,necrobinder,Rare,EX,keyword,,keyword,카드 키워드,contextual,False,Keyword: Retain,Keyword: Retain,키워드: 보존,,"{""damage"":11,""block"":null,""hit_count"":null,""cards_draw"":null,""energy_gain"":null,""hp_loss"":null,""vars"":{""Damage"":11},""upgrade"":{""damage"":""+3""}}"
ESCAPE_PLAN,탈출구,Escape Plan,silent,Uncommon,E0,body,1,draw,카드 뽑기,positive_or_mixed,False,Draw {n} card.,Draw 1 card.,카드를 1장 뽑습니다.,1,"{""damage"":null,""block"":3,""hit_count"":null,""cards_draw"":null,""energy_gain"":null,""hp_loss"":null,""vars"":{""Block"":3},""upgrade"":{""block"":""+2""}}"
ESCAPE_PLAN,탈출구,Escape Plan,silent,Uncommon,E0,body,2,block,방어도,positive_or_mixed,False,"If you draw a Skill, gain {n} Block.","If you draw a Skill, gain 3 Block.","스킬 카드를 뽑았다면, 방어도를 3 얻습니다.",3,"{""damage"":null,""block"":3,""hit_count"":null,""cards_draw"":null,""energy_gain"":null,""hp_loss"":null,""vars"":{""Block"":3},""upgrade"":{""block"":""+2""}}"
ESCAPE_PLAN,탈출구,Escape Plan,silent,Uncommon,E0,body,2,draw,카드 뽑기,positive_or_mixed,False,"If you draw a Skill, gain {n} Block.","If you draw a Skill, gain 3 Block.","스킬 카드를 뽑았다면, 방어도를 3 얻습니다.",3,"{""damage"":null,""block"":3,""hit_count"":null,""cards_draw"":null,""energy_gain"":null,""hp_loss"":null,""vars"":{""Block"":3},""upgrade"":{""block"":""+2""}}"
ESCAPE_PLAN,탈출구,Escape Plan,silent,Uncommon,E0,body,2,trigger,지속/발동기,positive_or_mixed,False,"If you draw a Skill, gain {n} Block.","If you draw a Skill, gain 3 Block.","스킬 카드를 뽑았다면, 방어도를 3 얻습니다.",3,"{""damage"":null,""block"":3,""hit_count"":null,""cards_draw"":null,""energy_gain"":null,""hp_loss"":null,""vars"":{""Block"":3},""upgrade"":{""block"":""+2""}}"
ETERNAL_ARMOR,영원의 갑옷,Eternal Armor,colorless,Rare,E3,body,1,buff,강화 효과,positive_or_mixed,False,Gain {n} Plating.,Gain 9 Plating.,판금을 9 얻습니다.,9,"{""damage"":null,""block"":null,""hit_count"":null,""cards_draw"":null,""energy_gain"":null,""hp_loss"":null,""vars"":{""PlatingPower"":9,""Plating"":9},""upgrade"":{""platingpower"":""+3""}}"
EVIL_EYE,악마의 눈,Evil Eye,ironclad,Uncommon,E1,body,1,block,방어도,positive_or_mixed,False,Gain {n} Block.,Gain 8 Block.,방어도를 8 얻습니다.,8,"{""damage"":null,""block"":8,""hit_count"":null,""cards_draw"":null,""energy_gain"":null,""hp_loss"":null,""vars"":{""Block"":8},""upgrade"":{""block"":""+3""}}"
EVIL_EYE,악마의 눈,Evil Eye,ironclad,Uncommon,E1,body,2,block,방어도,positive_or_mixed,False,Gain another {n} Block if you have Exhausted a card this turn.,Gain another 8 Block if you have Exhausted a card this turn.,이번 턴 동안 소멸시킨 카드가 있다면 방어도를 추가로 8 얻습니다.,8,"{""damage"":null,""block"":8,""hit_count"":null,""cards_draw"":null,""energy_gain"":null,""hp_loss"":null,""vars"":{""Block"":8},""upgrade"":{""block"":""+3""}}"
EVIL_EYE,악마의 눈,Evil Eye,ironclad,Uncommon,E1,body,2,exhaust,소멸시키기,positive_or_mixed,False,Gain another {n} Block if you have Exhausted a card this turn.,Gain another 8 Block if you have Exhausted a card this turn.,이번 턴 동안 소멸시킨 카드가 있다면 방어도를 추가로 8 얻습니다.,8,"{""damage"":null,""block"":8,""hit_count"":null,""cards_draw"":null,""energy_gain"":null,""hp_loss"":null,""vars"":{""Block"":8},""upgrade"":{""block"":""+3""}}"
EXPECT_A_FIGHT,싸움 준비,Expect a Fight,ironclad,Uncommon,E2,body,1,energy,에너지,positive_or_mixed,True,Gain {n} Energy for each Attack in your Hand.,Gain 1 Energy for each Attack in your Hand.,손에 있는 공격 카드 1장당 1 Energy를 얻습니다.,1,"{""damage"":0,""block"":null,""hit_count"":null,""cards_draw"":null,""energy_gain"":0,""hp_loss"":null,""vars"":{""Energy"":0,""CalculationBase"":0,""CalculationExtra"":1},""upgrade"":{""cost"":1}}"
EXPECT_A_FIGHT,싸움 준비,Expect a Fight,ironclad,Uncommon,E2,body,1,scaling,가변/스케일링,positive_or_mixed,True,Gain {n} Energy for each Attack in your Hand.,Gain 1 Energy for each Attack in your Hand.,손에 있는 공격 카드 1장당 1 Energy를 얻습니다.,1,"{""damage"":0,""block"":null,""hit_count"":null,""cards_draw"":null,""energy_gain"":0,""hp_loss"":null,""vars"":{""Energy"":0,""CalculationBase"":0,""CalculationExtra"":1},""upgrade"":{""cost"":1}}"
EXPECT_A_FIGHT,싸움 준비,Expect a Fight,ironclad,Uncommon,E2,body,2,energy,에너지,negative_or_cost,False,You cannot gain additional {n} Energy this turn.,You cannot gain additional 1 Energy this turn.,이번 턴에 추가로 1 Energy를 얻을 수 없습니다.,1,"{""damage"":0,""block"":null,""hit_count"":null,""cards_draw"":null,""energy_gain"":0,""hp_loss"":null,""vars"":{""Energy"":0,""CalculationBase"":0,""CalculationExtra"":1},""upgrade"":{""cost"":1}}"
EXPECT_A_FIGHT,싸움 준비,Expect a Fight,ironclad,Uncommon,E2,body,2,restriction,사용 제약,negative_or_cost,False,You cannot gain additional {n} Energy this turn.,You cannot gain additional 1 Energy this turn.,이번 턴에 추가로 1 Energy를 얻을 수 없습니다.,1,"{""damage"":0,""block"":null,""hit_count"":null,""cards_draw"":null,""energy_gain"":0,""hp_loss"":null,""vars"":{""Energy"":0,""CalculationBase"":0,""CalculationExtra"":1},""upgrade"":{""cost"":1}}"
EXPERTISE,전문성,Expertise,silent,Uncommon,E1,body,1,draw,카드 뽑기,positive_or_mixed,False,Draw cards until you have {n} in your Hand.,Draw cards until you have 6 in your Hand.,손에 있는 카드가 6장이 될 때까지 카드를 뽑습니다.,6,"{""damage"":null,""block"":null,""hit_count"":null,""cards_draw"":6,""energy_gain"":null,""hp_loss"":null,""vars"":{""Cards"":6},""upgrade"":{""cards"":""+1""}}"
EXPOSE,들춰내기,Expose,silent,Uncommon,E0,body,1,block,방어도,positive_or_mixed,False,Remove all Artifact and Block from the enemy.,Remove all Artifact and Block from the enemy.,대상 적의 모든 인공물과 방어도를 제거합니다.,,"{""damage"":null,""block"":null,""hit_count"":null,""cards_draw"":null,""energy_gain"":null,""hp_loss"":null,""vars"":{""Power"":2},""upgrade"":{""power"":""+1""}}"
EXPOSE,들춰내기,Expose,silent,Uncommon,E0,body,1,debuff,약화 효과,positive_or_mixed,False,Remove all Artifact and Block from the enemy.,Remove all Artifact and Block from the enemy.,대상 적의 모든 인공물과 방어도를 제거합니다.,,"{""damage"":null,""block"":null,""hit_count"":null,""cards_draw"":null,""energy_gain"":null,""hp_loss"":null,""vars"":{""Power"":2},""upgrade"":{""power"":""+1""}}"
EXPOSE,들춰내기,Expose,silent,Uncommon,E0,body,2,debuff,약화 효과,positive_or_mixed,False,Apply {n} Vulnerable.,Apply 2 Vulnerable.,취약을 2 부여합니다.,2,"{""damage"":null,""block"":null,""hit_count"":null,""cards_draw"":null,""energy_gain"":null,""hp_loss"":null,""vars"":{""Power"":2},""upgrade"":{""power"":""+1""}}"
EXPOSE,들춰내기,Expose,silent,Uncommon,E0,keyword,,keyword,카드 키워드,contextual,False,Keyword: Exhaust,Keyword: Exhaust,키워드: 소멸,,"{""damage"":null,""block"":null,""hit_count"":null,""cards_draw"":null,""energy_gain"":null,""hp_loss"":null,""vars"":{""Power"":2},""upgrade"":{""power"":""+1""}}"
EXTERMINATE,박멸,Exterminate,event,Event,E1,body,1,damage,피해,positive_or_mixed,False,Deal {n} damage to ALL enemies {n} times.,Deal 3 damage to ALL enemies 4 times.,모든 적에게 피해를 3만큼 4번 줍니다.,3|4,"{""damage"":3,""block"":null,""hit_count"":4,""cards_draw"":null,""energy_gain"":null,""hp_loss"":null,""vars"":{""Damage"":3,""Repeat"":4},""upgrade"":{""damage"":""+1""}}"
FALLING_STAR,별똥별,Falling Star,regent,Basic,E0+S2,body,1,damage,피해,positive_or_mixed,False,Deal {n} damage.,Deal 8 damage.,피해를 8 줍니다.,8,"{""damage"":8,""block"":null,""hit_count"":null,""cards_draw"":null,""energy_gain"":null,""hp_loss"":null,""vars"":{""Damage"":8,""VulnerablePower"":1,""Vulnerable"":1,""WeakPower"":1,""Weak"":1,""StarCost"":2},""upgrade"":{""damage"":""+4""}}"
FALLING_STAR,별똥별,Falling Star,regent,Basic,E0+S2,body,2,debuff,약화 효과,positive_or_mixed,False,Apply {n} Weak.,Apply 1 Weak.,약화를 1 부여합니다.,1,"{""damage"":8,""block"":null,""hit_count"":null,""cards_draw"":null,""energy_gain"":null,""hp_loss"":null,""vars"":{""Damage"":8,""VulnerablePower"":1,""Vulnerable"":1,""WeakPower"":1,""Weak"":1,""StarCost"":2},""upgrade"":{""damage"":""+4""}}"
FALLING_STAR,별똥별,Falling Star,regent,Basic,E0+S2,body,3,debuff,약화 효과,positive_or_mixed,False,Apply {n} Vulnerable.,Apply 1 Vulnerable.,취약을 1 부여합니다.,1,"{""damage"":8,""block"":null,""hit_count"":null,""cards_draw"":null,""energy_gain"":null,""hp_loss"":null,""vars"":{""Damage"":8,""VulnerablePower"":1,""Vulnerable"":1,""WeakPower"":1,""Weak"":1,""StarCost"":2},""upgrade"":{""damage"":""+4""}}"
FAN_OF_KNIVES,칼날 부채,Fan of Knives,silent,Rare,E2,body,1,bespoke_rule,고유 규칙,contextual,False,Shivs now hit ALL enemies.,Shivs now hit ALL enemies.,단도가 이제 모든 적을 대상으로 합니다.,,"{""damage"":null,""block"":null,""hit_count"":null,""cards_draw"":null,""energy_gain"":null,""hp_loss"":null,""vars"":{""Shivs"":4},""upgrade"":{""shivs"":""+1""}}"
FAN_OF_KNIVES,칼날 부채,Fan of Knives,silent,Rare,E2,body,2,card_create,카드 생성,positive_or_mixed,False,Add {n} Shivs into your Hand.,Add 4 Shivs into your Hand.,단도를 4장 손으로 가져옵니다.,4,"{""damage"":null,""block"":null,""hit_count"":null,""cards_draw"":null,""energy_gain"":null,""hp_loss"":null,""vars"":{""Shivs"":4},""upgrade"":{""shivs"":""+1""}}"
FAN_OF_KNIVES,칼날 부채,Fan of Knives,silent,Rare,E2,body,2,card_move,카드 이동/탐색,positive_or_mixed,False,Add {n} Shivs into your Hand.,Add 4 Shivs into your Hand.,단도를 4장 손으로 가져옵니다.,4,"{""damage"":null,""block"":null,""hit_count"":null,""cards_draw"":null,""energy_gain"":null,""hp_loss"":null,""vars"":{""Shivs"":4},""upgrade"":{""shivs"":""+1""}}"
FASTEN,고정시키기,Fasten,colorless,Uncommon,E1,body,1,block,방어도,positive_or_mixed,False,Gain an additional {n} Block from Defend cards.,Gain an additional 4 Block from Defend cards.,수비 카드를 통해 얻는 방어도가 4 증가합니다.,4,"{""damage"":null,""block"":null,""hit_count"":null,""cards_draw"":null,""energy_gain"":null,""hp_loss"":null,""vars"":{""ExtraBlock"":4},""upgrade"":{""extrablock"":""+2""}}"
FEAR,두려움,Fear,necrobinder,Common,E1,body,1,damage,피해,positive_or_mixed,False,Deal {n} damage.,Deal 7 damage.,피해를 7 줍니다.,7,"{""damage"":7,""block"":null,""hit_count"":null,""cards_draw"":null,""energy_gain"":null,""hp_loss"":null,""vars"":{""Damage"":7,""VulnerablePower"":1,""Vulnerable"":1},""upgrade"":{""damage"":""+1"",""vulnerable"":""+1""}}"
FEAR,두려움,Fear,necrobinder,Common,E1,body,2,debuff,약화 효과,positive_or_mixed,False,Apply {n} Vulnerable.,Apply 1 Vulnerable.,취약을 1 부여합니다.,1,"{""damage"":7,""block"":null,""hit_count"":null,""cards_draw"":null,""energy_gain"":null,""hp_loss"":null,""vars"":{""Damage"":7,""VulnerablePower"":1,""Vulnerable"":1},""upgrade"":{""damage"":""+1"",""vulnerable"":""+1""}}"
FEAR,두려움,Fear,necrobinder,Common,E1,keyword,,keyword,카드 키워드,contextual,False,Keyword: Ethereal,Keyword: Ethereal,키워드: 휘발성,,"{""damage"":7,""block"":null,""hit_count"":null,""cards_draw"":null,""energy_gain"":null,""hp_loss"":null,""vars"":{""Damage"":7,""VulnerablePower"":1,""Vulnerable"":1},""upgrade"":{""damage"":""+1"",""vulnerable"":""+1""}}"
FEED,포식,Feed,ironclad,Rare,E1,body,1,damage,피해,positive_or_mixed,False,Deal {n} damage.,Deal 10 damage.,피해를 10 줍니다.,10,"{""damage"":10,""block"":null,""hit_count"":null,""cards_draw"":null,""energy_gain"":null,""hp_loss"":null,""vars"":{""Damage"":10,""MaxHp"":3},""upgrade"":{""damage"":""+2"",""maxhp"":""+1""}}"
FEED,포식,Feed,ironclad,Rare,E1,body,2,hp,체력,positive_or_mixed,False,"If Fatal, raise your Max HP by {n}.","If Fatal, raise your Max HP by 3.","치명타라면, 최대 체력이 3 증가합니다.",3,"{""damage"":10,""block"":null,""hit_count"":null,""cards_draw"":null,""energy_gain"":null,""hp_loss"":null,""vars"":{""Damage"":10,""MaxHp"":3},""upgrade"":{""damage"":""+2"",""maxhp"":""+1""}}"
FEED,포식,Feed,ironclad,Rare,E1,body,2,trigger,지속/발동기,positive_or_mixed,False,"If Fatal, raise your Max HP by {n}.","If Fatal, raise your Max HP by 3.","치명타라면, 최대 체력이 3 증가합니다.",3,"{""damage"":10,""block"":null,""hit_count"":null,""cards_draw"":null,""energy_gain"":null,""hp_loss"":null,""vars"":{""Damage"":10,""MaxHp"":3},""upgrade"":{""damage"":""+2"",""maxhp"":""+1""}}"
FEED,포식,Feed,ironclad,Rare,E1,keyword,,keyword,카드 키워드,contextual,False,Keyword: Exhaust,Keyword: Exhaust,키워드: 소멸,,"{""damage"":10,""block"":null,""hit_count"":null,""cards_draw"":null,""energy_gain"":null,""hp_loss"":null,""vars"":{""Damage"":10,""MaxHp"":3},""upgrade"":{""damage"":""+2"",""maxhp"":""+1""}}"
FEEDING_FRENZY,광란의 포식,Feeding Frenzy,event,Event,E0,body,1,buff,강화 효과,positive_or_mixed,False,Gain {n} Strength this turn.,Gain 5 Strength this turn.,이번 턴 동안 힘을 5 얻습니다.,5,"{""damage"":null,""block"":null,""hit_count"":null,""cards_draw"":null,""energy_gain"":null,""hp_loss"":null,""vars"":{""StrengthPower"":5,""Strength"":5},""upgrade"":{""strength"":""+2""}}"
FEEL_NO_PAIN,무감각,Feel No Pain,ironclad,Uncommon,E1,body,1,block,방어도,positive_or_mixed,False,"Whenever a card is Exhausted, gain {n} Block.","Whenever a card is Exhausted, gain 3 Block.","카드가 소멸될 때마다, 방어도를 3 얻습니다.",3,"{""damage"":null,""block"":null,""hit_count"":null,""cards_draw"":null,""energy_gain"":null,""hp_loss"":null,""vars"":{""Power"":3},""upgrade"":{""power"":""+1""}}"
FEEL_NO_PAIN,무감각,Feel No Pain,ironclad,Uncommon,E1,body,1,exhaust,소멸시키기,positive_or_mixed,False,"Whenever a card is Exhausted, gain {n} Block.","Whenever a card is Exhausted, gain 3 Block.","카드가 소멸될 때마다, 방어도를 3 얻습니다.",3,"{""damage"":null,""block"":null,""hit_count"":null,""cards_draw"":null,""energy_gain"":null,""hp_loss"":null,""vars"":{""Power"":3},""upgrade"":{""power"":""+1""}}"
FEEL_NO_PAIN,무감각,Feel No Pain,ironclad,Uncommon,E1,body,1,trigger,지속/발동기,positive_or_mixed,False,"Whenever a card is Exhausted, gain {n} Block.","Whenever a card is Exhausted, gain 3 Block.","카드가 소멸될 때마다, 방어도를 3 얻습니다.",3,"{""damage"":null,""block"":null,""hit_count"":null,""cards_draw"":null,""energy_gain"":null,""hp_loss"":null,""vars"":{""Power"":3},""upgrade"":{""power"":""+1""}}"
FERAL,야성,Feral,defect,Uncommon,E2,body,1,card_move,카드 이동/탐색,positive_or_mixed,False,"The first time you play a {n} Energy Attack each turn, return it to your Hand.","The first time you play a 0 Energy Attack each turn, return it to your Hand.","매 턴마다 처음 비용이 0 Energy인 공격 카드를 사용 시, 그 카드를 다시 손으로 가져옵니다.",0,"{""damage"":null,""block"":null,""hit_count"":null,""cards_draw"":null,""energy_gain"":null,""hp_loss"":null,""vars"":{""FeralPower"":1,""Feral"":1},""upgrade"":{""cost"":1}}"
FERAL,야성,Feral,defect,Uncommon,E2,body,1,card_play,추가 사용/재사용,positive_or_mixed,False,"The first time you play a {n} Energy Attack each turn, return it to your Hand.","The first time you play a 0 Energy Attack each turn, return it to your Hand.","매 턴마다 처음 비용이 0 Energy인 공격 카드를 사용 시, 그 카드를 다시 손으로 가져옵니다.",0,"{""damage"":null,""block"":null,""hit_count"":null,""cards_draw"":null,""energy_gain"":null,""hp_loss"":null,""vars"":{""FeralPower"":1,""Feral"":1},""upgrade"":{""cost"":1}}"
FERAL,야성,Feral,defect,Uncommon,E2,body,1,energy,에너지,positive_or_mixed,False,"The first time you play a {n} Energy Attack each turn, return it to your Hand.","The first time you play a 0 Energy Attack each turn, return it to your Hand.","매 턴마다 처음 비용이 0 Energy인 공격 카드를 사용 시, 그 카드를 다시 손으로 가져옵니다.",0,"{""damage"":null,""block"":null,""hit_count"":null,""cards_draw"":null,""energy_gain"":null,""hp_loss"":null,""vars"":{""FeralPower"":1,""Feral"":1},""upgrade"":{""cost"":1}}"
FERAL,야성,Feral,defect,Uncommon,E2,body,1,trigger,지속/발동기,positive_or_mixed,False,"The first time you play a {n} Energy Attack each turn, return it to your Hand.","The first time you play a 0 Energy Attack each turn, return it to your Hand.","매 턴마다 처음 비용이 0 Energy인 공격 카드를 사용 시, 그 카드를 다시 손으로 가져옵니다.",0,"{""damage"":null,""block"":null,""hit_count"":null,""cards_draw"":null,""energy_gain"":null,""hp_loss"":null,""vars"":{""FeralPower"":1,""Feral"":1},""upgrade"":{""cost"":1}}"
FETCH,회수,Fetch,necrobinder,Uncommon,E0,body,1,damage,피해,positive_or_mixed,False,Osty deals {n} damage.,Osty deals 3 damage.,골골이가 피해를 3 줍니다.,3,"{""damage"":3,""block"":null,""hit_count"":null,""cards_draw"":1,""energy_gain"":null,""hp_loss"":null,""vars"":{""OstyDamage"":3,""Cards"":1,""Damage"":3},""upgrade"":{""ostydamage"":""+3""}}"
FETCH,회수,Fetch,necrobinder,Uncommon,E0,body,1,osty,오스티/소환,positive_or_mixed,False,Osty deals {n} damage.,Osty deals 3 damage.,골골이가 피해를 3 줍니다.,3,"{""damage"":3,""block"":null,""hit_count"":null,""cards_draw"":1,""energy_gain"":null,""hp_loss"":null,""vars"":{""OstyDamage"":3,""Cards"":1,""Damage"":3},""upgrade"":{""ostydamage"":""+3""}}"
FETCH,회수,Fetch,necrobinder,Uncommon,E0,body,2,draw,카드 뽑기,positive_or_mixed,False,"If this is the first time this card has been played this turn, draw {n} card.","If this is the first time this card has been played this turn, draw 1 card.","이번 턴에 이 카드를 처음 사용했다면, 카드를 1장 뽑습니다.",1,"{""damage"":3,""block"":null,""hit_count"":null,""cards_draw"":1,""energy_gain"":null,""hp_loss"":null,""vars"":{""OstyDamage"":3,""Cards"":1,""Damage"":3},""upgrade"":{""ostydamage"":""+3""}}"
FETCH,회수,Fetch,necrobinder,Uncommon,E0,body,2,card_play,추가 사용/재사용,positive_or_mixed,False,"If this is the first time this card has been played this turn, draw {n} card.","If this is the first time this card has been played this turn, draw 1 card.","이번 턴에 이 카드를 처음 사용했다면, 카드를 1장 뽑습니다.",1,"{""damage"":3,""block"":null,""hit_count"":null,""cards_draw"":1,""energy_gain"":null,""hp_loss"":null,""vars"":{""OstyDamage"":3,""Cards"":1,""Damage"":3},""upgrade"":{""ostydamage"":""+3""}}"
FETCH,회수,Fetch,necrobinder,Uncommon,E0,body,2,trigger,지속/발동기,positive_or_mixed,False,"If this is the first time this card has been played this turn, draw {n} card.","If this is the first time this card has been played this turn, draw 1 card.","이번 턴에 이 카드를 처음 사용했다면, 카드를 1장 뽑습니다.",1,"{""damage"":3,""block"":null,""hit_count"":null,""cards_draw"":1,""energy_gain"":null,""hp_loss"":null,""vars"":{""OstyDamage"":3,""Cards"":1,""Damage"":3},""upgrade"":{""ostydamage"":""+3""}}"
FIEND_FIRE,지옥불,Fiend Fire,ironclad,Rare,E2,body,1,exhaust,소멸시키기,positive_or_mixed,False,Exhaust your Hand.,Exhaust your Hand.,손에 있는 모든 카드를 소멸시킵니다.,,"{""damage"":7,""block"":null,""hit_count"":null,""cards_draw"":null,""energy_gain"":null,""hp_loss"":null,""vars"":{""Damage"":7},""upgrade"":{""damage"":""+3""}}"
FIEND_FIRE,지옥불,Fiend Fire,ironclad,Rare,E2,body,2,damage,피해,positive_or_mixed,True,Deal {n} damage for each card Exhausted.,Deal 7 damage for each card Exhausted.,소멸시킨 카드 1장당 피해를 7 줍니다.,7,"{""damage"":7,""block"":null,""hit_count"":null,""cards_draw"":null,""energy_gain"":null,""hp_loss"":null,""vars"":{""Damage"":7},""upgrade"":{""damage"":""+3""}}"
FIEND_FIRE,지옥불,Fiend Fire,ironclad,Rare,E2,body,2,exhaust,소멸시키기,positive_or_mixed,True,Deal {n} damage for each card Exhausted.,Deal 7 damage for each card Exhausted.,소멸시킨 카드 1장당 피해를 7 줍니다.,7,"{""damage"":7,""block"":null,""hit_count"":null,""cards_draw"":null,""energy_gain"":null,""hp_loss"":null,""vars"":{""Damage"":7},""upgrade"":{""damage"":""+3""}}"
FIEND_FIRE,지옥불,Fiend Fire,ironclad,Rare,E2,body,2,scaling,가변/스케일링,positive_or_mixed,True,Deal {n} damage for each card Exhausted.,Deal 7 damage for each card Exhausted.,소멸시킨 카드 1장당 피해를 7 줍니다.,7,"{""damage"":7,""block"":null,""hit_count"":null,""cards_draw"":null,""energy_gain"":null,""hp_loss"":null,""vars"":{""Damage"":7},""upgrade"":{""damage"":""+3""}}"
FIEND_FIRE,지옥불,Fiend Fire,ironclad,Rare,E2,keyword,,keyword,카드 키워드,contextual,False,Keyword: Exhaust,Keyword: Exhaust,키워드: 소멸,,"{""damage"":7,""block"":null,""hit_count"":null,""cards_draw"":null,""energy_gain"":null,""hp_loss"":null,""vars"":{""Damage"":7},""upgrade"":{""damage"":""+3""}}"
FIGHT_ME,덤벼라!,Fight Me!,ironclad,Uncommon,E2,body,1,damage,피해,positive_or_mixed,False,Deal {n} damage twice.,Deal 5 damage twice.,피해를 5만큼 2번 줍니다.,5,"{""damage"":5,""block"":null,""hit_count"":2,""cards_draw"":null,""energy_gain"":null,""hp_loss"":null,""vars"":{""EnemyStrength"":1,""Damage"":5,""Repeat"":2,""StrengthPower"":3,""Strength"":3},""upgrade"":{""damage"":""+1"",""strength"":""+1""}}"
FIGHT_ME,덤벼라!,Fight Me!,ironclad,Uncommon,E2,body,2,buff,강화 효과,positive_or_mixed,False,Gain {n} Strength.,Gain 3 Strength.,힘을 3 얻습니다.,3,"{""damage"":5,""block"":null,""hit_count"":2,""cards_draw"":null,""energy_gain"":null,""hp_loss"":null,""vars"":{""EnemyStrength"":1,""Damage"":5,""Repeat"":2,""StrengthPower"":3,""Strength"":3},""upgrade"":{""damage"":""+1"",""strength"":""+1""}}"
FIGHT_ME,덤벼라!,Fight Me!,ironclad,Uncommon,E2,body,3,buff,강화 효과,negative_or_cost,False,The enemy gains {n} Strength.,The enemy gains 1 Strength.,대상 적이 힘을 1 얻습니다.,1,"{""damage"":5,""block"":null,""hit_count"":2,""cards_draw"":null,""energy_gain"":null,""hp_loss"":null,""vars"":{""EnemyStrength"":1,""Damage"":5,""Repeat"":2,""StrengthPower"":3,""Strength"":3},""upgrade"":{""damage"":""+1"",""strength"":""+1""}}"
FIGHT_ME,덤벼라!,Fight Me!,ironclad,Uncommon,E2,body,3,enemy_control,적 제어,negative_or_cost,False,The enemy gains {n} Strength.,The enemy gains 1 Strength.,대상 적이 힘을 1 얻습니다.,1,"{""damage"":5,""block"":null,""hit_count"":2,""cards_draw"":null,""energy_gain"":null,""hp_loss"":null,""vars"":{""EnemyStrength"":1,""Damage"":5,""Repeat"":2,""StrengthPower"":3,""Strength"":3},""upgrade"":{""damage"":""+1"",""strength"":""+1""}}"
FIGHT_THROUGH,강행 돌파,Fight Through,defect,Uncommon,E1,body,1,block,방어도,positive_or_mixed,False,Gain {n} Block.,Gain 13 Block.,방어도를 13 얻습니다.,13,"{""damage"":null,""block"":13,""hit_count"":null,""cards_draw"":null,""energy_gain"":null,""hp_loss"":null,""vars"":{""Block"":13},""upgrade"":{""block"":""+4""}}"
FIGHT_THROUGH,강행 돌파,Fight Through,defect,Uncommon,E1,body,2,discard,버리기,positive_or_mixed,False,Add {n} Wounds into your Discard Pile.,Add 2 Wounds into your Discard Pile.,버린 카드 더미에 부상을 2장 추가합니다.,2,"{""damage"":null,""block"":13,""hit_count"":null,""cards_draw"":null,""energy_gain"":null,""hp_loss"":null,""vars"":{""Block"":13},""upgrade"":{""block"":""+4""}}"
FIGHT_THROUGH,강행 돌파,Fight Through,defect,Uncommon,E1,body,2,card_create,카드 생성,positive_or_mixed,False,Add {n} Wounds into your Discard Pile.,Add 2 Wounds into your Discard Pile.,버린 카드 더미에 부상을 2장 추가합니다.,2,"{""damage"":null,""block"":13,""hit_count"":null,""cards_draw"":null,""energy_gain"":null,""hp_loss"":null,""vars"":{""Block"":13},""upgrade"":{""block"":""+4""}}"
FINESSE,능숙,Finesse,colorless,Uncommon,E0,body,1,block,방어도,positive_or_mixed,False,Gain {n} Block.,Gain 4 Block.,방어도를 4 얻습니다.,4,"{""damage"":null,""block"":4,""hit_count"":null,""cards_draw"":1,""energy_gain"":null,""hp_loss"":null,""vars"":{""Block"":4,""Cards"":1},""upgrade"":{""block"":""+3""}}"
FINESSE,능숙,Finesse,colorless,Uncommon,E0,body,2,draw,카드 뽑기,positive_or_mixed,False,Draw {n} card.,Draw 1 card.,카드를 1장 뽑습니다.,1,"{""damage"":null,""block"":4,""hit_count"":null,""cards_draw"":1,""energy_gain"":null,""hp_loss"":null,""vars"":{""Block"":4,""Cards"":1},""upgrade"":{""block"":""+3""}}"
FINISHER,마무리,Finisher,silent,Uncommon,E1,body,1,damage,피해,positive_or_mixed,True,Deal {n} damage for each Attack already played this turn.,Deal 6 damage for each Attack already played this turn.,이번 턴에 사용한 공격 카드 1장당 피해를 6 줍니다.,6,"{""damage"":6,""block"":null,""hit_count"":null,""cards_draw"":null,""energy_gain"":null,""hp_loss"":null,""vars"":{""Damage"":6,""CalculationBase"":0,""CalculationExtra"":1},""upgrade"":{""damage"":""+2""}}"
FINISHER,마무리,Finisher,silent,Uncommon,E1,body,1,card_play,추가 사용/재사용,positive_or_mixed,True,Deal {n} damage for each Attack already played this turn.,Deal 6 damage for each Attack already played this turn.,이번 턴에 사용한 공격 카드 1장당 피해를 6 줍니다.,6,"{""damage"":6,""block"":null,""hit_count"":null,""cards_draw"":null,""energy_gain"":null,""hp_loss"":null,""vars"":{""Damage"":6,""CalculationBase"":0,""CalculationExtra"":1},""upgrade"":{""damage"":""+2""}}"
FINISHER,마무리,Finisher,silent,Uncommon,E1,body,1,scaling,가변/스케일링,positive_or_mixed,True,Deal {n} damage for each Attack already played this turn.,Deal 6 damage for each Attack already played this turn.,이번 턴에 사용한 공격 카드 1장당 피해를 6 줍니다.,6,"{""damage"":6,""block"":null,""hit_count"":null,""cards_draw"":null,""energy_gain"":null,""hp_loss"":null,""vars"":{""Damage"":6,""CalculationBase"":0,""CalculationExtra"":1},""upgrade"":{""damage"":""+2""}}"
FISTICUFFS,주먹다짐,Fisticuffs,colorless,Uncommon,E1,body,1,damage,피해,positive_or_mixed,False,Deal {n} damage.,Deal 7 damage.,피해를 7 줍니다.,7,"{""damage"":7,""block"":null,""hit_count"":null,""cards_draw"":null,""energy_gain"":null,""hp_loss"":null,""vars"":{""Damage"":7},""upgrade"":{""damage"":""+2""}}"
FISTICUFFS,주먹다짐,Fisticuffs,colorless,Uncommon,E1,body,2,damage,피해,positive_or_mixed,True,Gain Block equal to damage dealt.,Gain Block equal to damage dealt.,가한 피해량만큼 방어도를 얻습니다.,,"{""damage"":7,""block"":null,""hit_count"":null,""cards_draw"":null,""energy_gain"":null,""hp_loss"":null,""vars"":{""Damage"":7},""upgrade"":{""damage"":""+2""}}"
FISTICUFFS,주먹다짐,Fisticuffs,colorless,Uncommon,E1,body,2,block,방어도,positive_or_mixed,True,Gain Block equal to damage dealt.,Gain Block equal to damage dealt.,가한 피해량만큼 방어도를 얻습니다.,,"{""damage"":7,""block"":null,""hit_count"":null,""cards_draw"":null,""energy_gain"":null,""hp_loss"":null,""vars"":{""Damage"":7},""upgrade"":{""damage"":""+2""}}"
FISTICUFFS,주먹다짐,Fisticuffs,colorless,Uncommon,E1,body,2,scaling,가변/스케일링,positive_or_mixed,True,Gain Block equal to damage dealt.,Gain Block equal to damage dealt.,가한 피해량만큼 방어도를 얻습니다.,,"{""damage"":7,""block"":null,""hit_count"":null,""cards_draw"":null,""energy_gain"":null,""hp_loss"":null,""vars"":{""Damage"":7},""upgrade"":{""damage"":""+2""}}"
FLAK_CANNON,대공포,Flak Cannon,defect,Rare,E2,body,1,exhaust,소멸시키기,positive_or_mixed,False,Exhaust ALL your Status cards.,Exhaust ALL your Status cards.,모든 상태이상 카드를 소멸시킵니다.,,"{""damage"":8,""block"":null,""hit_count"":null,""cards_draw"":null,""energy_gain"":null,""hp_loss"":null,""vars"":{""Damage"":8,""CalculationBase"":0,""CalculationExtra"":1},""upgrade"":{""damage"":""+3""}}"
FLAK_CANNON,대공포,Flak Cannon,defect,Rare,E2,body,1,status_penalty,상태/저주 페널티,positive_or_mixed,False,Exhaust ALL your Status cards.,Exhaust ALL your Status cards.,모든 상태이상 카드를 소멸시킵니다.,,"{""damage"":8,""block"":null,""hit_count"":null,""cards_draw"":null,""energy_gain"":null,""hp_loss"":null,""vars"":{""Damage"":8,""CalculationBase"":0,""CalculationExtra"":1},""upgrade"":{""damage"":""+3""}}"
FLAK_CANNON,대공포,Flak Cannon,defect,Rare,E2,body,2,damage,피해,positive_or_mixed,True,Deal {n} damage to a random enemy for each card Exhausted.,Deal 8 damage to a random enemy for each card Exhausted.,소멸시킨 카드 1장당 무작위 적에게 피해를 8 줍니다.,8,"{""damage"":8,""block"":null,""hit_count"":null,""cards_draw"":null,""energy_gain"":null,""hp_loss"":null,""vars"":{""Damage"":8,""CalculationBase"":0,""CalculationExtra"":1},""upgrade"":{""damage"":""+3""}}"
FLAK_CANNON,대공포,Flak Cannon,defect,Rare,E2,body,2,exhaust,소멸시키기,positive_or_mixed,True,Deal {n} damage to a random enemy for each card Exhausted.,Deal 8 damage to a random enemy for each card Exhausted.,소멸시킨 카드 1장당 무작위 적에게 피해를 8 줍니다.,8,"{""damage"":8,""block"":null,""hit_count"":null,""cards_draw"":null,""energy_gain"":null,""hp_loss"":null,""vars"":{""Damage"":8,""CalculationBase"":0,""CalculationExtra"":1},""upgrade"":{""damage"":""+3""}}"
FLAK_CANNON,대공포,Flak Cannon,defect,Rare,E2,body,2,scaling,가변/스케일링,positive_or_mixed,True,Deal {n} damage to a random enemy for each card Exhausted.,Deal 8 damage to a random enemy for each card Exhausted.,소멸시킨 카드 1장당 무작위 적에게 피해를 8 줍니다.,8,"{""damage"":8,""block"":null,""hit_count"":null,""cards_draw"":null,""energy_gain"":null,""hp_loss"":null,""vars"":{""Damage"":8,""CalculationBase"":0,""CalculationExtra"":1},""upgrade"":{""damage"":""+3""}}"
FLAME_BARRIER,화염 장벽,Flame Barrier,ironclad,Uncommon,E2,body,1,block,방어도,positive_or_mixed,False,Gain {n} Block.,Gain 12 Block.,방어도를 12 얻습니다.,12,"{""damage"":null,""block"":12,""hit_count"":null,""cards_draw"":null,""energy_gain"":null,""hp_loss"":null,""vars"":{""DamageBack"":4,""Block"":12},""upgrade"":{""block"":""+4"",""damageback"":""+2""}}"
FLAME_BARRIER,화염 장벽,Flame Barrier,ironclad,Uncommon,E2,body,2,damage,피해,positive_or_mixed,False,"Whenever you are attacked this turn, deal {n} damage back.","Whenever you are attacked this turn, deal 4 damage back.","이번 턴에 공격을 받을 때마다, 공격한 적에게 피해를 4 줍니다.",4,"{""damage"":null,""block"":12,""hit_count"":null,""cards_draw"":null,""energy_gain"":null,""hp_loss"":null,""vars"":{""DamageBack"":4,""Block"":12},""upgrade"":{""block"":""+4"",""damageback"":""+2""}}"
FLAME_BARRIER,화염 장벽,Flame Barrier,ironclad,Uncommon,E2,body,2,trigger,지속/발동기,positive_or_mixed,False,"Whenever you are attacked this turn, deal {n} damage back.","Whenever you are attacked this turn, deal 4 damage back.","이번 턴에 공격을 받을 때마다, 공격한 적에게 피해를 4 줍니다.",4,"{""damage"":null,""block"":12,""hit_count"":null,""cards_draw"":null,""energy_gain"":null,""hp_loss"":null,""vars"":{""DamageBack"":4,""Block"":12},""upgrade"":{""block"":""+4"",""damageback"":""+2""}}"
FLANKING,측면 공격,Flanking,silent,Uncommon,E2,body,1,ally,협동,positive_or_mixed,True,The enemy takes double attack damage from other players this turn.,The enemy takes double attack damage from other players this turn.,이번 턴에 대상 적이 다른 플레이어에게 받는 공격 피해량이 2배가 됩니다.,,"{""damage"":null,""block"":null,""hit_count"":null,""cards_draw"":null,""energy_gain"":null,""hp_loss"":null,""vars"":null,""upgrade"":{""cost"":1}}"
FLANKING,측면 공격,Flanking,silent,Uncommon,E2,body,1,damage,피해,positive_or_mixed,True,The enemy takes double attack damage from other players this turn.,The enemy takes double attack damage from other players this turn.,이번 턴에 대상 적이 다른 플레이어에게 받는 공격 피해량이 2배가 됩니다.,,"{""damage"":null,""block"":null,""hit_count"":null,""cards_draw"":null,""energy_gain"":null,""hp_loss"":null,""vars"":null,""upgrade"":{""cost"":1}}"
FLANKING,측면 공격,Flanking,silent,Uncommon,E2,body,1,scaling,가변/스케일링,positive_or_mixed,True,The enemy takes double attack damage from other players this turn.,The enemy takes double attack damage from other players this turn.,이번 턴에 대상 적이 다른 플레이어에게 받는 공격 피해량이 2배가 됩니다.,,"{""damage"":null,""block"":null,""hit_count"":null,""cards_draw"":null,""energy_gain"":null,""hp_loss"":null,""vars"":null,""upgrade"":{""cost"":1}}"
FLASH_OF_STEEL,강철의 섬광,Flash of Steel,colorless,Uncommon,E0,body,1,damage,피해,positive_or_mixed,False,Deal {n} damage.,Deal 5 damage.,피해를 5 줍니다.,5,"{""damage"":5,""block"":null,""hit_count"":null,""cards_draw"":1,""energy_gain"":null,""hp_loss"":null,""vars"":{""Damage"":5,""Cards"":1},""upgrade"":{""damage"":""+3""}}"
FLASH_OF_STEEL,강철의 섬광,Flash of Steel,colorless,Uncommon,E0,body,2,draw,카드 뽑기,positive_or_mixed,False,Draw {n} card.,Draw 1 card.,카드를 1장 뽑습니다.,1,"{""damage"":5,""block"":null,""hit_count"":null,""cards_draw"":1,""energy_gain"":null,""hp_loss"":null,""vars"":{""Damage"":5,""Cards"":1},""upgrade"":{""damage"":""+3""}}"
FLATTEN,땅고르기,Flatten,necrobinder,Common,E2,body,1,damage,피해,positive_or_mixed,False,Osty deals {n} damage.,Osty deals 12 damage.,골골이가 피해를 12 줍니다.,12,"{""damage"":12,""block"":null,""hit_count"":null,""cards_draw"":null,""energy_gain"":null,""hp_loss"":null,""vars"":{""OstyDamage"":12,""Damage"":12},""upgrade"":{""ostydamage"":""+4""}}"
FLATTEN,땅고르기,Flatten,necrobinder,Common,E2,body,1,osty,오스티/소환,positive_or_mixed,False,Osty deals {n} damage.,Osty deals 12 damage.,골골이가 피해를 12 줍니다.,12,"{""damage"":12,""block"":null,""hit_count"":null,""cards_draw"":null,""energy_gain"":null,""hp_loss"":null,""vars"":{""OstyDamage"":12,""Damage"":12},""upgrade"":{""ostydamage"":""+4""}}"
FLATTEN,땅고르기,Flatten,necrobinder,Common,E2,body,2,damage,피해,positive_or_mixed,False,This card costs {n} Energy if Osty has attacked this turn.,This card costs 0 Energy if Osty has attacked this turn.,"이번 턴에 골골이가 공격했다면, 이 카드의 비용이 0 Energy이 됩니다.",0,"{""damage"":12,""block"":null,""hit_count"":null,""cards_draw"":null,""energy_gain"":null,""hp_loss"":null,""vars"":{""OstyDamage"":12,""Damage"":12},""upgrade"":{""ostydamage"":""+4""}}"
FLATTEN,땅고르기,Flatten,necrobinder,Common,E2,body,2,card_cost,비용 변화,positive_or_mixed,False,This card costs {n} Energy if Osty has attacked this turn.,This card costs 0 Energy if Osty has attacked this turn.,"이번 턴에 골골이가 공격했다면, 이 카드의 비용이 0 Energy이 됩니다.",0,"{""damage"":12,""block"":null,""hit_count"":null,""cards_draw"":null,""energy_gain"":null,""hp_loss"":null,""vars"":{""OstyDamage"":12,""Damage"":12},""upgrade"":{""ostydamage"":""+4""}}"
FLATTEN,땅고르기,Flatten,necrobinder,Common,E2,body,2,energy,에너지,positive_or_mixed,False,This card costs {n} Energy if Osty has attacked this turn.,This card costs 0 Energy if Osty has attacked this turn.,"이번 턴에 골골이가 공격했다면, 이 카드의 비용이 0 Energy이 됩니다.",0,"{""damage"":12,""block"":null,""hit_count"":null,""cards_draw"":null,""energy_gain"":null,""hp_loss"":null,""vars"":{""OstyDamage"":12,""Damage"":12},""upgrade"":{""ostydamage"":""+4""}}"
FLATTEN,땅고르기,Flatten,necrobinder,Common,E2,body,2,osty,오스티/소환,positive_or_mixed,False,This card costs {n} Energy if Osty has attacked this turn.,This card costs 0 Energy if Osty has attacked this turn.,"이번 턴에 골골이가 공격했다면, 이 카드의 비용이 0 Energy이 됩니다.",0,"{""damage"":12,""block"":null,""hit_count"":null,""cards_draw"":null,""energy_gain"":null,""hp_loss"":null,""vars"":{""OstyDamage"":12,""Damage"":12},""upgrade"":{""ostydamage"":""+4""}}"
FLECHETTES,프레췌,Flechettes,silent,Uncommon,E1,body,1,damage,피해,positive_or_mixed,True,Deal {n} damage for each Skill in your Hand.,Deal 5 damage for each Skill in your Hand.,손에 있는 스킬 카드 1장당 피해를 5 줍니다.,5,"{""damage"":5,""block"":null,""hit_count"":null,""cards_draw"":null,""energy_gain"":null,""hp_loss"":null,""vars"":{""Damage"":5,""CalculationBase"":0,""CalculationExtra"":1},""upgrade"":{""damage"":""+2""}}"
FLECHETTES,프레췌,Flechettes,silent,Uncommon,E1,body,1,scaling,가변/스케일링,positive_or_mixed,True,Deal {n} damage for each Skill in your Hand.,Deal 5 damage for each Skill in your Hand.,손에 있는 스킬 카드 1장당 피해를 5 줍니다.,5,"{""damage"":5,""block"":null,""hit_count"":null,""cards_draw"":null,""energy_gain"":null,""hp_loss"":null,""vars"":{""Damage"":5,""CalculationBase"":0,""CalculationExtra"":1},""upgrade"":{""damage"":""+2""}}"
FLICK_FLACK,재주넘기,Flick-Flack,silent,Common,E1,body,1,damage,피해,positive_or_mixed,False,Deal {n} damage to ALL enemies.,Deal 6 damage to ALL enemies.,모든 적에게 피해를 6 줍니다.,6,"{""damage"":6,""block"":null,""hit_count"":null,""cards_draw"":null,""energy_gain"":null,""hp_loss"":null,""vars"":{""Damage"":6},""upgrade"":{""damage"":""+2""}}"
FLICK_FLACK,재주넘기,Flick-Flack,silent,Common,E1,keyword,,keyword,카드 키워드,contextual,False,Keyword: Sly,Keyword: Sly,키워드: 교활,,"{""damage"":6,""block"":null,""hit_count"":null,""cards_draw"":null,""energy_gain"":null,""hp_loss"":null,""vars"":{""Damage"":6},""upgrade"":{""damage"":""+2""}}"
FOCUSED_STRIKE,밀집 타격,Focused Strike,defect,Common,E1,body,1,damage,피해,positive_or_mixed,False,Deal {n} damage.,Deal 9 damage.,피해를 9 줍니다.,9,"{""damage"":9,""block"":null,""hit_count"":null,""cards_draw"":null,""energy_gain"":null,""hp_loss"":null,""vars"":{""Damage"":9,""FocusPower"":1,""Focus"":1},""upgrade"":{""damage"":""+2"",""focuspower"":""+1""}}"
FOCUSED_STRIKE,밀집 타격,Focused Strike,defect,Common,E1,body,2,orb,구체,positive_or_mixed,False,Gain {n} Focus this turn.,Gain 1 Focus this turn.,이번 턴에 밀집을 1 얻습니다.,1,"{""damage"":9,""block"":null,""hit_count"":null,""cards_draw"":null,""energy_gain"":null,""hp_loss"":null,""vars"":{""Damage"":9,""FocusPower"":1,""Focus"":1},""upgrade"":{""damage"":""+2"",""focuspower"":""+1""}}"
FOLLY,어리석음,Folly,curse,Curse,E-1,body,1,empty,효과 없음,positive_or_mixed,False,(empty),,,,"{""damage"":null,""block"":null,""hit_count"":null,""cards_draw"":null,""energy_gain"":null,""hp_loss"":null,""vars"":null,""upgrade"":null}"
FOLLY,어리석음,Folly,curse,Curse,E-1,keyword,,keyword,카드 키워드,contextual,False,Keyword: Innate,Keyword: Innate,키워드: 선천성,,"{""damage"":null,""block"":null,""hit_count"":null,""cards_draw"":null,""energy_gain"":null,""hp_loss"":null,""vars"":null,""upgrade"":null}"
FOLLY,어리석음,Folly,curse,Curse,E-1,keyword,,keyword,카드 키워드,contextual,False,Keyword: Ethereal,Keyword: Ethereal,키워드: 휘발성,,"{""damage"":null,""block"":null,""hit_count"":null,""cards_draw"":null,""energy_gain"":null,""hp_loss"":null,""vars"":null,""upgrade"":null}"
FOLLY,어리석음,Folly,curse,Curse,E-1,keyword,,keyword,카드 키워드,contextual,False,Keyword: Unplayable,Keyword: Unplayable,키워드: 사용불가,,"{""damage"":null,""block"":null,""hit_count"":null,""cards_draw"":null,""energy_gain"":null,""hp_loss"":null,""vars"":null,""upgrade"":null}"
FOLLY,어리석음,Folly,curse,Curse,E-1,keyword,,keyword,카드 키워드,contextual,False,Keyword: Eternal,Keyword: Eternal,키워드: 영구,,"{""damage"":null,""block"":null,""hit_count"":null,""cards_draw"":null,""energy_gain"":null,""hp_loss"":null,""vars"":null,""upgrade"":null}"
FOOTWORK,발놀림,Footwork,silent,Uncommon,E1,body,1,buff,강화 효과,positive_or_mixed,False,Gain {n} Dexterity.,Gain 2 Dexterity.,민첩을 2 얻습니다.,2,"{""damage"":null,""block"":null,""hit_count"":null,""cards_draw"":null,""energy_gain"":null,""hp_loss"":null,""vars"":{""DexterityPower"":2,""Dexterity"":2},""upgrade"":{""dexterity"":""+1""}}"
FORBIDDEN_GRIMOIRE,금지된 마도서,Forbidden Grimoire,necrobinder,Ancient,E2,body,1,reward_meta,전투 외/보상,positive_or_mixed,False,"At the end of combat, you may remove a card from your Deck.","At the end of combat, you may remove a card from your Deck.","전투 종료 시, 덱에서 카드를 1장 제거합니다.",,"{""damage"":null,""block"":null,""hit_count"":null,""cards_draw"":null,""energy_gain"":null,""hp_loss"":null,""vars"":null,""upgrade"":{""cost"":1}}"
FORBIDDEN_GRIMOIRE,금지된 마도서,Forbidden Grimoire,necrobinder,Ancient,E2,body,1,trigger,지속/발동기,positive_or_mixed,False,"At the end of combat, you may remove a card from your Deck.","At the end of combat, you may remove a card from your Deck.","전투 종료 시, 덱에서 카드를 1장 제거합니다.",,"{""damage"":null,""block"":null,""hit_count"":null,""cards_draw"":null,""energy_gain"":null,""hp_loss"":null,""vars"":null,""upgrade"":{""cost"":1}}"
FORBIDDEN_GRIMOIRE,금지된 마도서,Forbidden Grimoire,necrobinder,Ancient,E2,keyword,,keyword,카드 키워드,contextual,False,Keyword: Eternal,Keyword: Eternal,키워드: 영구,,"{""damage"":null,""block"":null,""hit_count"":null,""cards_draw"":null,""energy_gain"":null,""hp_loss"":null,""vars"":null,""upgrade"":{""cost"":1}}"
FOREGONE_CONCLUSION,필연적인 결과,Foregone Conclusion,regent,Rare,E1,body,1,draw,카드 뽑기,positive_or_mixed,False,"Next turn, put {n} cards from your Draw Pile into your Hand.","Next turn, put 2 cards from your Draw Pile into your Hand.","다음 턴에, 뽑을 카드 더미에서 카드를 2장 손으로 가져옵니다.",2,"{""damage"":null,""block"":null,""hit_count"":null,""cards_draw"":2,""energy_gain"":null,""hp_loss"":null,""vars"":{""Cards"":2},""upgrade"":{""cards"":""+1""}}"
FOREGONE_CONCLUSION,필연적인 결과,Foregone Conclusion,regent,Rare,E1,body,1,card_move,카드 이동/탐색,positive_or_mixed,False,"Next turn, put {n} cards from your Draw Pile into your Hand.","Next turn, put 2 cards from your Draw Pile into your Hand.","다음 턴에, 뽑을 카드 더미에서 카드를 2장 손으로 가져옵니다.",2,"{""damage"":null,""block"":null,""hit_count"":null,""cards_draw"":2,""energy_gain"":null,""hp_loss"":null,""vars"":{""Cards"":2},""upgrade"":{""cards"":""+1""}}"
FOREGONE_CONCLUSION,필연적인 결과,Foregone Conclusion,regent,Rare,E1,body,1,trigger,지속/발동기,positive_or_mixed,False,"Next turn, put {n} cards from your Draw Pile into your Hand.","Next turn, put 2 cards from your Draw Pile into your Hand.","다음 턴에, 뽑을 카드 더미에서 카드를 2장 손으로 가져옵니다.",2,"{""damage"":null,""block"":null,""hit_count"":null,""cards_draw"":2,""energy_gain"":null,""hp_loss"":null,""vars"":{""Cards"":2},""upgrade"":{""cards"":""+1""}}"
FORGOTTEN_RITUAL,잊힌 의식,Forgotten Ritual,ironclad,Uncommon,E1,body,1,exhaust,소멸시키기,positive_or_mixed,False,"If you Exhausted a card this turn, gain {n} Energy.","If you Exhausted a card this turn, gain 3 Energy.","이번 턴에 카드를 소멸시켰다면, 3 Energy를 얻습니다.",3,"{""damage"":null,""block"":null,""hit_count"":null,""cards_draw"":null,""energy_gain"":3,""hp_loss"":null,""vars"":{""Energy"":3},""upgrade"":{""energy"":""+1""}}"
FORGOTTEN_RITUAL,잊힌 의식,Forgotten Ritual,ironclad,Uncommon,E1,body,1,energy,에너지,positive_or_mixed,False,"If you Exhausted a card this turn, gain {n} Energy.","If you Exhausted a card this turn, gain 3 Energy.","이번 턴에 카드를 소멸시켰다면, 3 Energy를 얻습니다.",3,"{""damage"":null,""block"":null,""hit_count"":null,""cards_draw"":null,""energy_gain"":3,""hp_loss"":null,""vars"":{""Energy"":3},""upgrade"":{""energy"":""+1""}}"
FORGOTTEN_RITUAL,잊힌 의식,Forgotten Ritual,ironclad,Uncommon,E1,body,1,trigger,지속/발동기,positive_or_mixed,False,"If you Exhausted a card this turn, gain {n} Energy.","If you Exhausted a card this turn, gain 3 Energy.","이번 턴에 카드를 소멸시켰다면, 3 Energy를 얻습니다.",3,"{""damage"":null,""block"":null,""hit_count"":null,""cards_draw"":null,""energy_gain"":3,""hp_loss"":null,""vars"":{""Energy"":3},""upgrade"":{""energy"":""+1""}}"
FORGOTTEN_RITUAL,잊힌 의식,Forgotten Ritual,ironclad,Uncommon,E1,keyword,,keyword,카드 키워드,contextual,False,Keyword: Exhaust,Keyword: Exhaust,키워드: 소멸,,"{""damage"":null,""block"":null,""hit_count"":null,""cards_draw"":null,""energy_gain"":3,""hp_loss"":null,""vars"":{""Energy"":3},""upgrade"":{""energy"":""+1""}}"
FRANTIC_ESCAPE,필사적인 도주,Frantic Escape,status,Status,E1,body,1,bespoke_rule,고유 규칙,contextual,False,Get farther away.,Get farther away.,보스에게서 멀어집니다.,,"{""damage"":null,""block"":null,""hit_count"":null,""cards_draw"":null,""energy_gain"":null,""hp_loss"":null,""vars"":null,""upgrade"":null}"
FRANTIC_ESCAPE,필사적인 도주,Frantic Escape,status,Status,E1,body,2,bespoke_rule,고유 규칙,contextual,False,Increase Sandpit by {n}.,Increase Sandpit by 1.,모래 구덩이가 1 증가합니다.,1,"{""damage"":null,""block"":null,""hit_count"":null,""cards_draw"":null,""energy_gain"":null,""hp_loss"":null,""vars"":null,""upgrade"":null}"
FRANTIC_ESCAPE,필사적인 도주,Frantic Escape,status,Status,E1,body,3,card_cost,비용 변화,positive_or_mixed,False,Increase the cost of this card by {n}.,Increase the cost of this card by 1.,이 카드의 비용이 1 증가합니다.,1,"{""damage"":null,""block"":null,""hit_count"":null,""cards_draw"":null,""energy_gain"":null,""hp_loss"":null,""vars"":null,""upgrade"":null}"
FRIENDSHIP,우정,Friendship,necrobinder,Uncommon,E1,body,1,buff,강화 효과,negative_or_cost,False,Lose {n} Strength.,Lose 2 Strength.,힘을 2 잃습니다.,2,"{""damage"":null,""block"":null,""hit_count"":null,""cards_draw"":null,""energy_gain"":1,""hp_loss"":null,""vars"":{""Energy"":1,""StrengthPower"":2,""Strength"":2},""upgrade"":{""strengthpower"":""-1""}}"
FRIENDSHIP,우정,Friendship,necrobinder,Uncommon,E1,body,2,energy,에너지,positive_or_mixed,False,Gain {n} Energy at the start of each turn.,Gain 1 Energy at the start of each turn.,매 턴 시작 시 1 Energy를 얻습니다.,1,"{""damage"":null,""block"":null,""hit_count"":null,""cards_draw"":null,""energy_gain"":1,""hp_loss"":null,""vars"":{""Energy"":1,""StrengthPower"":2,""Strength"":2},""upgrade"":{""strengthpower"":""-1""}}"
FTL,FTL,FTL,defect,Uncommon,E0,body,1,damage,피해,positive_or_mixed,False,Deal {n} damage.,Deal 5 damage.,피해를 5 줍니다.,5,"{""damage"":5,""block"":null,""hit_count"":null,""cards_draw"":1,""energy_gain"":null,""hp_loss"":null,""vars"":{""PlayMax"":3,""Damage"":5,""Cards"":1},""upgrade"":{""damage"":""+1"",""playmax"":""+1""}}"
FTL,FTL,FTL,defect,Uncommon,E0,body,2,draw,카드 뽑기,positive_or_mixed,False,"If you have played fewer than {n} cards this turn, draw {n} card.","If you have played fewer than 3 cards this turn, draw 1 card.","이번 턴에 카드를 3장보다 적게 사용했다면, 카드를 1장 뽑습니다.",3|1,"{""damage"":5,""block"":null,""hit_count"":null,""cards_draw"":1,""energy_gain"":null,""hp_loss"":null,""vars"":{""PlayMax"":3,""Damage"":5,""Cards"":1},""upgrade"":{""damage"":""+1"",""playmax"":""+1""}}"
FTL,FTL,FTL,defect,Uncommon,E0,body,2,card_play,추가 사용/재사용,positive_or_mixed,False,"If you have played fewer than {n} cards this turn, draw {n} card.","If you have played fewer than 3 cards this turn, draw 1 card.","이번 턴에 카드를 3장보다 적게 사용했다면, 카드를 1장 뽑습니다.",3|1,"{""damage"":5,""block"":null,""hit_count"":null,""cards_draw"":1,""energy_gain"":null,""hp_loss"":null,""vars"":{""PlayMax"":3,""Damage"":5,""Cards"":1},""upgrade"":{""damage"":""+1"",""playmax"":""+1""}}"
FTL,FTL,FTL,defect,Uncommon,E0,body,2,trigger,지속/발동기,positive_or_mixed,False,"If you have played fewer than {n} cards this turn, draw {n} card.","If you have played fewer than 3 cards this turn, draw 1 card.","이번 턴에 카드를 3장보다 적게 사용했다면, 카드를 1장 뽑습니다.",3|1,"{""damage"":5,""block"":null,""hit_count"":null,""cards_draw"":1,""energy_gain"":null,""hp_loss"":null,""vars"":{""PlayMax"":3,""Damage"":5,""Cards"":1},""upgrade"":{""damage"":""+1"",""playmax"":""+1""}}"
FUEL,연료,Fuel,token,Token,E0,body,1,energy,에너지,positive_or_mixed,False,Gain {n} Energy.,Gain 1 Energy.,1 Energy를 얻습니다.,1,"{""damage"":null,""block"":null,""hit_count"":null,""cards_draw"":1,""energy_gain"":1,""hp_loss"":null,""vars"":{""Energy"":1,""Cards"":1},""upgrade"":{""cards"":""+1""}}"
FUEL,연료,Fuel,token,Token,E0,body,2,draw,카드 뽑기,positive_or_mixed,False,Draw {n} card.,Draw 1 card.,카드를 1장 뽑습니다.,1,"{""damage"":null,""block"":null,""hit_count"":null,""cards_draw"":1,""energy_gain"":1,""hp_loss"":null,""vars"":{""Energy"":1,""Cards"":1},""upgrade"":{""cards"":""+1""}}"
FUEL,연료,Fuel,token,Token,E0,keyword,,keyword,카드 키워드,contextual,False,Keyword: Exhaust,Keyword: Exhaust,키워드: 소멸,,"{""damage"":null,""block"":null,""hit_count"":null,""cards_draw"":1,""energy_gain"":1,""hp_loss"":null,""vars"":{""Energy"":1,""Cards"":1},""upgrade"":{""cards"":""+1""}}"
FURNACE,용광로,Furnace,regent,Uncommon,E1,body,1,forge,제련,positive_or_mixed,False,"At the start of your turn, Forge {n}.","At the start of your turn, Forge 5.","내 턴 시작 시, 단조 5.",5,"{""damage"":null,""block"":null,""hit_count"":null,""cards_draw"":null,""energy_gain"":null,""hp_loss"":null,""vars"":{""Forge"":5},""upgrade"":{""forge"":""+2""}}"
FURNACE,용광로,Furnace,regent,Uncommon,E1,body,1,trigger,지속/발동기,positive_or_mixed,False,"At the start of your turn, Forge {n}.","At the start of your turn, Forge 5.","내 턴 시작 시, 단조 5.",5,"{""damage"":null,""block"":null,""hit_count"":null,""cards_draw"":null,""energy_gain"":null,""hp_loss"":null,""vars"":{""Forge"":5},""upgrade"":{""forge"":""+2""}}"
FUSION,융합,Fusion,defect,Uncommon,E1,body,1,orb,구체,positive_or_mixed,False,Channel {n} Plasma.,Channel 1 Plasma.,플라즈마를 1번 영창합니다.,1,"{""damage"":null,""block"":null,""hit_count"":null,""cards_draw"":null,""energy_gain"":null,""hp_loss"":null,""vars"":null,""upgrade"":{""remove_exhaust"":1}}"
FUSION,융합,Fusion,defect,Uncommon,E1,keyword,,keyword,카드 키워드,contextual,False,Keyword: Exhaust,Keyword: Exhaust,키워드: 소멸,,"{""damage"":null,""block"":null,""hit_count"":null,""cards_draw"":null,""energy_gain"":null,""hp_loss"":null,""vars"":null,""upgrade"":{""remove_exhaust"":1}}"
GAMMA_BLAST,감마 세례,Gamma Blast,regent,Uncommon,E0+S3,body,1,damage,피해,positive_or_mixed,False,Deal {n} damage.,Deal 13 damage.,피해를 13 줍니다.,13,"{""damage"":13,""block"":null,""hit_count"":null,""cards_draw"":null,""energy_gain"":null,""hp_loss"":null,""vars"":{""Damage"":13,""VulnerablePower"":2,""Vulnerable"":2,""WeakPower"":2,""Weak"":2,""StarCost"":3},""upgrade"":{""damage"":""+5""}}"
GAMMA_BLAST,감마 세례,Gamma Blast,regent,Uncommon,E0+S3,body,2,debuff,약화 효과,positive_or_mixed,False,Apply {n} Weak.,Apply 2 Weak.,약화를 2 부여합니다.,2,"{""damage"":13,""block"":null,""hit_count"":null,""cards_draw"":null,""energy_gain"":null,""hp_loss"":null,""vars"":{""Damage"":13,""VulnerablePower"":2,""Vulnerable"":2,""WeakPower"":2,""Weak"":2,""StarCost"":3},""upgrade"":{""damage"":""+5""}}"
GAMMA_BLAST,감마 세례,Gamma Blast,regent,Uncommon,E0+S3,body,3,debuff,약화 효과,positive_or_mixed,False,Apply {n} Vulnerable.,Apply 2 Vulnerable.,취약을 2 부여합니다.,2,"{""damage"":13,""block"":null,""hit_count"":null,""cards_draw"":null,""energy_gain"":null,""hp_loss"":null,""vars"":{""Damage"":13,""VulnerablePower"":2,""Vulnerable"":2,""WeakPower"":2,""Weak"":2,""StarCost"":3},""upgrade"":{""damage"":""+5""}}"
GANG_UP,집단 공격,Gang Up,colorless,Uncommon,E1,body,1,damage,피해,positive_or_mixed,False,Deal {n} damage.,Deal 5 damage.,피해를 5 줍니다.,5,"{""damage"":5,""block"":null,""hit_count"":null,""cards_draw"":null,""energy_gain"":null,""hp_loss"":null,""vars"":{""CalculationBase"":5,""ExtraDamage"":5,""CalculatedDamage"":5},""upgrade"":{""extradamage"":""+2""}}"
GANG_UP,집단 공격,Gang Up,colorless,Uncommon,E1,body,2,ally,협동,positive_or_mixed,True,Deals {n} additional damage for each time another player has attacked the enemy this turn.,Deals 5 additional damage for each time another player has attacked the enemy this turn.,이번 턴에 다른 플레이어가 대상 적을 공격한 횟수당 피해량이 5 증가합니다.,5,"{""damage"":5,""block"":null,""hit_count"":null,""cards_draw"":null,""energy_gain"":null,""hp_loss"":null,""vars"":{""CalculationBase"":5,""ExtraDamage"":5,""CalculatedDamage"":5},""upgrade"":{""extradamage"":""+2""}}"
GANG_UP,집단 공격,Gang Up,colorless,Uncommon,E1,body,2,damage,피해,positive_or_mixed,True,Deals {n} additional damage for each time another player has attacked the enemy this turn.,Deals 5 additional damage for each time another player has attacked the enemy this turn.,이번 턴에 다른 플레이어가 대상 적을 공격한 횟수당 피해량이 5 증가합니다.,5,"{""damage"":5,""block"":null,""hit_count"":null,""cards_draw"":null,""energy_gain"":null,""hp_loss"":null,""vars"":{""CalculationBase"":5,""ExtraDamage"":5,""CalculatedDamage"":5},""upgrade"":{""extradamage"":""+2""}}"
GANG_UP,집단 공격,Gang Up,colorless,Uncommon,E1,body,2,scaling,가변/스케일링,positive_or_mixed,True,Deals {n} additional damage for each time another player has attacked the enemy this turn.,Deals 5 additional damage for each time another player has attacked the enemy this turn.,이번 턴에 다른 플레이어가 대상 적을 공격한 횟수당 피해량이 5 증가합니다.,5,"{""damage"":5,""block"":null,""hit_count"":null,""cards_draw"":null,""energy_gain"":null,""hp_loss"":null,""vars"":{""CalculationBase"":5,""ExtraDamage"":5,""CalculatedDamage"":5},""upgrade"":{""extradamage"":""+2""}}"
GATHER_LIGHT,빛 거두기,Gather Light,regent,Common,E1,body,1,block,방어도,positive_or_mixed,False,Gain {n} Block.,Gain 8 Block.,방어도를 8 얻습니다.,8,"{""damage"":null,""block"":8,""hit_count"":null,""cards_draw"":null,""energy_gain"":null,""hp_loss"":null,""vars"":{""Block"":8,""Stars"":1},""upgrade"":{""block"":""+3""}}"
GATHER_LIGHT,빛 거두기,Gather Light,regent,Common,E1,body,2,stars,별,positive_or_mixed,False,Gain {n} Stars.,Gain 1 Stars.,1 Stars을 얻습니다.,1,"{""damage"":null,""block"":8,""hit_count"":null,""cards_draw"":null,""energy_gain"":null,""hp_loss"":null,""vars"":{""Block"":8,""Stars"":1},""upgrade"":{""block"":""+3""}}"
GENESIS,창세,Genesis,regent,Rare,E2,body,1,stars,별,positive_or_mixed,False,"At the start of your turn, gain {n} Stars.","At the start of your turn, gain 2 Stars.","내 턴 시작 시, 2 Stars을 얻습니다.",2,"{""damage"":null,""block"":null,""hit_count"":null,""cards_draw"":null,""energy_gain"":null,""hp_loss"":null,""vars"":{""StarsPerTurn"":2},""upgrade"":{""starsperturn"":""+1""}}"
GENESIS,창세,Genesis,regent,Rare,E2,body,1,trigger,지속/발동기,positive_or_mixed,False,"At the start of your turn, gain {n} Stars.","At the start of your turn, gain 2 Stars.","내 턴 시작 시, 2 Stars을 얻습니다.",2,"{""damage"":null,""block"":null,""hit_count"":null,""cards_draw"":null,""energy_gain"":null,""hp_loss"":null,""vars"":{""StarsPerTurn"":2},""upgrade"":{""starsperturn"":""+1""}}"
GENETIC_ALGORITHM,유전 알고리즘,Genetic Algorithm,defect,Rare,E1,body,1,block,방어도,positive_or_mixed,False,Gain {n} Block.,Gain 1 Block.,방어도를 1 얻습니다.,1,"{""damage"":null,""block"":1,""hit_count"":null,""cards_draw"":null,""energy_gain"":null,""hp_loss"":null,""vars"":{""Increase"":3,""Block"":1},""upgrade"":{""increase"":""+1""}}"
GENETIC_ALGORITHM,유전 알고리즘,Genetic Algorithm,defect,Rare,E1,body,2,block,방어도,positive_or_mixed,False,Permanently increase this card's Block by {n}.,Permanently increase this card's Block by 3.,이 카드로 얻는 방어도가 영구적으로 3 증가합니다.,3,"{""damage"":null,""block"":1,""hit_count"":null,""cards_draw"":null,""energy_gain"":null,""hp_loss"":null,""vars"":{""Increase"":3,""Block"":1},""upgrade"":{""increase"":""+1""}}"
GENETIC_ALGORITHM,유전 알고리즘,Genetic Algorithm,defect,Rare,E1,keyword,,keyword,카드 키워드,contextual,False,Keyword: Exhaust,Keyword: Exhaust,키워드: 소멸,,"{""damage"":null,""block"":1,""hit_count"":null,""cards_draw"":null,""energy_gain"":null,""hp_loss"":null,""vars"":{""Increase"":3,""Block"":1},""upgrade"":{""increase"":""+1""}}"
GIANT_ROCK,거대한 바위,Giant Rock,token,Token,E1,body,1,damage,피해,positive_or_mixed,False,Deal {n} damage.,Deal 16 damage.,피해를 16 줍니다.,16,"{""damage"":16,""block"":null,""hit_count"":null,""cards_draw"":null,""energy_gain"":null,""hp_loss"":null,""vars"":{""Damage"":16},""upgrade"":{""damage"":""+4""}}"
GLACIER,빙하,Glacier,defect,Uncommon,E2,body,1,block,방어도,positive_or_mixed,False,Gain {n} Block.,Gain 6 Block.,방어도를 6 얻습니다.,6,"{""damage"":null,""block"":6,""hit_count"":null,""cards_draw"":null,""energy_gain"":null,""hp_loss"":null,""vars"":{""Block"":6},""upgrade"":{""block"":""+3""}}"
GLACIER,빙하,Glacier,defect,Uncommon,E2,body,2,orb,구체,positive_or_mixed,False,Channel {n} Frost.,Channel 2 Frost.,냉기를 2번 영창합니다.,2,"{""damage"":null,""block"":6,""hit_count"":null,""cards_draw"":null,""energy_gain"":null,""hp_loss"":null,""vars"":{""Block"":6},""upgrade"":{""block"":""+3""}}"
GLASSWORK,유리 공예,Glasswork,defect,Uncommon,E1,body,1,block,방어도,positive_or_mixed,False,Gain {n} Block.,Gain 5 Block.,방어도를 5 얻습니다.,5,"{""damage"":null,""block"":5,""hit_count"":null,""cards_draw"":null,""energy_gain"":null,""hp_loss"":null,""vars"":{""Block"":5},""upgrade"":{""block"":""+3""}}"
GLASSWORK,유리 공예,Glasswork,defect,Uncommon,E1,body,2,orb,구체,positive_or_mixed,False,Channel {n} Glass.,Channel 1 Glass.,유리를 1번 영창합니다.,1,"{""damage"":null,""block"":5,""hit_count"":null,""cards_draw"":null,""energy_gain"":null,""hp_loss"":null,""vars"":{""Block"":5},""upgrade"":{""block"":""+3""}}"
GLIMMER,희미한 빛,Glimmer,regent,Uncommon,E1,body,1,draw,카드 뽑기,positive_or_mixed,False,Draw {n} cards.,Draw 3 cards.,카드를 3장 뽑습니다.,3,"{""damage"":null,""block"":null,""hit_count"":null,""cards_draw"":3,""energy_gain"":null,""hp_loss"":null,""vars"":{""PutBack"":1,""Cards"":3},""upgrade"":{""cards"":""+1""}}"
GLIMMER,희미한 빛,Glimmer,regent,Uncommon,E1,body,2,draw,카드 뽑기,positive_or_mixed,False,Put {n} card from your Hand on top of your Draw Pile.,Put 1 card from your Hand on top of your Draw Pile.,손에 있는 카드 1장을 뽑을 카드 더미 맨 위에 놓습니다.,1,"{""damage"":null,""block"":null,""hit_count"":null,""cards_draw"":3,""energy_gain"":null,""hp_loss"":null,""vars"":{""PutBack"":1,""Cards"":3},""upgrade"":{""cards"":""+1""}}"
GLIMMER,희미한 빛,Glimmer,regent,Uncommon,E1,body,2,card_move,카드 이동/탐색,positive_or_mixed,False,Put {n} card from your Hand on top of your Draw Pile.,Put 1 card from your Hand on top of your Draw Pile.,손에 있는 카드 1장을 뽑을 카드 더미 맨 위에 놓습니다.,1,"{""damage"":null,""block"":null,""hit_count"":null,""cards_draw"":3,""energy_gain"":null,""hp_loss"":null,""vars"":{""PutBack"":1,""Cards"":3},""upgrade"":{""cards"":""+1""}}"
GLIMPSE_BEYOND,경계 엿보기,Glimpse Beyond,necrobinder,Rare,E1,body,1,ally,협동,positive_or_mixed,False,ALL players add {n} Souls into their Draw Pile.,ALL players add 3 Souls into their Draw Pile.,모든 플레이어의 뽑을 카드 더미에 영혼을 3장 추가합니다.,3,"{""damage"":null,""block"":null,""hit_count"":null,""cards_draw"":3,""energy_gain"":null,""hp_loss"":null,""vars"":{""Cards"":3},""upgrade"":{""cards"":""+1""}}"
GLIMPSE_BEYOND,경계 엿보기,Glimpse Beyond,necrobinder,Rare,E1,body,1,draw,카드 뽑기,positive_or_mixed,False,ALL players add {n} Souls into their Draw Pile.,ALL players add 3 Souls into their Draw Pile.,모든 플레이어의 뽑을 카드 더미에 영혼을 3장 추가합니다.,3,"{""damage"":null,""block"":null,""hit_count"":null,""cards_draw"":3,""energy_gain"":null,""hp_loss"":null,""vars"":{""Cards"":3},""upgrade"":{""cards"":""+1""}}"
GLIMPSE_BEYOND,경계 엿보기,Glimpse Beyond,necrobinder,Rare,E1,body,1,card_create,카드 생성,positive_or_mixed,False,ALL players add {n} Souls into their Draw Pile.,ALL players add 3 Souls into their Draw Pile.,모든 플레이어의 뽑을 카드 더미에 영혼을 3장 추가합니다.,3,"{""damage"":null,""block"":null,""hit_count"":null,""cards_draw"":3,""energy_gain"":null,""hp_loss"":null,""vars"":{""Cards"":3},""upgrade"":{""cards"":""+1""}}"
GLIMPSE_BEYOND,경계 엿보기,Glimpse Beyond,necrobinder,Rare,E1,keyword,,keyword,카드 키워드,contextual,False,Keyword: Exhaust,Keyword: Exhaust,키워드: 소멸,,"{""damage"":null,""block"":null,""hit_count"":null,""cards_draw"":3,""energy_gain"":null,""hp_loss"":null,""vars"":{""Cards"":3},""upgrade"":{""cards"":""+1""}}"
GLITTERSTREAM,빛의 흐름,Glitterstream,regent,Common,E2,body,1,block,방어도,positive_or_mixed,False,Gain {n} Block.,Gain 11 Block.,방어도를 11 얻습니다.,11,"{""damage"":null,""block"":11,""hit_count"":null,""cards_draw"":null,""energy_gain"":null,""hp_loss"":null,""vars"":{""BlockNextTurn"":5,""Block"":11},""upgrade"":{""block"":""+2"",""blocknextturn"":""+2""}}"
GLITTERSTREAM,빛의 흐름,Glitterstream,regent,Common,E2,body,2,block,방어도,positive_or_mixed,False,"Next turn, gain {n} Block.","Next turn, gain 5 Block.","다음 턴에, 방어도를 5 얻습니다.",5,"{""damage"":null,""block"":11,""hit_count"":null,""cards_draw"":null,""energy_gain"":null,""hp_loss"":null,""vars"":{""BlockNextTurn"":5,""Block"":11},""upgrade"":{""block"":""+2"",""blocknextturn"":""+2""}}"
GLITTERSTREAM,빛의 흐름,Glitterstream,regent,Common,E2,body,2,trigger,지속/발동기,positive_or_mixed,False,"Next turn, gain {n} Block.","Next turn, gain 5 Block.","다음 턴에, 방어도를 5 얻습니다.",5,"{""damage"":null,""block"":11,""hit_count"":null,""cards_draw"":null,""energy_gain"":null,""hp_loss"":null,""vars"":{""BlockNextTurn"":5,""Block"":11},""upgrade"":{""block"":""+2"",""blocknextturn"":""+2""}}"
GLOW,광채,Glow,regent,Common,E1,body,1,stars,별,positive_or_mixed,False,Gain {n} Stars.,Gain 1 Stars.,1 Stars을 얻습니다.,1,"{""damage"":null,""block"":null,""hit_count"":null,""cards_draw"":1,""energy_gain"":null,""hp_loss"":null,""vars"":{""Stars"":1,""Cards"":1},""upgrade"":{""stars"":""+1""}}"
GLOW,광채,Glow,regent,Common,E1,body,2,draw,카드 뽑기,positive_or_mixed,False,Draw {n} card.,Draw 1 card.,카드를 1장 뽑습니다.,1,"{""damage"":null,""block"":null,""hit_count"":null,""cards_draw"":1,""energy_gain"":null,""hp_loss"":null,""vars"":{""Stars"":1,""Cards"":1},""upgrade"":{""stars"":""+1""}}"
GLOW,광채,Glow,regent,Common,E1,body,3,draw,카드 뽑기,positive_or_mixed,False,"Next turn, draw {n} card.","Next turn, draw 1 card.","다음 턴에, 카드를 1장 뽑습니다.",1,"{""damage"":null,""block"":null,""hit_count"":null,""cards_draw"":1,""energy_gain"":null,""hp_loss"":null,""vars"":{""Stars"":1,""Cards"":1},""upgrade"":{""stars"":""+1""}}"
GLOW,광채,Glow,regent,Common,E1,body,3,trigger,지속/발동기,positive_or_mixed,False,"Next turn, draw {n} card.","Next turn, draw 1 card.","다음 턴에, 카드를 1장 뽑습니다.",1,"{""damage"":null,""block"":null,""hit_count"":null,""cards_draw"":1,""energy_gain"":null,""hp_loss"":null,""vars"":{""Stars"":1,""Cards"":1},""upgrade"":{""stars"":""+1""}}"
GOLD_AXE,황금 도끼,Gold Axe,colorless,Rare,E1,body,1,damage,피해,positive_or_mixed,True,Deal damage equal to the number of cards played this combat.,Deal damage equal to the number of cards played this combat.,이번 전투 동안 사용한 카드의 수와 동일한 만큼의 피해를 줍니다.,,"{""damage"":0,""block"":null,""hit_count"":null,""cards_draw"":null,""energy_gain"":null,""hp_loss"":null,""vars"":{""CalculationBase"":0,""ExtraDamage"":1,""CalculatedDamage"":0},""upgrade"":{""add_retain"":1}}"
GOLD_AXE,황금 도끼,Gold Axe,colorless,Rare,E1,body,1,card_play,추가 사용/재사용,positive_or_mixed,True,Deal damage equal to the number of cards played this combat.,Deal damage equal to the number of cards played this combat.,이번 전투 동안 사용한 카드의 수와 동일한 만큼의 피해를 줍니다.,,"{""damage"":0,""block"":null,""hit_count"":null,""cards_draw"":null,""energy_gain"":null,""hp_loss"":null,""vars"":{""CalculationBase"":0,""ExtraDamage"":1,""CalculatedDamage"":0},""upgrade"":{""add_retain"":1}}"
GOLD_AXE,황금 도끼,Gold Axe,colorless,Rare,E1,body,1,scaling,가변/스케일링,positive_or_mixed,True,Deal damage equal to the number of cards played this combat.,Deal damage equal to the number of cards played this combat.,이번 전투 동안 사용한 카드의 수와 동일한 만큼의 피해를 줍니다.,,"{""damage"":0,""block"":null,""hit_count"":null,""cards_draw"":null,""energy_gain"":null,""hp_loss"":null,""vars"":{""CalculationBase"":0,""ExtraDamage"":1,""CalculatedDamage"":0},""upgrade"":{""add_retain"":1}}"
GO_FOR_THE_EYES,눈 할퀴기,Go for the Eyes,defect,Common,E0,body,1,damage,피해,positive_or_mixed,False,Deal {n} damage.,Deal 3 damage.,피해를 3 줍니다.,3,"{""damage"":3,""block"":null,""hit_count"":null,""cards_draw"":null,""energy_gain"":null,""hp_loss"":null,""vars"":{""Damage"":3,""WeakPower"":1,""Weak"":1},""upgrade"":{""damage"":""+1"",""weak"":""+1""}}"
GO_FOR_THE_EYES,눈 할퀴기,Go for the Eyes,defect,Common,E0,body,2,debuff,약화 효과,positive_or_mixed,False,"If the enemy intends to attack, apply {n} Weak.","If the enemy intends to attack, apply 1 Weak.",적이 공격할 의도가 있다면 약화를 1 부여합니다.,1,"{""damage"":3,""block"":null,""hit_count"":null,""cards_draw"":null,""energy_gain"":null,""hp_loss"":null,""vars"":{""Damage"":3,""WeakPower"":1,""Weak"":1},""upgrade"":{""damage"":""+1"",""weak"":""+1""}}"
GO_FOR_THE_EYES,눈 할퀴기,Go for the Eyes,defect,Common,E0,body,2,enemy_control,적 제어,positive_or_mixed,False,"If the enemy intends to attack, apply {n} Weak.","If the enemy intends to attack, apply 1 Weak.",적이 공격할 의도가 있다면 약화를 1 부여합니다.,1,"{""damage"":3,""block"":null,""hit_count"":null,""cards_draw"":null,""energy_gain"":null,""hp_loss"":null,""vars"":{""Damage"":3,""WeakPower"":1,""Weak"":1},""upgrade"":{""damage"":""+1"",""weak"":""+1""}}"
GO_FOR_THE_EYES,눈 할퀴기,Go for the Eyes,defect,Common,E0,body,2,trigger,지속/발동기,positive_or_mixed,False,"If the enemy intends to attack, apply {n} Weak.","If the enemy intends to attack, apply 1 Weak.",적이 공격할 의도가 있다면 약화를 1 부여합니다.,1,"{""damage"":3,""block"":null,""hit_count"":null,""cards_draw"":null,""energy_gain"":null,""hp_loss"":null,""vars"":{""Damage"":3,""WeakPower"":1,""Weak"":1},""upgrade"":{""damage"":""+1"",""weak"":""+1""}}"
GRAND_FINALE,대단원의 막,Grand Finale,silent,Rare,E0,body,1,draw,카드 뽑기,positive_or_mixed,False,Can only be played if there are no cards in your Draw Pile.,Can only be played if there are no cards in your Draw Pile.,뽑을 카드 더미에 카드가 없을 때만 사용할 수 있습니다.,,"{""damage"":60,""block"":null,""hit_count"":null,""cards_draw"":null,""energy_gain"":null,""hp_loss"":null,""vars"":{""Damage"":60},""upgrade"":{""damage"":""+15""}}"
GRAND_FINALE,대단원의 막,Grand Finale,silent,Rare,E0,body,1,card_play,추가 사용/재사용,positive_or_mixed,False,Can only be played if there are no cards in your Draw Pile.,Can only be played if there are no cards in your Draw Pile.,뽑을 카드 더미에 카드가 없을 때만 사용할 수 있습니다.,,"{""damage"":60,""block"":null,""hit_count"":null,""cards_draw"":null,""energy_gain"":null,""hp_loss"":null,""vars"":{""Damage"":60},""upgrade"":{""damage"":""+15""}}"
GRAND_FINALE,대단원의 막,Grand Finale,silent,Rare,E0,body,1,restriction,사용 제약,positive_or_mixed,False,Can only be played if there are no cards in your Draw Pile.,Can only be played if there are no cards in your Draw Pile.,뽑을 카드 더미에 카드가 없을 때만 사용할 수 있습니다.,,"{""damage"":60,""block"":null,""hit_count"":null,""cards_draw"":null,""energy_gain"":null,""hp_loss"":null,""vars"":{""Damage"":60},""upgrade"":{""damage"":""+15""}}"
GRAND_FINALE,대단원의 막,Grand Finale,silent,Rare,E0,body,2,damage,피해,positive_or_mixed,False,Deal {n} damage to ALL enemies.,Deal 60 damage to ALL enemies.,모든 적에게 피해를 60 줍니다.,60,"{""damage"":60,""block"":null,""hit_count"":null,""cards_draw"":null,""energy_gain"":null,""hp_loss"":null,""vars"":{""Damage"":60},""upgrade"":{""damage"":""+15""}}"
GRAVEBLAST,무덤 폭발,Graveblast,necrobinder,Common,E1,body,1,damage,피해,positive_or_mixed,False,Deal {n} damage.,Deal 4 damage.,피해를 4 줍니다.,4,"{""damage"":4,""block"":null,""hit_count"":null,""cards_draw"":null,""energy_gain"":null,""hp_loss"":null,""vars"":{""Damage"":4},""upgrade"":{""damage"":""+2"",""remove_exhaust"":1}}"
GRAVEBLAST,무덤 폭발,Graveblast,necrobinder,Common,E1,body,2,discard,버리기,positive_or_mixed,False,Put a card from your Discard Pile into your Hand.,Put a card from your Discard Pile into your Hand.,버린 카드 더미에서 카드를 1장 손으로 가져옵니다.,,"{""damage"":4,""block"":null,""hit_count"":null,""cards_draw"":null,""energy_gain"":null,""hp_loss"":null,""vars"":{""Damage"":4},""upgrade"":{""damage"":""+2"",""remove_exhaust"":1}}"
GRAVEBLAST,무덤 폭발,Graveblast,necrobinder,Common,E1,body,2,card_move,카드 이동/탐색,positive_or_mixed,False,Put a card from your Discard Pile into your Hand.,Put a card from your Discard Pile into your Hand.,버린 카드 더미에서 카드를 1장 손으로 가져옵니다.,,"{""damage"":4,""block"":null,""hit_count"":null,""cards_draw"":null,""energy_gain"":null,""hp_loss"":null,""vars"":{""Damage"":4},""upgrade"":{""damage"":""+2"",""remove_exhaust"":1}}"
GRAVEBLAST,무덤 폭발,Graveblast,necrobinder,Common,E1,keyword,,keyword,카드 키워드,contextual,False,Keyword: Exhaust,Keyword: Exhaust,키워드: 소멸,,"{""damage"":4,""block"":null,""hit_count"":null,""cards_draw"":null,""energy_gain"":null,""hp_loss"":null,""vars"":{""Damage"":4},""upgrade"":{""damage"":""+2"",""remove_exhaust"":1}}"
GRAVE_WARDEN,무덤지기,Grave Warden,necrobinder,Common,E1,body,1,block,방어도,positive_or_mixed,False,Gain {n} Block.,Gain 8 Block.,방어도를 8 얻습니다.,8,"{""damage"":null,""block"":8,""hit_count"":null,""cards_draw"":1,""energy_gain"":null,""hp_loss"":null,""vars"":{""Block"":8,""Cards"":1},""upgrade"":{""block"":""+3""}}"
GRAVE_WARDEN,무덤지기,Grave Warden,necrobinder,Common,E1,body,2,draw,카드 뽑기,positive_or_mixed,False,Add a Soul into your Draw Pile.,Add a Soul into your Draw Pile.,뽑을 카드 더미에 영혼을 1장 추가합니다.,,"{""damage"":null,""block"":8,""hit_count"":null,""cards_draw"":1,""energy_gain"":null,""hp_loss"":null,""vars"":{""Block"":8,""Cards"":1},""upgrade"":{""block"":""+3""}}"
GRAVE_WARDEN,무덤지기,Grave Warden,necrobinder,Common,E1,body,2,card_create,카드 생성,positive_or_mixed,False,Add a Soul into your Draw Pile.,Add a Soul into your Draw Pile.,뽑을 카드 더미에 영혼을 1장 추가합니다.,,"{""damage"":null,""block"":8,""hit_count"":null,""cards_draw"":1,""energy_gain"":null,""hp_loss"":null,""vars"":{""Block"":8,""Cards"":1},""upgrade"":{""block"":""+3""}}"
GREED,탐욕,Greed,curse,Curse,E-1,body,1,empty,효과 없음,positive_or_mixed,False,(empty),,,,"{""damage"":null,""block"":null,""hit_count"":null,""cards_draw"":null,""energy_gain"":null,""hp_loss"":null,""vars"":null,""upgrade"":null}"
GREED,탐욕,Greed,curse,Curse,E-1,keyword,,keyword,카드 키워드,contextual,False,Keyword: Unplayable,Keyword: Unplayable,키워드: 사용불가,,"{""damage"":null,""block"":null,""hit_count"":null,""cards_draw"":null,""energy_gain"":null,""hp_loss"":null,""vars"":null,""upgrade"":null}"
GREED,탐욕,Greed,curse,Curse,E-1,keyword,,keyword,카드 키워드,contextual,False,Keyword: Eternal,Keyword: Eternal,키워드: 영구,,"{""damage"":null,""block"":null,""hit_count"":null,""cards_draw"":null,""energy_gain"":null,""hp_loss"":null,""vars"":null,""upgrade"":null}"
GUARDS,막아라!!!,GUARDS!!!,regent,Rare,E2,body,1,card_transform,변화,positive_or_mixed,True,Transform any number of cards in your Hand into Minion Sacrifice.,Transform any number of cards in your Hand into Minion Sacrifice.,손에 있는 카드를 원하는 만큼 하수인 희생으로 변화시킵니다.,,"{""damage"":null,""block"":null,""hit_count"":null,""cards_draw"":null,""energy_gain"":null,""hp_loss"":null,""vars"":null,""upgrade"":{""description_changed"":1}}"
GUARDS,막아라!!!,GUARDS!!!,regent,Rare,E2,body,1,osty,오스티/소환,positive_or_mixed,True,Transform any number of cards in your Hand into Minion Sacrifice.,Transform any number of cards in your Hand into Minion Sacrifice.,손에 있는 카드를 원하는 만큼 하수인 희생으로 변화시킵니다.,,"{""damage"":null,""block"":null,""hit_count"":null,""cards_draw"":null,""energy_gain"":null,""hp_loss"":null,""vars"":null,""upgrade"":{""description_changed"":1}}"
GUARDS,막아라!!!,GUARDS!!!,regent,Rare,E2,body,1,scaling,가변/스케일링,positive_or_mixed,True,Transform any number of cards in your Hand into Minion Sacrifice.,Transform any number of cards in your Hand into Minion Sacrifice.,손에 있는 카드를 원하는 만큼 하수인 희생으로 변화시킵니다.,,"{""damage"":null,""block"":null,""hit_count"":null,""cards_draw"":null,""energy_gain"":null,""hp_loss"":null,""vars"":null,""upgrade"":{""description_changed"":1}}"
GUARDS,막아라!!!,GUARDS!!!,regent,Rare,E2,keyword,,keyword,카드 키워드,contextual,False,Keyword: Exhaust,Keyword: Exhaust,키워드: 소멸,,"{""damage"":null,""block"":null,""hit_count"":null,""cards_draw"":null,""energy_gain"":null,""hp_loss"":null,""vars"":null,""upgrade"":{""description_changed"":1}}"
GUIDING_STAR,길잡이별,Guiding Star,regent,Common,E1+S2,body,1,damage,피해,positive_or_mixed,False,Deal {n} damage.,Deal 12 damage.,피해를 12 줍니다.,12,"{""damage"":12,""block"":null,""hit_count"":null,""cards_draw"":2,""energy_gain"":null,""hp_loss"":null,""vars"":{""Damage"":12,""Cards"":2,""StarCost"":2},""upgrade"":{""damage"":""+1"",""cards"":""+1""}}"
GUIDING_STAR,길잡이별,Guiding Star,regent,Common,E1+S2,body,2,draw,카드 뽑기,positive_or_mixed,False,Draw {n} cards.,Draw 2 cards.,카드를 2장 뽑습니다.,2,"{""damage"":12,""block"":null,""hit_count"":null,""cards_draw"":2,""energy_gain"":null,""hp_loss"":null,""vars"":{""Damage"":12,""Cards"":2,""StarCost"":2},""upgrade"":{""damage"":""+1"",""cards"":""+1""}}"
GUILTY,죄책감,Guilty,curse,Curse,E-1,body,1,reward_meta,전투 외/보상,positive_or_mixed,False,Removed from your Deck after {n} combats.,Removed from your Deck after 5 combats.,5번의 전투 후에 덱에서 제거됩니다.,5,"{""damage"":null,""block"":null,""hit_count"":null,""cards_draw"":null,""energy_gain"":null,""hp_loss"":null,""vars"":{""Combats"":5},""upgrade"":null}"
GUILTY,죄책감,Guilty,curse,Curse,E-1,keyword,,keyword,카드 키워드,contextual,False,Keyword: Unplayable,Keyword: Unplayable,키워드: 사용불가,,"{""damage"":null,""block"":null,""hit_count"":null,""cards_draw"":null,""energy_gain"":null,""hp_loss"":null,""vars"":{""Combats"":5},""upgrade"":null}"
GUNK_UP,틀어막기,Gunk Up,defect,Common,E1,body,1,damage,피해,positive_or_mixed,False,Deal {n} damage {n} times.,Deal 4 damage 3 times.,피해를 4만큼 3번 줍니다.,4|3,"{""damage"":4,""block"":null,""hit_count"":3,""cards_draw"":null,""energy_gain"":null,""hp_loss"":null,""vars"":{""Damage"":4,""Repeat"":3},""upgrade"":{""damage"":""+1""}}"
GUNK_UP,틀어막기,Gunk Up,defect,Common,E1,body,2,discard,버리기,positive_or_mixed,False,Add a Slimed into your Discard Pile.,Add a Slimed into your Discard Pile.,버린 카드 더미에 점액투성이를 1장 추가합니다.,,"{""damage"":4,""block"":null,""hit_count"":3,""cards_draw"":null,""energy_gain"":null,""hp_loss"":null,""vars"":{""Damage"":4,""Repeat"":3},""upgrade"":{""damage"":""+1""}}"
GUNK_UP,틀어막기,Gunk Up,defect,Common,E1,body,2,card_create,카드 생성,positive_or_mixed,False,Add a Slimed into your Discard Pile.,Add a Slimed into your Discard Pile.,버린 카드 더미에 점액투성이를 1장 추가합니다.,,"{""damage"":4,""block"":null,""hit_count"":3,""cards_draw"":null,""energy_gain"":null,""hp_loss"":null,""vars"":{""Damage"":4,""Repeat"":3},""upgrade"":{""damage"":""+1""}}"
GUNK_UP,틀어막기,Gunk Up,defect,Common,E1,body,2,status_penalty,상태/저주 페널티,positive_or_mixed,False,Add a Slimed into your Discard Pile.,Add a Slimed into your Discard Pile.,버린 카드 더미에 점액투성이를 1장 추가합니다.,,"{""damage"":4,""block"":null,""hit_count"":3,""cards_draw"":null,""energy_gain"":null,""hp_loss"":null,""vars"":{""Damage"":4,""Repeat"":3},""upgrade"":{""damage"":""+1""}}"
HAILSTORM,우박 폭풍,Hailstorm,defect,Uncommon,E1,body,1,damage,피해,positive_or_mixed,False,"At the end of your turn, if you have Frost, deal {n} damage to ALL enemies.","At the end of your turn, if you have Frost, deal 6 damage to ALL enemies.","내 턴 종료 시 냉기를 보유하고 있다면, 모든 적에게 피해를 6 줍니다.",6,"{""damage"":null,""block"":null,""hit_count"":null,""cards_draw"":null,""energy_gain"":null,""hp_loss"":null,""vars"":{""HailstormPower"":6,""Hailstorm"":6},""upgrade"":{""hailstormpower"":""+2""}}"
HAILSTORM,우박 폭풍,Hailstorm,defect,Uncommon,E1,body,1,trigger,지속/발동기,positive_or_mixed,False,"At the end of your turn, if you have Frost, deal {n} damage to ALL enemies.","At the end of your turn, if you have Frost, deal 6 damage to ALL enemies.","내 턴 종료 시 냉기를 보유하고 있다면, 모든 적에게 피해를 6 줍니다.",6,"{""damage"":null,""block"":null,""hit_count"":null,""cards_draw"":null,""energy_gain"":null,""hp_loss"":null,""vars"":{""HailstormPower"":6,""Hailstorm"":6},""upgrade"":{""hailstormpower"":""+2""}}"
HAMMER_TIME,망치질 시간,Hammer Time,regent,Rare,E2,body,1,ally,협동,positive_or_mixed,False,"Whenever you Forge, all allies Forge as well.","Whenever you Forge, all allies Forge as well.","단조할 때마다, 모든 아군이 단조합니다.",,"{""damage"":null,""block"":null,""hit_count"":null,""cards_draw"":null,""energy_gain"":null,""hp_loss"":null,""vars"":null,""upgrade"":{""cost"":1}}"
HAMMER_TIME,망치질 시간,Hammer Time,regent,Rare,E2,body,1,forge,제련,positive_or_mixed,False,"Whenever you Forge, all allies Forge as well.","Whenever you Forge, all allies Forge as well.","단조할 때마다, 모든 아군이 단조합니다.",,"{""damage"":null,""block"":null,""hit_count"":null,""cards_draw"":null,""energy_gain"":null,""hp_loss"":null,""vars"":null,""upgrade"":{""cost"":1}}"
HAMMER_TIME,망치질 시간,Hammer Time,regent,Rare,E2,body,1,trigger,지속/발동기,positive_or_mixed,False,"Whenever you Forge, all allies Forge as well.","Whenever you Forge, all allies Forge as well.","단조할 때마다, 모든 아군이 단조합니다.",,"{""damage"":null,""block"":null,""hit_count"":null,""cards_draw"":null,""energy_gain"":null,""hp_loss"":null,""vars"":null,""upgrade"":{""cost"":1}}"
HAND_OF_GREED,탐욕의 손,Hand of Greed,colorless,Rare,E2,body,1,damage,피해,positive_or_mixed,False,Deal {n} damage.,Deal 20 damage.,피해를 20 줍니다.,20,"{""damage"":20,""block"":null,""hit_count"":null,""cards_draw"":null,""energy_gain"":null,""hp_loss"":null,""vars"":{""Gold"":20,""Damage"":20},""upgrade"":{""damage"":""+5"",""gold"":""+5""}}"
HAND_OF_GREED,탐욕의 손,Hand of Greed,colorless,Rare,E2,body,2,reward_meta,전투 외/보상,positive_or_mixed,False,"If Fatal, gain {n} Gold.","If Fatal, gain 20 Gold.","치명타라면, 골드를 20 얻습니다.",20,"{""damage"":20,""block"":null,""hit_count"":null,""cards_draw"":null,""energy_gain"":null,""hp_loss"":null,""vars"":{""Gold"":20,""Damage"":20},""upgrade"":{""damage"":""+5"",""gold"":""+5""}}"
HAND_OF_GREED,탐욕의 손,Hand of Greed,colorless,Rare,E2,body,2,trigger,지속/발동기,positive_or_mixed,False,"If Fatal, gain {n} Gold.","If Fatal, gain 20 Gold.","치명타라면, 골드를 20 얻습니다.",20,"{""damage"":20,""block"":null,""hit_count"":null,""cards_draw"":null,""energy_gain"":null,""hp_loss"":null,""vars"":{""Gold"":20,""Damage"":20},""upgrade"":{""damage"":""+5"",""gold"":""+5""}}"
HAND_TRICK,손기술,Hand Trick,silent,Uncommon,E1,body,1,block,방어도,positive_or_mixed,False,Gain {n} Block.,Gain 7 Block.,방어도를 7 얻습니다.,7,"{""damage"":null,""block"":7,""hit_count"":null,""cards_draw"":null,""energy_gain"":null,""hp_loss"":null,""vars"":{""Block"":7},""upgrade"":{""block"":""+3""}}"
HAND_TRICK,손기술,Hand Trick,silent,Uncommon,E1,body,2,card_create,카드 생성,positive_or_mixed,False,Add Sly to a Skill in your Hand this turn.,Add Sly to a Skill in your Hand this turn.,이번 턴 동안 손에 있는 스킬 카드 1장에 교활을 추가합니다.,,"{""damage"":null,""block"":7,""hit_count"":null,""cards_draw"":null,""energy_gain"":null,""hp_loss"":null,""vars"":{""Block"":7},""upgrade"":{""block"":""+3""}}"
HANG,매달기,Hang,necrobinder,Rare,E1,body,1,damage,피해,positive_or_mixed,False,Deal {n} damage.,Deal 10 damage.,피해를 10 줍니다.,10,"{""damage"":10,""block"":null,""hit_count"":null,""cards_draw"":null,""energy_gain"":null,""hp_loss"":null,""vars"":{""Damage"":10},""upgrade"":{""damage"":""+3""}}"
HANG,매달기,Hang,necrobinder,Rare,E1,body,2,damage,피해,positive_or_mixed,True,Double the damage ALL Hang cards deal to this enemy.,Double the damage ALL Hang cards deal to this enemy.,모든 매달기 카드가 이 적에게 가하는 피해량이 2배로 증가합니다.,,"{""damage"":10,""block"":null,""hit_count"":null,""cards_draw"":null,""energy_gain"":null,""hp_loss"":null,""vars"":{""Damage"":10},""upgrade"":{""damage"":""+3""}}"
HANG,매달기,Hang,necrobinder,Rare,E1,body,2,scaling,가변/스케일링,positive_or_mixed,True,Double the damage ALL Hang cards deal to this enemy.,Double the damage ALL Hang cards deal to this enemy.,모든 매달기 카드가 이 적에게 가하는 피해량이 2배로 증가합니다.,,"{""damage"":10,""block"":null,""hit_count"":null,""cards_draw"":null,""energy_gain"":null,""hp_loss"":null,""vars"":{""Damage"":10},""upgrade"":{""damage"":""+3""}}"
HAUNT,출몰,Haunt,necrobinder,Uncommon,E1,body,1,card_play,추가 사용/재사용,positive_or_mixed,False,"Whenever you play a Soul, a random enemy loses {n} HP.","Whenever you play a Soul, a random enemy loses 6 HP.","영혼을 사용할 때마다, 무작위 적이 체력을 6 잃습니다.",6,"{""damage"":null,""block"":null,""hit_count"":null,""cards_draw"":null,""energy_gain"":null,""hp_loss"":6,""vars"":{""HpLoss"":6},""upgrade"":{""hploss"":""+2""}}"
HAUNT,출몰,Haunt,necrobinder,Uncommon,E1,body,1,hp,체력,positive_or_mixed,False,"Whenever you play a Soul, a random enemy loses {n} HP.","Whenever you play a Soul, a random enemy loses 6 HP.","영혼을 사용할 때마다, 무작위 적이 체력을 6 잃습니다.",6,"{""damage"":null,""block"":null,""hit_count"":null,""cards_draw"":null,""energy_gain"":null,""hp_loss"":6,""vars"":{""HpLoss"":6},""upgrade"":{""hploss"":""+2""}}"
HAUNT,출몰,Haunt,necrobinder,Uncommon,E1,body,1,debuff,약화 효과,positive_or_mixed,False,"Whenever you play a Soul, a random enemy loses {n} HP.","Whenever you play a Soul, a random enemy loses 6 HP.","영혼을 사용할 때마다, 무작위 적이 체력을 6 잃습니다.",6,"{""damage"":null,""block"":null,""hit_count"":null,""cards_draw"":null,""energy_gain"":null,""hp_loss"":6,""vars"":{""HpLoss"":6},""upgrade"":{""hploss"":""+2""}}"
HAUNT,출몰,Haunt,necrobinder,Uncommon,E1,body,1,trigger,지속/발동기,positive_or_mixed,False,"Whenever you play a Soul, a random enemy loses {n} HP.","Whenever you play a Soul, a random enemy loses 6 HP.","영혼을 사용할 때마다, 무작위 적이 체력을 6 잃습니다.",6,"{""damage"":null,""block"":null,""hit_count"":null,""cards_draw"":null,""energy_gain"":null,""hp_loss"":6,""vars"":{""HpLoss"":6},""upgrade"":{""hploss"":""+2""}}"
HAVOC,파괴,Havoc,ironclad,Common,E1,body,1,draw,카드 뽑기,positive_or_mixed,False,Play the top card of your Draw Pile and Exhaust it.,Play the top card of your Draw Pile and Exhaust it.,뽑을 카드 더미 맨 위의 카드를 사용한 뒤 소멸시킵니다.,,"{""damage"":null,""block"":null,""hit_count"":null,""cards_draw"":null,""energy_gain"":null,""hp_loss"":null,""vars"":null,""upgrade"":{""cost"":0}}"
HAVOC,파괴,Havoc,ironclad,Common,E1,body,1,exhaust,소멸시키기,positive_or_mixed,False,Play the top card of your Draw Pile and Exhaust it.,Play the top card of your Draw Pile and Exhaust it.,뽑을 카드 더미 맨 위의 카드를 사용한 뒤 소멸시킵니다.,,"{""damage"":null,""block"":null,""hit_count"":null,""cards_draw"":null,""energy_gain"":null,""hp_loss"":null,""vars"":null,""upgrade"":{""cost"":0}}"
HAVOC,파괴,Havoc,ironclad,Common,E1,body,1,card_move,카드 이동/탐색,positive_or_mixed,False,Play the top card of your Draw Pile and Exhaust it.,Play the top card of your Draw Pile and Exhaust it.,뽑을 카드 더미 맨 위의 카드를 사용한 뒤 소멸시킵니다.,,"{""damage"":null,""block"":null,""hit_count"":null,""cards_draw"":null,""energy_gain"":null,""hp_loss"":null,""vars"":null,""upgrade"":{""cost"":0}}"
HAVOC,파괴,Havoc,ironclad,Common,E1,body,1,card_play,추가 사용/재사용,positive_or_mixed,False,Play the top card of your Draw Pile and Exhaust it.,Play the top card of your Draw Pile and Exhaust it.,뽑을 카드 더미 맨 위의 카드를 사용한 뒤 소멸시킵니다.,,"{""damage"":null,""block"":null,""hit_count"":null,""cards_draw"":null,""energy_gain"":null,""hp_loss"":null,""vars"":null,""upgrade"":{""cost"":0}}"
HAZE,아지랑이,Haze,silent,Uncommon,E3,body,1,debuff,약화 효과,positive_or_mixed,False,Apply {n} Poison to ALL enemies.,Apply 4 Poison to ALL enemies.,모든 적에게 중독을 4 부여합니다.,4,"{""damage"":null,""block"":null,""hit_count"":null,""cards_draw"":null,""energy_gain"":null,""hp_loss"":null,""vars"":{""PoisonPower"":4,""Poison"":4},""upgrade"":{""poison"":""+2""}}"
HAZE,아지랑이,Haze,silent,Uncommon,E3,keyword,,keyword,카드 키워드,contextual,False,Keyword: Sly,Keyword: Sly,키워드: 교활,,"{""damage"":null,""block"":null,""hit_count"":null,""cards_draw"":null,""energy_gain"":null,""hp_loss"":null,""vars"":{""PoisonPower"":4,""Poison"":4},""upgrade"":{""poison"":""+2""}}"
HEADBUTT,박치기,Headbutt,ironclad,Common,E1,body,1,damage,피해,positive_or_mixed,False,Deal {n} damage.,Deal 9 damage.,피해를 9 줍니다.,9,"{""damage"":9,""block"":null,""hit_count"":null,""cards_draw"":null,""energy_gain"":null,""hp_loss"":null,""vars"":{""Damage"":9},""upgrade"":{""damage"":""+3""}}"
HEADBUTT,박치기,Headbutt,ironclad,Common,E1,body,2,draw,카드 뽑기,positive_or_mixed,False,Put a card from your Discard Pile on top of your Draw Pile.,Put a card from your Discard Pile on top of your Draw Pile.,버린 카드 더미의 카드 1장을 뽑을 카드 더미 맨 위에 놓습니다.,,"{""damage"":9,""block"":null,""hit_count"":null,""cards_draw"":null,""energy_gain"":null,""hp_loss"":null,""vars"":{""Damage"":9},""upgrade"":{""damage"":""+3""}}"
HEADBUTT,박치기,Headbutt,ironclad,Common,E1,body,2,discard,버리기,positive_or_mixed,False,Put a card from your Discard Pile on top of your Draw Pile.,Put a card from your Discard Pile on top of your Draw Pile.,버린 카드 더미의 카드 1장을 뽑을 카드 더미 맨 위에 놓습니다.,,"{""damage"":9,""block"":null,""hit_count"":null,""cards_draw"":null,""energy_gain"":null,""hp_loss"":null,""vars"":{""Damage"":9},""upgrade"":{""damage"":""+3""}}"
HEADBUTT,박치기,Headbutt,ironclad,Common,E1,body,2,card_move,카드 이동/탐색,positive_or_mixed,False,Put a card from your Discard Pile on top of your Draw Pile.,Put a card from your Discard Pile on top of your Draw Pile.,버린 카드 더미의 카드 1장을 뽑을 카드 더미 맨 위에 놓습니다.,,"{""damage"":9,""block"":null,""hit_count"":null,""cards_draw"":null,""energy_gain"":null,""hp_loss"":null,""vars"":{""Damage"":9},""upgrade"":{""damage"":""+3""}}"
HEAVENLY_DRILL,천원돌파,Heavenly Drill,regent,Rare,EX,body,1,damage,피해,positive_or_mixed,True,Deal {n} damage X times.,Deal 8 damage X times.,피해를 8만큼 X번 줍니다.,8,"{""damage"":8,""block"":null,""hit_count"":null,""cards_draw"":null,""energy_gain"":4,""hp_loss"":null,""vars"":{""Damage"":8,""Energy"":4},""upgrade"":{""damage"":""+2""}}"
HEAVENLY_DRILL,천원돌파,Heavenly Drill,regent,Rare,EX,body,1,scaling,가변/스케일링,positive_or_mixed,True,Deal {n} damage X times.,Deal 8 damage X times.,피해를 8만큼 X번 줍니다.,8,"{""damage"":8,""block"":null,""hit_count"":null,""cards_draw"":null,""energy_gain"":4,""hp_loss"":null,""vars"":{""Damage"":8,""Energy"":4},""upgrade"":{""damage"":""+2""}}"
HEAVENLY_DRILL,천원돌파,Heavenly Drill,regent,Rare,EX,body,2,scaling,가변/스케일링,positive_or_mixed,True,Double X if it's {n} or more.,Double X if it's 4 or more.,X가 4 이상이라면 X가 2배가 됩니다.,4,"{""damage"":8,""block"":null,""hit_count"":null,""cards_draw"":null,""energy_gain"":4,""hp_loss"":null,""vars"":{""Damage"":8,""Energy"":4},""upgrade"":{""damage"":""+2""}}"
HEGEMONY,패권,Hegemony,regent,Uncommon,E2,body,1,damage,피해,positive_or_mixed,False,Deal {n} damage.,Deal 15 damage.,피해를 15 줍니다.,15,"{""damage"":15,""block"":null,""hit_count"":null,""cards_draw"":null,""energy_gain"":2,""hp_loss"":null,""vars"":{""Damage"":15,""Energy"":2},""upgrade"":{""damage"":""+3"",""energy"":""+1""}}"
HEGEMONY,패권,Hegemony,regent,Uncommon,E2,body,2,energy,에너지,positive_or_mixed,False,"Next turn, gain {n} Energy.","Next turn, gain 2 Energy.","다음 턴에, 2 Energy를 얻습니다.",2,"{""damage"":15,""block"":null,""hit_count"":null,""cards_draw"":null,""energy_gain"":2,""hp_loss"":null,""vars"":{""Damage"":15,""Energy"":2},""upgrade"":{""damage"":""+3"",""energy"":""+1""}}"
HEGEMONY,패권,Hegemony,regent,Uncommon,E2,body,2,trigger,지속/발동기,positive_or_mixed,False,"Next turn, gain {n} Energy.","Next turn, gain 2 Energy.","다음 턴에, 2 Energy를 얻습니다.",2,"{""damage"":15,""block"":null,""hit_count"":null,""cards_draw"":null,""energy_gain"":2,""hp_loss"":null,""vars"":{""Damage"":15,""Energy"":2},""upgrade"":{""damage"":""+3"",""energy"":""+1""}}"
HEIRLOOM_HAMMER,선조의 망치,Heirloom Hammer,regent,Rare,E2,body,1,damage,피해,positive_or_mixed,False,Deal {n} damage.,Deal 20 damage.,피해를 20 줍니다.,20,"{""damage"":20,""block"":null,""hit_count"":null,""cards_draw"":null,""energy_gain"":null,""hp_loss"":null,""vars"":{""Damage"":20,""Repeat"":1},""upgrade"":{""damage"":""+5""}}"
HEIRLOOM_HAMMER,선조의 망치,Heirloom Hammer,regent,Rare,E2,body,2,card_move,카드 이동/탐색,positive_or_mixed,False,Choose a Colorless card in your Hand.,Choose a Colorless card in your Hand.,손에 있는 무색 카드를 1장 선택합니다.,,"{""damage"":20,""block"":null,""hit_count"":null,""cards_draw"":null,""energy_gain"":null,""hp_loss"":null,""vars"":{""Damage"":20,""Repeat"":1},""upgrade"":{""damage"":""+5""}}"
HEIRLOOM_HAMMER,선조의 망치,Heirloom Hammer,regent,Rare,E2,body,3,card_create,카드 생성,positive_or_mixed,False,Add a copy of that card into your Hand.,Add a copy of that card into your Hand.,그 카드의 복사본을 1장 손으로 가져옵니다.,,"{""damage"":20,""block"":null,""hit_count"":null,""cards_draw"":null,""energy_gain"":null,""hp_loss"":null,""vars"":{""Damage"":20,""Repeat"":1},""upgrade"":{""damage"":""+5""}}"
HEIRLOOM_HAMMER,선조의 망치,Heirloom Hammer,regent,Rare,E2,body,3,card_move,카드 이동/탐색,positive_or_mixed,False,Add a copy of that card into your Hand.,Add a copy of that card into your Hand.,그 카드의 복사본을 1장 손으로 가져옵니다.,,"{""damage"":20,""block"":null,""hit_count"":null,""cards_draw"":null,""energy_gain"":null,""hp_loss"":null,""vars"":{""Damage"":20,""Repeat"":1},""upgrade"":{""damage"":""+5""}}"
HELIX_DRILL,나선 관통,Helix Drill,defect,Rare,E0,body,1,damage,피해,positive_or_mixed,True,Deal {n} damage for each {n} Energy previously spent this turn.,Deal 3 damage for each 1 Energy previously spent this turn.,이번 턴 동안 소모한 1 Energy당 피해를 3 줍니다.,3|1,"{""damage"":3,""block"":null,""hit_count"":null,""cards_draw"":null,""energy_gain"":null,""hp_loss"":null,""vars"":{""Damage"":3,""CalculationBase"":0,""CalculationExtra"":1},""upgrade"":{""damage"":""+2""}}"
HELIX_DRILL,나선 관통,Helix Drill,defect,Rare,E0,body,1,energy,에너지,positive_or_mixed,True,Deal {n} damage for each {n} Energy previously spent this turn.,Deal 3 damage for each 1 Energy previously spent this turn.,이번 턴 동안 소모한 1 Energy당 피해를 3 줍니다.,3|1,"{""damage"":3,""block"":null,""hit_count"":null,""cards_draw"":null,""energy_gain"":null,""hp_loss"":null,""vars"":{""Damage"":3,""CalculationBase"":0,""CalculationExtra"":1},""upgrade"":{""damage"":""+2""}}"
HELIX_DRILL,나선 관통,Helix Drill,defect,Rare,E0,body,1,scaling,가변/스케일링,positive_or_mixed,True,Deal {n} damage for each {n} Energy previously spent this turn.,Deal 3 damage for each 1 Energy previously spent this turn.,이번 턴 동안 소모한 1 Energy당 피해를 3 줍니다.,3|1,"{""damage"":3,""block"":null,""hit_count"":null,""cards_draw"":null,""energy_gain"":null,""hp_loss"":null,""vars"":{""Damage"":3,""CalculationBase"":0,""CalculationExtra"":1},""upgrade"":{""damage"":""+2""}}"
HELLO_WORLD,Hello World,Hello World,event,Event,E1,body,1,card_create,카드 생성,positive_or_mixed,False,"At the start of your turn, add a random Common card into your Hand.","At the start of your turn, add a random Common card into your Hand.","내 턴 시작 시, 무작위 일반 카드를 1장 손으로 가져옵니다.",,"{""damage"":null,""block"":null,""hit_count"":null,""cards_draw"":null,""energy_gain"":null,""hp_loss"":null,""vars"":null,""upgrade"":{""add_innate"":1}}"
HELLO_WORLD,Hello World,Hello World,event,Event,E1,body,1,card_move,카드 이동/탐색,positive_or_mixed,False,"At the start of your turn, add a random Common card into your Hand.","At the start of your turn, add a random Common card into your Hand.","내 턴 시작 시, 무작위 일반 카드를 1장 손으로 가져옵니다.",,"{""damage"":null,""block"":null,""hit_count"":null,""cards_draw"":null,""energy_gain"":null,""hp_loss"":null,""vars"":null,""upgrade"":{""add_innate"":1}}"
HELLO_WORLD,Hello World,Hello World,event,Event,E1,body,1,trigger,지속/발동기,positive_or_mixed,False,"At the start of your turn, add a random Common card into your Hand.","At the start of your turn, add a random Common card into your Hand.","내 턴 시작 시, 무작위 일반 카드를 1장 손으로 가져옵니다.",,"{""damage"":null,""block"":null,""hit_count"":null,""cards_draw"":null,""energy_gain"":null,""hp_loss"":null,""vars"":null,""upgrade"":{""add_innate"":1}}"
HELLRAISER,지옥검무,Hellraiser,ironclad,Rare,E2,body,1,draw,카드 뽑기,positive_or_mixed,False,"Whenever you draw a card containing “Strike”, it is played against a random enemy.","Whenever you draw a card containing “Strike”, it is played against a random enemy.","이름에 “타격”이 포함된 카드를 뽑을 때마다, 무작위 적에게 사용합니다.",,"{""damage"":null,""block"":null,""hit_count"":null,""cards_draw"":null,""energy_gain"":null,""hp_loss"":null,""vars"":null,""upgrade"":{""cost"":1}}"
HELLRAISER,지옥검무,Hellraiser,ironclad,Rare,E2,body,1,card_play,추가 사용/재사용,positive_or_mixed,False,"Whenever you draw a card containing “Strike”, it is played against a random enemy.","Whenever you draw a card containing “Strike”, it is played against a random enemy.","이름에 “타격”이 포함된 카드를 뽑을 때마다, 무작위 적에게 사용합니다.",,"{""damage"":null,""block"":null,""hit_count"":null,""cards_draw"":null,""energy_gain"":null,""hp_loss"":null,""vars"":null,""upgrade"":{""cost"":1}}"
HELLRAISER,지옥검무,Hellraiser,ironclad,Rare,E2,body,1,trigger,지속/발동기,positive_or_mixed,False,"Whenever you draw a card containing “Strike”, it is played against a random enemy.","Whenever you draw a card containing “Strike”, it is played against a random enemy.","이름에 “타격”이 포함된 카드를 뽑을 때마다, 무작위 적에게 사용합니다.",,"{""damage"":null,""block"":null,""hit_count"":null,""cards_draw"":null,""energy_gain"":null,""hp_loss"":null,""vars"":null,""upgrade"":{""cost"":1}}"
HEMOKINESIS,혈류,Hemokinesis,ironclad,Uncommon,E1,body,1,hp,체력,negative_or_cost,False,Lose {n} HP.,Lose 2 HP.,체력을 2 잃습니다.,2,"{""damage"":15,""block"":null,""hit_count"":null,""cards_draw"":null,""energy_gain"":null,""hp_loss"":2,""vars"":{""HpLoss"":2,""Damage"":15},""upgrade"":{""damage"":""+5""}}"
HEMOKINESIS,혈류,Hemokinesis,ironclad,Uncommon,E1,body,2,damage,피해,positive_or_mixed,False,Deal {n} damage.,Deal 15 damage.,피해를 15 줍니다.,15,"{""damage"":15,""block"":null,""hit_count"":null,""cards_draw"":null,""energy_gain"":null,""hp_loss"":2,""vars"":{""HpLoss"":2,""Damage"":15},""upgrade"":{""damage"":""+5""}}"
HIDDEN_CACHE,비밀 상자,Hidden Cache,regent,Common,E1,body,1,stars,별,positive_or_mixed,False,Gain {n} Stars.,Gain 1 Stars.,1 Stars을 얻습니다.,1,"{""damage"":null,""block"":null,""hit_count"":null,""cards_draw"":null,""energy_gain"":null,""hp_loss"":null,""vars"":{""Stars"":1,""StarNextTurnPower"":3,""StarNextTurn"":3},""upgrade"":{""starnextturnpower"":""+1""}}"
HIDDEN_CACHE,비밀 상자,Hidden Cache,regent,Common,E1,body,2,stars,별,positive_or_mixed,False,"Next turn, gain {n} Stars.","Next turn, gain 3 Stars.","다음 턴에, 3 Stars을 얻습니다.",3,"{""damage"":null,""block"":null,""hit_count"":null,""cards_draw"":null,""energy_gain"":null,""hp_loss"":null,""vars"":{""Stars"":1,""StarNextTurnPower"":3,""StarNextTurn"":3},""upgrade"":{""starnextturnpower"":""+1""}}"
HIDDEN_CACHE,비밀 상자,Hidden Cache,regent,Common,E1,body,2,trigger,지속/발동기,positive_or_mixed,False,"Next turn, gain {n} Stars.","Next turn, gain 3 Stars.","다음 턴에, 3 Stars을 얻습니다.",3,"{""damage"":null,""block"":null,""hit_count"":null,""cards_draw"":null,""energy_gain"":null,""hp_loss"":null,""vars"":{""Stars"":1,""StarNextTurnPower"":3,""StarNextTurn"":3},""upgrade"":{""starnextturnpower"":""+1""}}"
HIDDEN_DAGGERS,숨겨진 단검,Hidden Daggers,silent,Uncommon,E0,body,1,discard,버리기,positive_or_mixed,False,Discard {n} cards.,Discard 2 cards.,카드를 2장 버립니다.,2,"{""damage"":null,""block"":null,""hit_count"":null,""cards_draw"":2,""energy_gain"":null,""hp_loss"":null,""vars"":{""Shivs"":2,""Cards"":2},""upgrade"":{""description_changed"":1}}"
HIDDEN_DAGGERS,숨겨진 단검,Hidden Daggers,silent,Uncommon,E0,body,2,card_create,카드 생성,positive_or_mixed,False,Add {n} Shivs into your Hand.,Add 2 Shivs into your Hand.,단도를 2장 손으로 가져옵니다.,2,"{""damage"":null,""block"":null,""hit_count"":null,""cards_draw"":2,""energy_gain"":null,""hp_loss"":null,""vars"":{""Shivs"":2,""Cards"":2},""upgrade"":{""description_changed"":1}}"
HIDDEN_DAGGERS,숨겨진 단검,Hidden Daggers,silent,Uncommon,E0,body,2,card_move,카드 이동/탐색,positive_or_mixed,False,Add {n} Shivs into your Hand.,Add 2 Shivs into your Hand.,단도를 2장 손으로 가져옵니다.,2,"{""damage"":null,""block"":null,""hit_count"":null,""cards_draw"":2,""energy_gain"":null,""hp_loss"":null,""vars"":{""Shivs"":2,""Cards"":2},""upgrade"":{""description_changed"":1}}"
HIDDEN_GEM,숨겨진 보석,Hidden Gem,colorless,Rare,E1,body,1,draw,카드 뽑기,positive_or_mixed,False,A random card without Replay in your Draw Pile gains Replay {n}.,A random card without Replay in your Draw Pile gains Replay 2.,뽑을 카드 더미에 있는 재사용이 없는 무작위 카드 1장이 재사용을 2 얻습니다.,2,"{""damage"":null,""block"":null,""hit_count"":null,""cards_draw"":null,""energy_gain"":null,""hp_loss"":null,""vars"":{""Replay"":2},""upgrade"":{""replay"":""+1""}}"
HIDDEN_GEM,숨겨진 보석,Hidden Gem,colorless,Rare,E1,body,1,card_play,추가 사용/재사용,positive_or_mixed,False,A random card without Replay in your Draw Pile gains Replay {n}.,A random card without Replay in your Draw Pile gains Replay 2.,뽑을 카드 더미에 있는 재사용이 없는 무작위 카드 1장이 재사용을 2 얻습니다.,2,"{""damage"":null,""block"":null,""hit_count"":null,""cards_draw"":null,""energy_gain"":null,""hp_loss"":null,""vars"":{""Replay"":2},""upgrade"":{""replay"":""+1""}}"
HIGH_FIVE,하이파이브,High Five,necrobinder,Uncommon,E2,body,1,damage,피해,positive_or_mixed,False,Osty deals {n} damage and applies {n} Vulnerable to ALL enemies.,Osty deals 11 damage and applies 2 Vulnerable to ALL enemies.,골골이가 모든 적에게 피해를 11 주고 취약을 2 부여합니다.,11|2,"{""damage"":11,""block"":null,""hit_count"":null,""cards_draw"":null,""energy_gain"":null,""hp_loss"":null,""vars"":{""OstyDamage"":11,""VulnerablePower"":2,""Vulnerable"":2,""Damage"":11},""upgrade"":{""ostydamage"":""+2"",""vulnerable"":""+1""}}"
HIGH_FIVE,하이파이브,High Five,necrobinder,Uncommon,E2,body,1,osty,오스티/소환,positive_or_mixed,False,Osty deals {n} damage and applies {n} Vulnerable to ALL enemies.,Osty deals 11 damage and applies 2 Vulnerable to ALL enemies.,골골이가 모든 적에게 피해를 11 주고 취약을 2 부여합니다.,11|2,"{""damage"":11,""block"":null,""hit_count"":null,""cards_draw"":null,""energy_gain"":null,""hp_loss"":null,""vars"":{""OstyDamage"":11,""VulnerablePower"":2,""Vulnerable"":2,""Damage"":11},""upgrade"":{""ostydamage"":""+2"",""vulnerable"":""+1""}}"
HIGH_FIVE,하이파이브,High Five,necrobinder,Uncommon,E2,body,1,debuff,약화 효과,positive_or_mixed,False,Osty deals {n} damage and applies {n} Vulnerable to ALL enemies.,Osty deals 11 damage and applies 2 Vulnerable to ALL enemies.,골골이가 모든 적에게 피해를 11 주고 취약을 2 부여합니다.,11|2,"{""damage"":11,""block"":null,""hit_count"":null,""cards_draw"":null,""energy_gain"":null,""hp_loss"":null,""vars"":{""OstyDamage"":11,""VulnerablePower"":2,""Vulnerable"":2,""Damage"":11},""upgrade"":{""ostydamage"":""+2"",""vulnerable"":""+1""}}"
HOLOGRAM,홀로그램,Hologram,defect,Common,E1,body,1,block,방어도,positive_or_mixed,False,Gain {n} Block.,Gain 3 Block.,방어도를 3 얻습니다.,3,"{""damage"":null,""block"":3,""hit_count"":null,""cards_draw"":null,""energy_gain"":null,""hp_loss"":null,""vars"":{""Block"":3},""upgrade"":{""block"":""+2"",""remove_exhaust"":1}}"
HOLOGRAM,홀로그램,Hologram,defect,Common,E1,body,2,discard,버리기,positive_or_mixed,False,Put a card from your Discard Pile into your Hand.,Put a card from your Discard Pile into your Hand.,버린 카드 더미에서 카드를 1장 손으로 가져옵니다.,,"{""damage"":null,""block"":3,""hit_count"":null,""cards_draw"":null,""energy_gain"":null,""hp_loss"":null,""vars"":{""Block"":3},""upgrade"":{""block"":""+2"",""remove_exhaust"":1}}"
HOLOGRAM,홀로그램,Hologram,defect,Common,E1,body,2,card_move,카드 이동/탐색,positive_or_mixed,False,Put a card from your Discard Pile into your Hand.,Put a card from your Discard Pile into your Hand.,버린 카드 더미에서 카드를 1장 손으로 가져옵니다.,,"{""damage"":null,""block"":3,""hit_count"":null,""cards_draw"":null,""energy_gain"":null,""hp_loss"":null,""vars"":{""Block"":3},""upgrade"":{""block"":""+2"",""remove_exhaust"":1}}"
HOLOGRAM,홀로그램,Hologram,defect,Common,E1,keyword,,keyword,카드 키워드,contextual,False,Keyword: Exhaust,Keyword: Exhaust,키워드: 소멸,,"{""damage"":null,""block"":3,""hit_count"":null,""cards_draw"":null,""energy_gain"":null,""hp_loss"":null,""vars"":{""Block"":3},""upgrade"":{""block"":""+2"",""remove_exhaust"":1}}"
HOTFIX,핫픽스,Hotfix,defect,Common,E0,body,1,orb,구체,positive_or_mixed,False,Gain {n} Focus this turn.,Gain 2 Focus this turn.,이번 턴에 밀집을 2 얻습니다.,2,"{""damage"":null,""block"":null,""hit_count"":null,""cards_draw"":null,""energy_gain"":null,""hp_loss"":null,""vars"":{""FocusPower"":2,""Focus"":2},""upgrade"":{""remove_exhaust"":1}}"
HOTFIX,핫픽스,Hotfix,defect,Common,E0,keyword,,keyword,카드 키워드,contextual,False,Keyword: Exhaust,Keyword: Exhaust,키워드: 소멸,,"{""damage"":null,""block"":null,""hit_count"":null,""cards_draw"":null,""energy_gain"":null,""hp_loss"":null,""vars"":{""FocusPower"":2,""Focus"":2},""upgrade"":{""remove_exhaust"":1}}"
HOWL_FROM_BEYOND,저편의 울음소리,Howl from Beyond,ironclad,Uncommon,E3,body,1,damage,피해,positive_or_mixed,False,Deal {n} damage to ALL enemies.,Deal 16 damage to ALL enemies.,모든 적에게 피해를 16 줍니다.,16,"{""damage"":16,""block"":null,""hit_count"":null,""cards_draw"":null,""energy_gain"":null,""hp_loss"":null,""vars"":{""Damage"":16},""upgrade"":{""damage"":""+5""}}"
HOWL_FROM_BEYOND,저편의 울음소리,Howl from Beyond,ironclad,Uncommon,E3,body,2,exhaust,소멸시키기,positive_or_mixed,False,"At the end of your turn, if this is in your Exhaust Pile, play it.","At the end of your turn, if this is in your Exhaust Pile, play it.","내 턴 종료 시, 이 카드가 소멸된 카드 더미에 있다면, 사용합니다.",,"{""damage"":16,""block"":null,""hit_count"":null,""cards_draw"":null,""energy_gain"":null,""hp_loss"":null,""vars"":{""Damage"":16},""upgrade"":{""damage"":""+5""}}"
HOWL_FROM_BEYOND,저편의 울음소리,Howl from Beyond,ironclad,Uncommon,E3,body,2,card_play,추가 사용/재사용,positive_or_mixed,False,"At the end of your turn, if this is in your Exhaust Pile, play it.","At the end of your turn, if this is in your Exhaust Pile, play it.","내 턴 종료 시, 이 카드가 소멸된 카드 더미에 있다면, 사용합니다.",,"{""damage"":16,""block"":null,""hit_count"":null,""cards_draw"":null,""energy_gain"":null,""hp_loss"":null,""vars"":{""Damage"":16},""upgrade"":{""damage"":""+5""}}"
HOWL_FROM_BEYOND,저편의 울음소리,Howl from Beyond,ironclad,Uncommon,E3,body,2,trigger,지속/발동기,positive_or_mixed,False,"At the end of your turn, if this is in your Exhaust Pile, play it.","At the end of your turn, if this is in your Exhaust Pile, play it.","내 턴 종료 시, 이 카드가 소멸된 카드 더미에 있다면, 사용합니다.",,"{""damage"":16,""block"":null,""hit_count"":null,""cards_draw"":null,""energy_gain"":null,""hp_loss"":null,""vars"":{""Damage"":16},""upgrade"":{""damage"":""+5""}}"
HUDDLE_UP,똘똘 뭉치기,Huddle Up,colorless,Uncommon,E1,body,1,ally,협동,positive_or_mixed,False,ALL players draw {n} cards.,ALL players draw 2 cards.,모든 플레이어가 카드를 2장 뽑습니다.,2,"{""damage"":null,""block"":null,""hit_count"":null,""cards_draw"":2,""energy_gain"":null,""hp_loss"":null,""vars"":{""Cards"":2},""upgrade"":{""cards"":""+1""}}"
HUDDLE_UP,똘똘 뭉치기,Huddle Up,colorless,Uncommon,E1,body,1,draw,카드 뽑기,positive_or_mixed,False,ALL players draw {n} cards.,ALL players draw 2 cards.,모든 플레이어가 카드를 2장 뽑습니다.,2,"{""damage"":null,""block"":null,""hit_count"":null,""cards_draw"":2,""energy_gain"":null,""hp_loss"":null,""vars"":{""Cards"":2},""upgrade"":{""cards"":""+1""}}"
HUDDLE_UP,똘똘 뭉치기,Huddle Up,colorless,Uncommon,E1,keyword,,keyword,카드 키워드,contextual,False,Keyword: Exhaust,Keyword: Exhaust,키워드: 소멸,,"{""damage"":null,""block"":null,""hit_count"":null,""cards_draw"":2,""energy_gain"":null,""hp_loss"":null,""vars"":{""Cards"":2},""upgrade"":{""cards"":""+1""}}"
HYPERBEAM,파괴광선,Hyperbeam,defect,Rare,E2,body,1,damage,피해,positive_or_mixed,False,Deal {n} damage to ALL enemies.,Deal 28 damage to ALL enemies.,모든 적에게 피해를 28 줍니다.,28,"{""damage"":28,""block"":null,""hit_count"":null,""cards_draw"":null,""energy_gain"":null,""hp_loss"":null,""vars"":{""Damage"":28,""FocusPower"":3,""Focus"":3},""upgrade"":{""damage"":""+8""}}"
HYPERBEAM,파괴광선,Hyperbeam,defect,Rare,E2,body,2,orb,구체,negative_or_cost,False,Lose {n} Focus.,Lose 3 Focus.,밀집을 3 잃습니다.,3,"{""damage"":28,""block"":null,""hit_count"":null,""cards_draw"":null,""energy_gain"":null,""hp_loss"":null,""vars"":{""Damage"":28,""FocusPower"":3,""Focus"":3},""upgrade"":{""damage"":""+8""}}"
ICE_LANCE,얼음 창,Ice Lance,defect,Rare,E3,body,1,damage,피해,positive_or_mixed,False,Deal {n} damage.,Deal 19 damage.,피해를 19 줍니다.,19,"{""damage"":19,""block"":null,""hit_count"":null,""cards_draw"":null,""energy_gain"":null,""hp_loss"":null,""vars"":{""Damage"":19,""Repeat"":3},""upgrade"":{""damage"":""+5""}}"
ICE_LANCE,얼음 창,Ice Lance,defect,Rare,E3,body,2,orb,구체,positive_or_mixed,False,Channel {n} Frost.,Channel 3 Frost.,냉기를 3번 영창합니다.,3,"{""damage"":19,""block"":null,""hit_count"":null,""cards_draw"":null,""energy_gain"":null,""hp_loss"":null,""vars"":{""Damage"":19,""Repeat"":3},""upgrade"":{""damage"":""+5""}}"
IGNITION,점화,Ignition,defect,Rare,E1,body,1,ally,협동,positive_or_mixed,False,Another player Channels Plasma.,Another player Channels Plasma.,다른 플레이어가 플라즈마를 영창합니다.,,"{""damage"":null,""block"":null,""hit_count"":null,""cards_draw"":null,""energy_gain"":null,""hp_loss"":null,""vars"":null,""upgrade"":{""remove_exhaust"":1}}"
IGNITION,점화,Ignition,defect,Rare,E1,keyword,,keyword,카드 키워드,contextual,False,Keyword: Exhaust,Keyword: Exhaust,키워드: 소멸,,"{""damage"":null,""block"":null,""hit_count"":null,""cards_draw"":null,""energy_gain"":null,""hp_loss"":null,""vars"":null,""upgrade"":{""remove_exhaust"":1}}"
IMPATIENCE,성급함,Impatience,colorless,Uncommon,E0,body,1,draw,카드 뽑기,positive_or_mixed,False,"If you have no Attacks in your Hand, draw {n} cards.","If you have no Attacks in your Hand, draw 2 cards.","손에 공격 카드가 없다면, 카드를 2장 뽑습니다.",2,"{""damage"":null,""block"":null,""hit_count"":null,""cards_draw"":2,""energy_gain"":null,""hp_loss"":null,""vars"":{""Cards"":2},""upgrade"":{""cards"":""+1""}}"
IMPATIENCE,성급함,Impatience,colorless,Uncommon,E0,body,1,trigger,지속/발동기,positive_or_mixed,False,"If you have no Attacks in your Hand, draw {n} cards.","If you have no Attacks in your Hand, draw 2 cards.","손에 공격 카드가 없다면, 카드를 2장 뽑습니다.",2,"{""damage"":null,""block"":null,""hit_count"":null,""cards_draw"":2,""energy_gain"":null,""hp_loss"":null,""vars"":{""Cards"":2},""upgrade"":{""cards"":""+1""}}"
IMPERVIOUS,무적,Impervious,ironclad,Rare,E2,body,1,block,방어도,positive_or_mixed,False,Gain {n} Block.,Gain 30 Block.,방어도를 30 얻습니다.,30,"{""damage"":null,""block"":30,""hit_count"":null,""cards_draw"":null,""energy_gain"":null,""hp_loss"":null,""vars"":{""Block"":30},""upgrade"":{""block"":""+10""}}"
IMPERVIOUS,무적,Impervious,ironclad,Rare,E2,keyword,,keyword,카드 키워드,contextual,False,Keyword: Exhaust,Keyword: Exhaust,키워드: 소멸,,"{""damage"":null,""block"":30,""hit_count"":null,""cards_draw"":null,""energy_gain"":null,""hp_loss"":null,""vars"":{""Block"":30},""upgrade"":{""block"":""+10""}}"
INFECTION,감염,Infection,status,Status,E-1,body,1,damage,피해,negative_or_cost,False,"At the end of your turn, if this is in your Hand, take {n} damage.","At the end of your turn, if this is in your Hand, take 3 damage.","내 턴 종료 시 이 카드가 손에 있다면, 피해를 3 받습니다.",3,"{""damage"":3,""block"":null,""hit_count"":null,""cards_draw"":null,""energy_gain"":null,""hp_loss"":null,""vars"":{""Damage"":3},""upgrade"":null}"
INFECTION,감염,Infection,status,Status,E-1,body,1,trigger,지속/발동기,negative_or_cost,False,"At the end of your turn, if this is in your Hand, take {n} damage.","At the end of your turn, if this is in your Hand, take 3 damage.","내 턴 종료 시 이 카드가 손에 있다면, 피해를 3 받습니다.",3,"{""damage"":3,""block"":null,""hit_count"":null,""cards_draw"":null,""energy_gain"":null,""hp_loss"":null,""vars"":{""Damage"":3},""upgrade"":null}"
INFECTION,감염,Infection,status,Status,E-1,keyword,,keyword,카드 키워드,contextual,False,Keyword: Unplayable,Keyword: Unplayable,키워드: 사용불가,,"{""damage"":3,""block"":null,""hit_count"":null,""cards_draw"":null,""energy_gain"":null,""hp_loss"":null,""vars"":{""Damage"":3},""upgrade"":null}"
INFERNAL_BLADE,지옥검,Infernal Blade,ironclad,Uncommon,E1,body,1,card_create,카드 생성,positive_or_mixed,False,Add a random Attack into your Hand.,Add a random Attack into your Hand.,무작위 공격 카드를 1장 손으로 가져옵니다.,,"{""damage"":null,""block"":null,""hit_count"":null,""cards_draw"":null,""energy_gain"":null,""hp_loss"":null,""vars"":null,""upgrade"":{""cost"":0}}"
INFERNAL_BLADE,지옥검,Infernal Blade,ironclad,Uncommon,E1,body,1,card_move,카드 이동/탐색,positive_or_mixed,False,Add a random Attack into your Hand.,Add a random Attack into your Hand.,무작위 공격 카드를 1장 손으로 가져옵니다.,,"{""damage"":null,""block"":null,""hit_count"":null,""cards_draw"":null,""energy_gain"":null,""hp_loss"":null,""vars"":null,""upgrade"":{""cost"":0}}"
INFERNAL_BLADE,지옥검,Infernal Blade,ironclad,Uncommon,E1,body,2,card_cost,비용 변화,positive_or_mixed,False,It's free to play this turn.,It's free to play this turn.,이번 턴 동안 그 카드를 비용 없이 사용할 수 있습니다.,,"{""damage"":null,""block"":null,""hit_count"":null,""cards_draw"":null,""energy_gain"":null,""hp_loss"":null,""vars"":null,""upgrade"":{""cost"":0}}"
INFERNAL_BLADE,지옥검,Infernal Blade,ironclad,Uncommon,E1,body,2,card_play,추가 사용/재사용,positive_or_mixed,False,It's free to play this turn.,It's free to play this turn.,이번 턴 동안 그 카드를 비용 없이 사용할 수 있습니다.,,"{""damage"":null,""block"":null,""hit_count"":null,""cards_draw"":null,""energy_gain"":null,""hp_loss"":null,""vars"":null,""upgrade"":{""cost"":0}}"
INFERNAL_BLADE,지옥검,Infernal Blade,ironclad,Uncommon,E1,keyword,,keyword,카드 키워드,contextual,False,Keyword: Exhaust,Keyword: Exhaust,키워드: 소멸,,"{""damage"":null,""block"":null,""hit_count"":null,""cards_draw"":null,""energy_gain"":null,""hp_loss"":null,""vars"":null,""upgrade"":{""cost"":0}}"
INFERNO,불바다,Inferno,ironclad,Uncommon,E1,body,1,hp,체력,negative_or_cost,False,"At the start of your turn, lose {n} HP.","At the start of your turn, lose 1 HP.","내 턴 시작 시, 체력을 1 잃습니다.",1,"{""damage"":null,""block"":null,""hit_count"":null,""cards_draw"":null,""energy_gain"":null,""hp_loss"":null,""vars"":{""InfernoPower"":6,""Inferno"":6},""upgrade"":{""infernopower"":""+3""}}"
INFERNO,불바다,Inferno,ironclad,Uncommon,E1,body,1,trigger,지속/발동기,negative_or_cost,False,"At the start of your turn, lose {n} HP.","At the start of your turn, lose 1 HP.","내 턴 시작 시, 체력을 1 잃습니다.",1,"{""damage"":null,""block"":null,""hit_count"":null,""cards_draw"":null,""energy_gain"":null,""hp_loss"":null,""vars"":{""InfernoPower"":6,""Inferno"":6},""upgrade"":{""infernopower"":""+3""}}"
INFERNO,불바다,Inferno,ironclad,Uncommon,E1,body,2,damage,피해,negative_or_cost,False,"Whenever you lose HP on your turn, deal {n} damage to ALL enemies.","Whenever you lose HP on your turn, deal 6 damage to ALL enemies.","내 턴 동안 체력을 잃을 때마다, 모든 적에게 피해를 6 줍니다.",6,"{""damage"":null,""block"":null,""hit_count"":null,""cards_draw"":null,""energy_gain"":null,""hp_loss"":null,""vars"":{""InfernoPower"":6,""Inferno"":6},""upgrade"":{""infernopower"":""+3""}}"
INFERNO,불바다,Inferno,ironclad,Uncommon,E1,body,2,hp,체력,negative_or_cost,False,"Whenever you lose HP on your turn, deal {n} damage to ALL enemies.","Whenever you lose HP on your turn, deal 6 damage to ALL enemies.","내 턴 동안 체력을 잃을 때마다, 모든 적에게 피해를 6 줍니다.",6,"{""damage"":null,""block"":null,""hit_count"":null,""cards_draw"":null,""energy_gain"":null,""hp_loss"":null,""vars"":{""InfernoPower"":6,""Inferno"":6},""upgrade"":{""infernopower"":""+3""}}"
INFERNO,불바다,Inferno,ironclad,Uncommon,E1,body,2,trigger,지속/발동기,negative_or_cost,False,"Whenever you lose HP on your turn, deal {n} damage to ALL enemies.","Whenever you lose HP on your turn, deal 6 damage to ALL enemies.","내 턴 동안 체력을 잃을 때마다, 모든 적에게 피해를 6 줍니다.",6,"{""damage"":null,""block"":null,""hit_count"":null,""cards_draw"":null,""energy_gain"":null,""hp_loss"":null,""vars"":{""InfernoPower"":6,""Inferno"":6},""upgrade"":{""infernopower"":""+3""}}"
INFINITE_BLADES,무한의 검날,Infinite Blades,silent,Uncommon,E1,body,1,card_create,카드 생성,positive_or_mixed,False,"At the start of your turn, add {n} Shiv into your Hand.","At the start of your turn, add 1 Shiv into your Hand.","내 턴 시작 시, 단도를 1장 손으로 가져옵니다.",1,"{""damage"":null,""block"":null,""hit_count"":null,""cards_draw"":null,""energy_gain"":null,""hp_loss"":null,""vars"":null,""upgrade"":{""add_innate"":1}}"
INFINITE_BLADES,무한의 검날,Infinite Blades,silent,Uncommon,E1,body,1,card_move,카드 이동/탐색,positive_or_mixed,False,"At the start of your turn, add {n} Shiv into your Hand.","At the start of your turn, add 1 Shiv into your Hand.","내 턴 시작 시, 단도를 1장 손으로 가져옵니다.",1,"{""damage"":null,""block"":null,""hit_count"":null,""cards_draw"":null,""energy_gain"":null,""hp_loss"":null,""vars"":null,""upgrade"":{""add_innate"":1}}"
INFINITE_BLADES,무한의 검날,Infinite Blades,silent,Uncommon,E1,body,1,trigger,지속/발동기,positive_or_mixed,False,"At the start of your turn, add {n} Shiv into your Hand.","At the start of your turn, add 1 Shiv into your Hand.","내 턴 시작 시, 단도를 1장 손으로 가져옵니다.",1,"{""damage"":null,""block"":null,""hit_count"":null,""cards_draw"":null,""energy_gain"":null,""hp_loss"":null,""vars"":null,""upgrade"":{""add_innate"":1}}"
INFLAME,발화,Inflame,ironclad,Uncommon,E1,body,1,buff,강화 효과,positive_or_mixed,False,Gain {n} Strength.,Gain 2 Strength.,힘을 2 얻습니다.,2,"{""damage"":null,""block"":null,""hit_count"":null,""cards_draw"":null,""energy_gain"":null,""hp_loss"":null,""vars"":{""StrengthPower"":2,""Strength"":2},""upgrade"":{""strengthpower"":""+1""}}"
INJURY,상처,Injury,curse,Curse,E-1,body,1,empty,효과 없음,positive_or_mixed,False,(empty),,,,"{""damage"":null,""block"":null,""hit_count"":null,""cards_draw"":null,""energy_gain"":null,""hp_loss"":null,""vars"":null,""upgrade"":null}"
INJURY,상처,Injury,curse,Curse,E-1,keyword,,keyword,카드 키워드,contextual,False,Keyword: Unplayable,Keyword: Unplayable,키워드: 사용불가,,"{""damage"":null,""block"":null,""hit_count"":null,""cards_draw"":null,""energy_gain"":null,""hp_loss"":null,""vars"":null,""upgrade"":null}"
INTERCEPT,가로막기,Intercept,colorless,Uncommon,E1,body,1,block,방어도,positive_or_mixed,False,Gain {n} Block.,Gain 9 Block.,방어도를 9 얻습니다.,9,"{""damage"":null,""block"":9,""hit_count"":null,""cards_draw"":null,""energy_gain"":null,""hp_loss"":null,""vars"":{""Block"":9},""upgrade"":{""block"":""+4""}}"
INTERCEPT,가로막기,Intercept,colorless,Uncommon,E1,body,2,ally,협동,positive_or_mixed,False,Redirect all incoming attacks that would be dealt to another player this turn to you.,Redirect all incoming attacks that would be dealt to another player this turn to you.,이번 턴 동안 다른 플레이어가 받아야 하는 모든 공격의 목표를 자신으로 변경합니다.,,"{""damage"":null,""block"":9,""hit_count"":null,""cards_draw"":null,""energy_gain"":null,""hp_loss"":null,""vars"":{""Block"":9},""upgrade"":{""block"":""+4""}}"
INVOKE,부름,Invoke,necrobinder,Common,E1,body,1,energy,에너지,positive_or_mixed,False,"Next turn, Summon {n} and gain {n} Energy.","Next turn, Summon 2 and gain 2 Energy.","다음 턴에, 소환 2 후 2 Energy를 얻습니다.",2|2,"{""damage"":null,""block"":null,""hit_count"":null,""cards_draw"":null,""energy_gain"":2,""hp_loss"":null,""vars"":{""Summon"":2,""Energy"":2},""upgrade"":{""summon"":""+1"",""energy"":""+1""}}"
INVOKE,부름,Invoke,necrobinder,Common,E1,body,1,osty,오스티/소환,positive_or_mixed,False,"Next turn, Summon {n} and gain {n} Energy.","Next turn, Summon 2 and gain 2 Energy.","다음 턴에, 소환 2 후 2 Energy를 얻습니다.",2|2,"{""damage"":null,""block"":null,""hit_count"":null,""cards_draw"":null,""energy_gain"":2,""hp_loss"":null,""vars"":{""Summon"":2,""Energy"":2},""upgrade"":{""summon"":""+1"",""energy"":""+1""}}"
INVOKE,부름,Invoke,necrobinder,Common,E1,body,1,trigger,지속/발동기,positive_or_mixed,False,"Next turn, Summon {n} and gain {n} Energy.","Next turn, Summon 2 and gain 2 Energy.","다음 턴에, 소환 2 후 2 Energy를 얻습니다.",2|2,"{""damage"":null,""block"":null,""hit_count"":null,""cards_draw"":null,""energy_gain"":2,""hp_loss"":null,""vars"":{""Summon"":2,""Energy"":2},""upgrade"":{""summon"":""+1"",""energy"":""+1""}}"
IRON_WAVE,철의 파동,Iron Wave,ironclad,Common,E1,body,1,block,방어도,positive_or_mixed,False,Gain {n} Block.,Gain 5 Block.,방어도를 5 얻습니다.,5,"{""damage"":5,""block"":5,""hit_count"":null,""cards_draw"":null,""energy_gain"":null,""hp_loss"":null,""vars"":{""Damage"":5,""Block"":5},""upgrade"":{""damage"":""+2"",""block"":""+2""}}"
IRON_WAVE,철의 파동,Iron Wave,ironclad,Common,E1,body,2,damage,피해,positive_or_mixed,False,Deal {n} damage.,Deal 5 damage.,피해를 5 줍니다.,5,"{""damage"":5,""block"":5,""hit_count"":null,""cards_draw"":null,""energy_gain"":null,""hp_loss"":null,""vars"":{""Damage"":5,""Block"":5},""upgrade"":{""damage"":""+2"",""block"":""+2""}}"
ITERATION,순회,Iteration,defect,Uncommon,E1,body,1,draw,카드 뽑기,positive_or_mixed,False,"The first time you draw a Status each turn, draw {n} cards.","The first time you draw a Status each turn, draw 2 cards.","매 턴마다 처음으로 상태이상 카드를 뽑을 시, 카드를 2장 뽑습니다.",2,"{""damage"":null,""block"":null,""hit_count"":null,""cards_draw"":null,""energy_gain"":null,""hp_loss"":null,""vars"":{""IterationPower"":2,""Iteration"":2},""upgrade"":{""iterationpower"":""+1""}}"
ITERATION,순회,Iteration,defect,Uncommon,E1,body,1,trigger,지속/발동기,positive_or_mixed,False,"The first time you draw a Status each turn, draw {n} cards.","The first time you draw a Status each turn, draw 2 cards.","매 턴마다 처음으로 상태이상 카드를 뽑을 시, 카드를 2장 뽑습니다.",2,"{""damage"":null,""block"":null,""hit_count"":null,""cards_draw"":null,""energy_gain"":null,""hp_loss"":null,""vars"":{""IterationPower"":2,""Iteration"":2},""upgrade"":{""iterationpower"":""+1""}}"
ITERATION,순회,Iteration,defect,Uncommon,E1,body,1,status_penalty,상태/저주 페널티,positive_or_mixed,False,"The first time you draw a Status each turn, draw {n} cards.","The first time you draw a Status each turn, draw 2 cards.","매 턴마다 처음으로 상태이상 카드를 뽑을 시, 카드를 2장 뽑습니다.",2,"{""damage"":null,""block"":null,""hit_count"":null,""cards_draw"":null,""energy_gain"":null,""hp_loss"":null,""vars"":{""IterationPower"":2,""Iteration"":2},""upgrade"":{""iterationpower"":""+1""}}"
I_AM_INVINCIBLE,나는 무적이다,I Am Invincible,regent,Rare,E1,body,1,block,방어도,positive_or_mixed,False,Gain {n} Block.,Gain 10 Block.,방어도를 10 얻습니다.,10,"{""damage"":null,""block"":10,""hit_count"":null,""cards_draw"":null,""energy_gain"":null,""hp_loss"":null,""vars"":{""Block"":10},""upgrade"":{""block"":""+3""}}"
I_AM_INVINCIBLE,나는 무적이다,I Am Invincible,regent,Rare,E1,body,2,draw,카드 뽑기,positive_or_mixed,False,"At the end of your turn, if this is on top of your Draw Pile, play it.","At the end of your turn, if this is on top of your Draw Pile, play it.","내 턴 종료 시 이 카드가 뽑을 카드 더미 맨 위에 있다면, 사용합니다.",,"{""damage"":null,""block"":10,""hit_count"":null,""cards_draw"":null,""energy_gain"":null,""hp_loss"":null,""vars"":{""Block"":10},""upgrade"":{""block"":""+3""}}"
I_AM_INVINCIBLE,나는 무적이다,I Am Invincible,regent,Rare,E1,body,2,card_move,카드 이동/탐색,positive_or_mixed,False,"At the end of your turn, if this is on top of your Draw Pile, play it.","At the end of your turn, if this is on top of your Draw Pile, play it.","내 턴 종료 시 이 카드가 뽑을 카드 더미 맨 위에 있다면, 사용합니다.",,"{""damage"":null,""block"":10,""hit_count"":null,""cards_draw"":null,""energy_gain"":null,""hp_loss"":null,""vars"":{""Block"":10},""upgrade"":{""block"":""+3""}}"
I_AM_INVINCIBLE,나는 무적이다,I Am Invincible,regent,Rare,E1,body,2,card_play,추가 사용/재사용,positive_or_mixed,False,"At the end of your turn, if this is on top of your Draw Pile, play it.","At the end of your turn, if this is on top of your Draw Pile, play it.","내 턴 종료 시 이 카드가 뽑을 카드 더미 맨 위에 있다면, 사용합니다.",,"{""damage"":null,""block"":10,""hit_count"":null,""cards_draw"":null,""energy_gain"":null,""hp_loss"":null,""vars"":{""Block"":10},""upgrade"":{""block"":""+3""}}"
I_AM_INVINCIBLE,나는 무적이다,I Am Invincible,regent,Rare,E1,body,2,trigger,지속/발동기,positive_or_mixed,False,"At the end of your turn, if this is on top of your Draw Pile, play it.","At the end of your turn, if this is on top of your Draw Pile, play it.","내 턴 종료 시 이 카드가 뽑을 카드 더미 맨 위에 있다면, 사용합니다.",,"{""damage"":null,""block"":10,""hit_count"":null,""cards_draw"":null,""energy_gain"":null,""hp_loss"":null,""vars"":{""Block"":10},""upgrade"":{""block"":""+3""}}"
JACKPOT,잭팟,Jackpot,colorless,Rare,E3,body,1,damage,피해,positive_or_mixed,False,Deal {n} damage.,Deal 25 damage.,피해를 25 줍니다.,25,"{""damage"":25,""block"":null,""hit_count"":null,""cards_draw"":3,""energy_gain"":null,""hp_loss"":null,""vars"":{""Damage"":25,""Cards"":3},""upgrade"":{""damage"":""+5""}}"
JACKPOT,잭팟,Jackpot,colorless,Rare,E3,body,2,card_create,카드 생성,positive_or_mixed,False,Add {n} random {n} Energy cards into your Hand.,Add 3 random 0 Energy cards into your Hand.,비용이 0 Energy인 무작위 카드를 3장 손으로 가져옵니다.,3|0,"{""damage"":25,""block"":null,""hit_count"":null,""cards_draw"":3,""energy_gain"":null,""hp_loss"":null,""vars"":{""Damage"":25,""Cards"":3},""upgrade"":{""damage"":""+5""}}"
JACKPOT,잭팟,Jackpot,colorless,Rare,E3,body,2,card_move,카드 이동/탐색,positive_or_mixed,False,Add {n} random {n} Energy cards into your Hand.,Add 3 random 0 Energy cards into your Hand.,비용이 0 Energy인 무작위 카드를 3장 손으로 가져옵니다.,3|0,"{""damage"":25,""block"":null,""hit_count"":null,""cards_draw"":3,""energy_gain"":null,""hp_loss"":null,""vars"":{""Damage"":25,""Cards"":3},""upgrade"":{""damage"":""+5""}}"
JACKPOT,잭팟,Jackpot,colorless,Rare,E3,body,2,energy,에너지,positive_or_mixed,False,Add {n} random {n} Energy cards into your Hand.,Add 3 random 0 Energy cards into your Hand.,비용이 0 Energy인 무작위 카드를 3장 손으로 가져옵니다.,3|0,"{""damage"":25,""block"":null,""hit_count"":null,""cards_draw"":3,""energy_gain"":null,""hp_loss"":null,""vars"":{""Damage"":25,""Cards"":3},""upgrade"":{""damage"":""+5""}}"
JACK_OF_ALL_TRADES,팔방미인,Jack of All Trades,colorless,Uncommon,E0,body,1,card_create,카드 생성,positive_or_mixed,False,Add {n} random Colorless card into your Hand.,Add 1 random Colorless card into your Hand.,무작위 무색 카드를 1장 손으로 가져옵니다.,1,"{""damage"":null,""block"":null,""hit_count"":null,""cards_draw"":1,""energy_gain"":null,""hp_loss"":null,""vars"":{""Cards"":1},""upgrade"":{""cards"":""+1""}}"
JACK_OF_ALL_TRADES,팔방미인,Jack of All Trades,colorless,Uncommon,E0,body,1,card_move,카드 이동/탐색,positive_or_mixed,False,Add {n} random Colorless card into your Hand.,Add 1 random Colorless card into your Hand.,무작위 무색 카드를 1장 손으로 가져옵니다.,1,"{""damage"":null,""block"":null,""hit_count"":null,""cards_draw"":1,""energy_gain"":null,""hp_loss"":null,""vars"":{""Cards"":1},""upgrade"":{""cards"":""+1""}}"
JACK_OF_ALL_TRADES,팔방미인,Jack of All Trades,colorless,Uncommon,E0,keyword,,keyword,카드 키워드,contextual,False,Keyword: Exhaust,Keyword: Exhaust,키워드: 소멸,,"{""damage"":null,""block"":null,""hit_count"":null,""cards_draw"":1,""energy_gain"":null,""hp_loss"":null,""vars"":{""Cards"":1},""upgrade"":{""cards"":""+1""}}"
JUGGERNAUT,절대적인 힘,Juggernaut,ironclad,Rare,E2,body,1,damage,피해,positive_or_mixed,False,"Whenever you gain Block, deal {n} damage to a random enemy.","Whenever you gain Block, deal 6 damage to a random enemy.","방어도를 얻을 때마다, 무작위 적에게 피해를 6 줍니다.",6,"{""damage"":null,""block"":null,""hit_count"":null,""cards_draw"":null,""energy_gain"":null,""hp_loss"":null,""vars"":{""JuggernautPower"":6,""Juggernaut"":6},""upgrade"":{""juggernautpower"":""+2""}}"
JUGGERNAUT,절대적인 힘,Juggernaut,ironclad,Rare,E2,body,1,block,방어도,positive_or_mixed,False,"Whenever you gain Block, deal {n} damage to a random enemy.","Whenever you gain Block, deal 6 damage to a random enemy.","방어도를 얻을 때마다, 무작위 적에게 피해를 6 줍니다.",6,"{""damage"":null,""block"":null,""hit_count"":null,""cards_draw"":null,""energy_gain"":null,""hp_loss"":null,""vars"":{""JuggernautPower"":6,""Juggernaut"":6},""upgrade"":{""juggernautpower"":""+2""}}"
JUGGERNAUT,절대적인 힘,Juggernaut,ironclad,Rare,E2,body,1,trigger,지속/발동기,positive_or_mixed,False,"Whenever you gain Block, deal {n} damage to a random enemy.","Whenever you gain Block, deal 6 damage to a random enemy.","방어도를 얻을 때마다, 무작위 적에게 피해를 6 줍니다.",6,"{""damage"":null,""block"":null,""hit_count"":null,""cards_draw"":null,""energy_gain"":null,""hp_loss"":null,""vars"":{""JuggernautPower"":6,""Juggernaut"":6},""upgrade"":{""juggernautpower"":""+2""}}"
JUGGLING,저글링,Juggling,ironclad,Uncommon,E1,body,1,card_create,카드 생성,positive_or_mixed,False,Add a copy of the third Attack you play each turn into your Hand.,Add a copy of the third Attack you play each turn into your Hand.,매 턴마다 세 번째로 사용하는 공격 카드의 복사본을 1장 손으로 가져옵니다.,,"{""damage"":null,""block"":null,""hit_count"":null,""cards_draw"":null,""energy_gain"":null,""hp_loss"":null,""vars"":null,""upgrade"":{""add_innate"":1}}"
JUGGLING,저글링,Juggling,ironclad,Uncommon,E1,body,1,card_move,카드 이동/탐색,positive_or_mixed,False,Add a copy of the third Attack you play each turn into your Hand.,Add a copy of the third Attack you play each turn into your Hand.,매 턴마다 세 번째로 사용하는 공격 카드의 복사본을 1장 손으로 가져옵니다.,,"{""damage"":null,""block"":null,""hit_count"":null,""cards_draw"":null,""energy_gain"":null,""hp_loss"":null,""vars"":null,""upgrade"":{""add_innate"":1}}"
JUGGLING,저글링,Juggling,ironclad,Uncommon,E1,body,1,card_play,추가 사용/재사용,positive_or_mixed,False,Add a copy of the third Attack you play each turn into your Hand.,Add a copy of the third Attack you play each turn into your Hand.,매 턴마다 세 번째로 사용하는 공격 카드의 복사본을 1장 손으로 가져옵니다.,,"{""damage"":null,""block"":null,""hit_count"":null,""cards_draw"":null,""energy_gain"":null,""hp_loss"":null,""vars"":null,""upgrade"":{""add_innate"":1}}"
KINGLY_KICK,왕의 발차기,Kingly Kick,regent,Uncommon,E4,body,1,damage,피해,positive_or_mixed,False,Deal {n} damage.,Deal 27 damage.,피해를 27 줍니다.,27,"{""damage"":27,""block"":null,""hit_count"":null,""cards_draw"":null,""energy_gain"":null,""hp_loss"":null,""vars"":{""Damage"":27},""upgrade"":{""damage"":""+8""}}"
KINGLY_KICK,왕의 발차기,Kingly Kick,regent,Uncommon,E4,body,2,draw,카드 뽑기,positive_or_mixed,False,"Whenever you draw this card, reduce its cost by {n}.","Whenever you draw this card, reduce its cost by 1.","이 카드를 뽑을 때마다, 이 카드의 비용이 1 감소합니다.",1,"{""damage"":27,""block"":null,""hit_count"":null,""cards_draw"":null,""energy_gain"":null,""hp_loss"":null,""vars"":{""Damage"":27},""upgrade"":{""damage"":""+8""}}"
KINGLY_KICK,왕의 발차기,Kingly Kick,regent,Uncommon,E4,body,2,card_cost,비용 변화,positive_or_mixed,False,"Whenever you draw this card, reduce its cost by {n}.","Whenever you draw this card, reduce its cost by 1.","이 카드를 뽑을 때마다, 이 카드의 비용이 1 감소합니다.",1,"{""damage"":27,""block"":null,""hit_count"":null,""cards_draw"":null,""energy_gain"":null,""hp_loss"":null,""vars"":{""Damage"":27},""upgrade"":{""damage"":""+8""}}"
KINGLY_KICK,왕의 발차기,Kingly Kick,regent,Uncommon,E4,body,2,trigger,지속/발동기,positive_or_mixed,False,"Whenever you draw this card, reduce its cost by {n}.","Whenever you draw this card, reduce its cost by 1.","이 카드를 뽑을 때마다, 이 카드의 비용이 1 감소합니다.",1,"{""damage"":27,""block"":null,""hit_count"":null,""cards_draw"":null,""energy_gain"":null,""hp_loss"":null,""vars"":{""Damage"":27},""upgrade"":{""damage"":""+8""}}"
KINGLY_PUNCH,왕의 주먹,Kingly Punch,regent,Uncommon,E1,body,1,damage,피해,positive_or_mixed,False,Deal {n} damage.,Deal 8 damage.,피해를 8 줍니다.,8,"{""damage"":8,""block"":null,""hit_count"":null,""cards_draw"":null,""energy_gain"":null,""hp_loss"":null,""vars"":{""Increase"":4,""Damage"":8},""upgrade"":{""damage"":""+2"",""increase"":""+2""}}"
KINGLY_PUNCH,왕의 주먹,Kingly Punch,regent,Uncommon,E1,body,2,damage,피해,positive_or_mixed,False,"Whenever you draw this card, increase its damage by {n} this combat.","Whenever you draw this card, increase its damage by 4 this combat.","이 카드를 뽑을 때마다, 이번 전투 동안 이 카드의 피해량이 4 증가합니다.",4,"{""damage"":8,""block"":null,""hit_count"":null,""cards_draw"":null,""energy_gain"":null,""hp_loss"":null,""vars"":{""Increase"":4,""Damage"":8},""upgrade"":{""damage"":""+2"",""increase"":""+2""}}"
KINGLY_PUNCH,왕의 주먹,Kingly Punch,regent,Uncommon,E1,body,2,draw,카드 뽑기,positive_or_mixed,False,"Whenever you draw this card, increase its damage by {n} this combat.","Whenever you draw this card, increase its damage by 4 this combat.","이 카드를 뽑을 때마다, 이번 전투 동안 이 카드의 피해량이 4 증가합니다.",4,"{""damage"":8,""block"":null,""hit_count"":null,""cards_draw"":null,""energy_gain"":null,""hp_loss"":null,""vars"":{""Increase"":4,""Damage"":8},""upgrade"":{""damage"":""+2"",""increase"":""+2""}}"
KINGLY_PUNCH,왕의 주먹,Kingly Punch,regent,Uncommon,E1,body,2,trigger,지속/발동기,positive_or_mixed,False,"Whenever you draw this card, increase its damage by {n} this combat.","Whenever you draw this card, increase its damage by 4 this combat.","이 카드를 뽑을 때마다, 이번 전투 동안 이 카드의 피해량이 4 증가합니다.",4,"{""damage"":8,""block"":null,""hit_count"":null,""cards_draw"":null,""energy_gain"":null,""hp_loss"":null,""vars"":{""Increase"":4,""Damage"":8},""upgrade"":{""damage"":""+2"",""increase"":""+2""}}"
KNIFE_TRAP,칼날 함정,Knife Trap,silent,Rare,E2,body,1,exhaust,소멸시키기,positive_or_mixed,False,Play every Shiv in your Exhaust Pile on the enemy.,Play every Shiv in your Exhaust Pile on the enemy.,소멸된 카드 더미에 있는 모든 단도를 대상 적에게 사용합니다.,,"{""damage"":0,""block"":null,""hit_count"":null,""cards_draw"":null,""energy_gain"":null,""hp_loss"":null,""vars"":{""CalculationBase"":0,""CalculationExtra"":1},""upgrade"":{""description_changed"":1}}"
KNIFE_TRAP,칼날 함정,Knife Trap,silent,Rare,E2,body,1,card_play,추가 사용/재사용,positive_or_mixed,False,Play every Shiv in your Exhaust Pile on the enemy.,Play every Shiv in your Exhaust Pile on the enemy.,소멸된 카드 더미에 있는 모든 단도를 대상 적에게 사용합니다.,,"{""damage"":0,""block"":null,""hit_count"":null,""cards_draw"":null,""energy_gain"":null,""hp_loss"":null,""vars"":{""CalculationBase"":0,""CalculationExtra"":1},""upgrade"":{""description_changed"":1}}"
KNOCKDOWN,때려눕히기,Knockdown,colorless,Rare,E3,body,1,damage,피해,positive_or_mixed,False,Deal {n} damage.,Deal 10 damage.,피해를 10 줍니다.,10,"{""damage"":10,""block"":null,""hit_count"":null,""cards_draw"":null,""energy_gain"":null,""hp_loss"":null,""vars"":{""Damage"":10,""KnockdownPower"":2,""Knockdown"":2},""upgrade"":{""damage"":""+4"",""knockdownpower"":""+1""}}"
KNOCKDOWN,때려눕히기,Knockdown,colorless,Rare,E3,body,2,ally,협동,positive_or_mixed,True,The enemy takes double damage from other players this turn.,The enemy takes double damage from other players this turn.,대상 적이 이번 턴에 다른 플레이어에게서 받는 피해량이 2배가 됩니다.,,"{""damage"":10,""block"":null,""hit_count"":null,""cards_draw"":null,""energy_gain"":null,""hp_loss"":null,""vars"":{""Damage"":10,""KnockdownPower"":2,""Knockdown"":2},""upgrade"":{""damage"":""+4"",""knockdownpower"":""+1""}}"
KNOCKDOWN,때려눕히기,Knockdown,colorless,Rare,E3,body,2,damage,피해,positive_or_mixed,True,The enemy takes double damage from other players this turn.,The enemy takes double damage from other players this turn.,대상 적이 이번 턴에 다른 플레이어에게서 받는 피해량이 2배가 됩니다.,,"{""damage"":10,""block"":null,""hit_count"":null,""cards_draw"":null,""energy_gain"":null,""hp_loss"":null,""vars"":{""Damage"":10,""KnockdownPower"":2,""Knockdown"":2},""upgrade"":{""damage"":""+4"",""knockdownpower"":""+1""}}"
KNOCKDOWN,때려눕히기,Knockdown,colorless,Rare,E3,body,2,scaling,가변/스케일링,positive_or_mixed,True,The enemy takes double damage from other players this turn.,The enemy takes double damage from other players this turn.,대상 적이 이번 턴에 다른 플레이어에게서 받는 피해량이 2배가 됩니다.,,"{""damage"":10,""block"":null,""hit_count"":null,""cards_draw"":null,""energy_gain"":null,""hp_loss"":null,""vars"":{""Damage"":10,""KnockdownPower"":2,""Knockdown"":2},""upgrade"":{""damage"":""+4"",""knockdownpower"":""+1""}}"
KNOCKOUT_BLOW,필사의 일격,Knockout Blow,regent,Uncommon,E3,body,1,damage,피해,positive_or_mixed,False,Deal {n} damage.,Deal 30 damage.,피해를 30 줍니다.,30,"{""damage"":30,""block"":null,""hit_count"":null,""cards_draw"":null,""energy_gain"":null,""hp_loss"":null,""vars"":{""Damage"":30,""Stars"":5},""upgrade"":{""damage"":""+8""}}"
KNOCKOUT_BLOW,필사의 일격,Knockout Blow,regent,Uncommon,E3,body,2,stars,별,positive_or_mixed,False,"If this kills an enemy, gain {n} Stars.","If this kills an enemy, gain 5 Stars.","이 카드가 적을 처치 시, 5 Stars을 얻습니다.",5,"{""damage"":30,""block"":null,""hit_count"":null,""cards_draw"":null,""energy_gain"":null,""hp_loss"":null,""vars"":{""Damage"":30,""Stars"":5},""upgrade"":{""damage"":""+8""}}"
KNOCKOUT_BLOW,필사의 일격,Knockout Blow,regent,Uncommon,E3,body,2,trigger,지속/발동기,positive_or_mixed,False,"If this kills an enemy, gain {n} Stars.","If this kills an enemy, gain 5 Stars.","이 카드가 적을 처치 시, 5 Stars을 얻습니다.",5,"{""damage"":30,""block"":null,""hit_count"":null,""cards_draw"":null,""energy_gain"":null,""hp_loss"":null,""vars"":{""Damage"":30,""Stars"":5},""upgrade"":{""damage"":""+8""}}"
KNOW_THY_PLACE,네 주제를 알라,Know Thy Place,regent,Common,E0,body,1,debuff,약화 효과,positive_or_mixed,False,Apply {n} Weak.,Apply 1 Weak.,약화를 1 부여합니다.,1,"{""damage"":null,""block"":null,""hit_count"":null,""cards_draw"":null,""energy_gain"":null,""hp_loss"":null,""vars"":{""WeakPower"":1,""Weak"":1,""VulnerablePower"":1,""Vulnerable"":1},""upgrade"":{""remove_exhaust"":1}}"
KNOW_THY_PLACE,네 주제를 알라,Know Thy Place,regent,Common,E0,body,2,debuff,약화 효과,positive_or_mixed,False,Apply {n} Vulnerable.,Apply 1 Vulnerable.,취약을 1 부여합니다.,1,"{""damage"":null,""block"":null,""hit_count"":null,""cards_draw"":null,""energy_gain"":null,""hp_loss"":null,""vars"":{""WeakPower"":1,""Weak"":1,""VulnerablePower"":1,""Vulnerable"":1},""upgrade"":{""remove_exhaust"":1}}"
KNOW_THY_PLACE,네 주제를 알라,Know Thy Place,regent,Common,E0,keyword,,keyword,카드 키워드,contextual,False,Keyword: Exhaust,Keyword: Exhaust,키워드: 소멸,,"{""damage"":null,""block"":null,""hit_count"":null,""cards_draw"":null,""energy_gain"":null,""hp_loss"":null,""vars"":{""WeakPower"":1,""Weak"":1,""VulnerablePower"":1,""Vulnerable"":1},""upgrade"":{""remove_exhaust"":1}}"
LANTERN_KEY,랜턴 열쇠,Lantern Key,quest,Quest,E-1,body,1,reward_meta,전투 외/보상,positive_or_mixed,False,Unlocks a special event in the next Act.,Unlocks a special event in the next Act.,다음 막에서 특별한 이벤트를 해금합니다.,,"{""damage"":null,""block"":null,""hit_count"":null,""cards_draw"":null,""energy_gain"":null,""hp_loss"":null,""vars"":{""gloryActIndex"":2},""upgrade"":null}"
LANTERN_KEY,랜턴 열쇠,Lantern Key,quest,Quest,E-1,keyword,,keyword,카드 키워드,contextual,False,Keyword: Unplayable,Keyword: Unplayable,키워드: 사용불가,,"{""damage"":null,""block"":null,""hit_count"":null,""cards_draw"":null,""energy_gain"":null,""hp_loss"":null,""vars"":{""gloryActIndex"":2},""upgrade"":null}"
LARGESSE,하사,Largesse,regent,Uncommon,E0,body,1,ally,협동,positive_or_mixed,False,Another player adds {n} random Colorless card to their Hand.,Another player adds 1 random Colorless card to their Hand.,다른 플레이어가 무작위 무색 카드를 1장 손으로 가져옵니다.,1,"{""damage"":null,""block"":null,""hit_count"":null,""cards_draw"":null,""energy_gain"":null,""hp_loss"":null,""vars"":null,""upgrade"":{""description_changed"":1}}"
LEADING_STRIKE,선제 타격,Leading Strike,silent,Common,E1,body,1,damage,피해,positive_or_mixed,False,Deal {n} damage.,Deal 3 damage.,피해를 3 줍니다.,3,"{""damage"":3,""block"":null,""hit_count"":null,""cards_draw"":null,""energy_gain"":null,""hp_loss"":null,""vars"":{""Shivs"":2,""Damage"":3},""upgrade"":{""damage"":""+3""}}"
LEADING_STRIKE,선제 타격,Leading Strike,silent,Common,E1,body,2,card_create,카드 생성,positive_or_mixed,False,Add {n} Shivs into your Hand.,Add 2 Shivs into your Hand.,단도를 2장 손으로 가져옵니다.,2,"{""damage"":3,""block"":null,""hit_count"":null,""cards_draw"":null,""energy_gain"":null,""hp_loss"":null,""vars"":{""Shivs"":2,""Damage"":3},""upgrade"":{""damage"":""+3""}}"
LEADING_STRIKE,선제 타격,Leading Strike,silent,Common,E1,body,2,card_move,카드 이동/탐색,positive_or_mixed,False,Add {n} Shivs into your Hand.,Add 2 Shivs into your Hand.,단도를 2장 손으로 가져옵니다.,2,"{""damage"":3,""block"":null,""hit_count"":null,""cards_draw"":null,""energy_gain"":null,""hp_loss"":null,""vars"":{""Shivs"":2,""Damage"":3},""upgrade"":{""damage"":""+3""}}"
LEAP,도약,Leap,defect,Common,E1,body,1,block,방어도,positive_or_mixed,False,Gain {n} Block.,Gain 9 Block.,방어도를 9 얻습니다.,9,"{""damage"":null,""block"":9,""hit_count"":null,""cards_draw"":null,""energy_gain"":null,""hp_loss"":null,""vars"":{""Block"":9},""upgrade"":{""block"":""+3""}}"
LEGION_OF_BONE,해골 군단,Legion of Bone,necrobinder,Uncommon,E2,body,1,ally,협동,positive_or_mixed,False,ALL players Summon {n}.,ALL players Summon 6.,모든 플레이어가 소환 6.,6,"{""damage"":null,""block"":null,""hit_count"":null,""cards_draw"":null,""energy_gain"":null,""hp_loss"":null,""vars"":{""Summon"":6},""upgrade"":{""summon"":""+2""}}"
LEGION_OF_BONE,해골 군단,Legion of Bone,necrobinder,Uncommon,E2,body,1,osty,오스티/소환,positive_or_mixed,False,ALL players Summon {n}.,ALL players Summon 6.,모든 플레이어가 소환 6.,6,"{""damage"":null,""block"":null,""hit_count"":null,""cards_draw"":null,""energy_gain"":null,""hp_loss"":null,""vars"":{""Summon"":6},""upgrade"":{""summon"":""+2""}}"
LEGION_OF_BONE,해골 군단,Legion of Bone,necrobinder,Uncommon,E2,keyword,,keyword,카드 키워드,contextual,False,Keyword: Exhaust,Keyword: Exhaust,키워드: 소멸,,"{""damage"":null,""block"":null,""hit_count"":null,""cards_draw"":null,""energy_gain"":null,""hp_loss"":null,""vars"":{""Summon"":6},""upgrade"":{""summon"":""+2""}}"
LEG_SWEEP,다리 걸기,Leg Sweep,silent,Uncommon,E2,body,1,debuff,약화 효과,positive_or_mixed,False,Apply {n} Weak.,Apply 2 Weak.,약화를 2 부여합니다.,2,"{""damage"":null,""block"":11,""hit_count"":null,""cards_draw"":null,""energy_gain"":null,""hp_loss"":null,""vars"":{""Block"":11,""WeakPower"":2,""Weak"":2},""upgrade"":{""block"":""+3"",""weak"":""+1""}}"
LEG_SWEEP,다리 걸기,Leg Sweep,silent,Uncommon,E2,body,2,block,방어도,positive_or_mixed,False,Gain {n} Block.,Gain 11 Block.,방어도를 11 얻습니다.,11,"{""damage"":null,""block"":11,""hit_count"":null,""cards_draw"":null,""energy_gain"":null,""hp_loss"":null,""vars"":{""Block"":11,""WeakPower"":2,""Weak"":2},""upgrade"":{""block"":""+3"",""weak"":""+1""}}"
LETHALITY,치사성,Lethality,necrobinder,Uncommon,E1,body,1,damage,피해,positive_or_mixed,True,The first Attack each turn deals {n}% additional damage.,The first Attack each turn deals 50% additional damage.,매 턴마다 처음으로 사용하는 공격 카드의 피해량이 50% 증가합니다.,50,"{""damage"":null,""block"":null,""hit_count"":null,""cards_draw"":null,""energy_gain"":null,""hp_loss"":null,""vars"":{""LethalityPower"":50,""Lethality"":50},""upgrade"":{""lethalitypower"":""+25""}}"
LETHALITY,치사성,Lethality,necrobinder,Uncommon,E1,body,1,scaling,가변/스케일링,positive_or_mixed,True,The first Attack each turn deals {n}% additional damage.,The first Attack each turn deals 50% additional damage.,매 턴마다 처음으로 사용하는 공격 카드의 피해량이 50% 증가합니다.,50,"{""damage"":null,""block"":null,""hit_count"":null,""cards_draw"":null,""energy_gain"":null,""hp_loss"":null,""vars"":{""LethalityPower"":50,""Lethality"":50},""upgrade"":{""lethalitypower"":""+25""}}"
LETHALITY,치사성,Lethality,necrobinder,Uncommon,E1,body,1,trigger,지속/발동기,positive_or_mixed,True,The first Attack each turn deals {n}% additional damage.,The first Attack each turn deals 50% additional damage.,매 턴마다 처음으로 사용하는 공격 카드의 피해량이 50% 증가합니다.,50,"{""damage"":null,""block"":null,""hit_count"":null,""cards_draw"":null,""energy_gain"":null,""hp_loss"":null,""vars"":{""LethalityPower"":50,""Lethality"":50},""upgrade"":{""lethalitypower"":""+25""}}"
LETHALITY,치사성,Lethality,necrobinder,Uncommon,E1,keyword,,keyword,카드 키워드,contextual,False,Keyword: Ethereal,Keyword: Ethereal,키워드: 휘발성,,"{""damage"":null,""block"":null,""hit_count"":null,""cards_draw"":null,""energy_gain"":null,""hp_loss"":null,""vars"":{""LethalityPower"":50,""Lethality"":50},""upgrade"":{""lethalitypower"":""+25""}}"
LIFT,부양,Lift,colorless,Uncommon,E1,body,1,ally,협동,positive_or_mixed,False,Give another player {n} Block.,Give another player 11 Block.,다른 플레이어에게 방어도를 11 줍니다.,11,"{""damage"":null,""block"":11,""hit_count"":null,""cards_draw"":null,""energy_gain"":null,""hp_loss"":null,""vars"":{""Block"":11},""upgrade"":{""block"":""+5""}}"
LIFT,부양,Lift,colorless,Uncommon,E1,body,1,block,방어도,positive_or_mixed,False,Give another player {n} Block.,Give another player 11 Block.,다른 플레이어에게 방어도를 11 줍니다.,11,"{""damage"":null,""block"":11,""hit_count"":null,""cards_draw"":null,""energy_gain"":null,""hp_loss"":null,""vars"":{""Block"":11},""upgrade"":{""block"":""+5""}}"
LIGHTNING_ROD,피뢰침,Lightning Rod,defect,Common,E1,body,1,block,방어도,positive_or_mixed,False,Gain {n} Block.,Gain 4 Block.,방어도를 4 얻습니다.,4,"{""damage"":null,""block"":4,""hit_count"":null,""cards_draw"":null,""energy_gain"":null,""hp_loss"":null,""vars"":{""Block"":4,""LightningRodPower"":2,""LightningRod"":2},""upgrade"":{""block"":""+3""}}"
LIGHTNING_ROD,피뢰침,Lightning Rod,defect,Common,E1,body,2,orb,구체,positive_or_mixed,False,"At the start of the next {n} turns, Channel {n} Lightning.","At the start of the next 2 turns, Channel 1 Lightning.","다음 []턴 동안 턴 시작 시, 전기를 1번 영창합니다.",2|1,"{""damage"":null,""block"":4,""hit_count"":null,""cards_draw"":null,""energy_gain"":null,""hp_loss"":null,""vars"":{""Block"":4,""LightningRodPower"":2,""LightningRod"":2},""upgrade"":{""block"":""+3""}}"
LIGHTNING_ROD,피뢰침,Lightning Rod,defect,Common,E1,body,2,trigger,지속/발동기,positive_or_mixed,False,"At the start of the next {n} turns, Channel {n} Lightning.","At the start of the next 2 turns, Channel 1 Lightning.","다음 []턴 동안 턴 시작 시, 전기를 1번 영창합니다.",2|1,"{""damage"":null,""block"":4,""hit_count"":null,""cards_draw"":null,""energy_gain"":null,""hp_loss"":null,""vars"":{""Block"":4,""LightningRodPower"":2,""LightningRod"":2},""upgrade"":{""block"":""+3""}}"
LOOP,반복,Loop,defect,Uncommon,E1,body,1,orb,구체,positive_or_mixed,False,"At the start of your turn, trigger the passive ability of your rightmost Orb.","At the start of your turn, trigger the passive ability of your rightmost Orb.","내 턴 시작 시, 가장 오른쪽의 구체의 지속 능력을 발동시킵니다.",,"{""damage"":null,""block"":null,""hit_count"":null,""cards_draw"":null,""energy_gain"":null,""hp_loss"":null,""vars"":{""Loop"":1},""upgrade"":{""loop"":""+1""}}"
LOOP,반복,Loop,defect,Uncommon,E1,body,1,trigger,지속/발동기,positive_or_mixed,False,"At the start of your turn, trigger the passive ability of your rightmost Orb.","At the start of your turn, trigger the passive ability of your rightmost Orb.","내 턴 시작 시, 가장 오른쪽의 구체의 지속 능력을 발동시킵니다.",,"{""damage"":null,""block"":null,""hit_count"":null,""cards_draw"":null,""energy_gain"":null,""hp_loss"":null,""vars"":{""Loop"":1},""upgrade"":{""loop"":""+1""}}"
LUMINESCE,발광,Luminesce,token,Token,E0,body,1,energy,에너지,positive_or_mixed,False,Gain {n} Energy.,Gain 2 Energy.,2 Energy를 얻습니다.,2,"{""damage"":null,""block"":null,""hit_count"":null,""cards_draw"":null,""energy_gain"":2,""hp_loss"":null,""vars"":{""Energy"":2},""upgrade"":{""energy"":""+1""}}"
LUMINESCE,발광,Luminesce,token,Token,E0,keyword,,keyword,카드 키워드,contextual,False,Keyword: Exhaust,Keyword: Exhaust,키워드: 소멸,,"{""damage"":null,""block"":null,""hit_count"":null,""cards_draw"":null,""energy_gain"":2,""hp_loss"":null,""vars"":{""Energy"":2},""upgrade"":{""energy"":""+1""}}"
LUMINESCE,발광,Luminesce,token,Token,E0,keyword,,keyword,카드 키워드,contextual,False,Keyword: Retain,Keyword: Retain,키워드: 보존,,"{""damage"":null,""block"":null,""hit_count"":null,""cards_draw"":null,""energy_gain"":2,""hp_loss"":null,""vars"":{""Energy"":2},""upgrade"":{""energy"":""+1""}}"
LUNAR_BLAST,달의 세례,Lunar Blast,regent,Uncommon,E0,body,1,damage,피해,positive_or_mixed,True,Deal {n} damage for each Skill already played this turn.,Deal 4 damage for each Skill already played this turn.,이번 턴에 사용한 스킬 카드 1장당 피해를 4 줍니다.,4,"{""damage"":4,""block"":null,""hit_count"":null,""cards_draw"":null,""energy_gain"":null,""hp_loss"":null,""vars"":{""Damage"":4,""CalculationBase"":0,""CalculationExtra"":1},""upgrade"":{""damage"":""+1""}}"
LUNAR_BLAST,달의 세례,Lunar Blast,regent,Uncommon,E0,body,1,card_play,추가 사용/재사용,positive_or_mixed,True,Deal {n} damage for each Skill already played this turn.,Deal 4 damage for each Skill already played this turn.,이번 턴에 사용한 스킬 카드 1장당 피해를 4 줍니다.,4,"{""damage"":4,""block"":null,""hit_count"":null,""cards_draw"":null,""energy_gain"":null,""hp_loss"":null,""vars"":{""Damage"":4,""CalculationBase"":0,""CalculationExtra"":1},""upgrade"":{""damage"":""+1""}}"
LUNAR_BLAST,달의 세례,Lunar Blast,regent,Uncommon,E0,body,1,scaling,가변/스케일링,positive_or_mixed,True,Deal {n} damage for each Skill already played this turn.,Deal 4 damage for each Skill already played this turn.,이번 턴에 사용한 스킬 카드 1장당 피해를 4 줍니다.,4,"{""damage"":4,""block"":null,""hit_count"":null,""cards_draw"":null,""energy_gain"":null,""hp_loss"":null,""vars"":{""Damage"":4,""CalculationBase"":0,""CalculationExtra"":1},""upgrade"":{""damage"":""+1""}}"
MACHINE_LEARNING,기계학습,Machine Learning,defect,Rare,E1,body,1,draw,카드 뽑기,positive_or_mixed,False,"At the start of your turn, draw {n} additional card.","At the start of your turn, draw 1 additional card.","내 턴 시작 시, 카드를 추가로 1장 뽑습니다.",1,"{""damage"":null,""block"":null,""hit_count"":null,""cards_draw"":1,""energy_gain"":null,""hp_loss"":null,""vars"":{""Cards"":1},""upgrade"":{""add_innate"":1}}"
MACHINE_LEARNING,기계학습,Machine Learning,defect,Rare,E1,body,1,trigger,지속/발동기,positive_or_mixed,False,"At the start of your turn, draw {n} additional card.","At the start of your turn, draw 1 additional card.","내 턴 시작 시, 카드를 추가로 1장 뽑습니다.",1,"{""damage"":null,""block"":null,""hit_count"":null,""cards_draw"":1,""energy_gain"":null,""hp_loss"":null,""vars"":{""Cards"":1},""upgrade"":{""add_innate"":1}}"
MAD_SCIENCE,괴짜 과학,Mad Science,event,Event,E1,body,1,damage,피해,positive_or_mixed,False,Deal {n} damage.,Deal 12 damage.,피해를 12 줍니다.,12,"{""damage"":12,""block"":8,""hit_count"":null,""cards_draw"":null,""energy_gain"":null,""hp_loss"":null,""vars"":{""SappingWeak"":2,""SappingVulnerable"":2,""ViolenceHits"":3,""ChokingDamage"":6,""EnergizedEnergy"":2,""WisdomCards"":3,""ExpertiseStrength"":2,""ExpertiseDexterity"":2,""CuriousReduction"":1,""Damage"":12,""Block"":8},""upgrade"":{""add_innate"":1}}"
MAKE_IT_SO,그렇게 하라,Make It So,regent,Rare,E0,body,1,damage,피해,positive_or_mixed,False,Deal {n} damage.,Deal 6 damage.,피해를 6 줍니다.,6,"{""damage"":6,""block"":null,""hit_count"":null,""cards_draw"":3,""energy_gain"":null,""hp_loss"":null,""vars"":{""Damage"":6,""Cards"":3},""upgrade"":{""damage"":""+3""}}"
MAKE_IT_SO,그렇게 하라,Make It So,regent,Rare,E0,body,2,card_move,카드 이동/탐색,positive_or_mixed,False,"Every {n} Skills you play in a turn, put this into your Hand.","Every 3 Skills you play in a turn, put this into your Hand.","한 턴에 스킬 카드를 3장 사용할 때마다, 이 카드를 손으로 가져옵니다.",3,"{""damage"":6,""block"":null,""hit_count"":null,""cards_draw"":3,""energy_gain"":null,""hp_loss"":null,""vars"":{""Damage"":6,""Cards"":3},""upgrade"":{""damage"":""+3""}}"
MAKE_IT_SO,그렇게 하라,Make It So,regent,Rare,E0,body,2,card_play,추가 사용/재사용,positive_or_mixed,False,"Every {n} Skills you play in a turn, put this into your Hand.","Every 3 Skills you play in a turn, put this into your Hand.","한 턴에 스킬 카드를 3장 사용할 때마다, 이 카드를 손으로 가져옵니다.",3,"{""damage"":6,""block"":null,""hit_count"":null,""cards_draw"":3,""energy_gain"":null,""hp_loss"":null,""vars"":{""Damage"":6,""Cards"":3},""upgrade"":{""damage"":""+3""}}"
MAKE_IT_SO,그렇게 하라,Make It So,regent,Rare,E0,body,2,trigger,지속/발동기,positive_or_mixed,False,"Every {n} Skills you play in a turn, put this into your Hand.","Every 3 Skills you play in a turn, put this into your Hand.","한 턴에 스킬 카드를 3장 사용할 때마다, 이 카드를 손으로 가져옵니다.",3,"{""damage"":6,""block"":null,""hit_count"":null,""cards_draw"":3,""energy_gain"":null,""hp_loss"":null,""vars"":{""Damage"":6,""Cards"":3},""upgrade"":{""damage"":""+3""}}"
MALAISE,불쾌,Malaise,silent,Rare,EX,body,1,debuff,약화 효과,positive_or_mixed,True,Enemy loses X Strength.,Enemy loses X Strength.,적이 힘을 X 잃습니다.,,"{""damage"":null,""block"":null,""hit_count"":null,""cards_draw"":null,""energy_gain"":null,""hp_loss"":null,""vars"":null,""upgrade"":{""description_changed"":1}}"
MALAISE,불쾌,Malaise,silent,Rare,EX,body,1,buff,강화 효과,positive_or_mixed,True,Enemy loses X Strength.,Enemy loses X Strength.,적이 힘을 X 잃습니다.,,"{""damage"":null,""block"":null,""hit_count"":null,""cards_draw"":null,""energy_gain"":null,""hp_loss"":null,""vars"":null,""upgrade"":{""description_changed"":1}}"
MALAISE,불쾌,Malaise,silent,Rare,EX,body,1,scaling,가변/스케일링,positive_or_mixed,True,Enemy loses X Strength.,Enemy loses X Strength.,적이 힘을 X 잃습니다.,,"{""damage"":null,""block"":null,""hit_count"":null,""cards_draw"":null,""energy_gain"":null,""hp_loss"":null,""vars"":null,""upgrade"":{""description_changed"":1}}"
MALAISE,불쾌,Malaise,silent,Rare,EX,body,2,debuff,약화 효과,positive_or_mixed,True,Apply X Weak.,Apply X Weak.,약화를 X 부여합니다.,,"{""damage"":null,""block"":null,""hit_count"":null,""cards_draw"":null,""energy_gain"":null,""hp_loss"":null,""vars"":null,""upgrade"":{""description_changed"":1}}"
MALAISE,불쾌,Malaise,silent,Rare,EX,body,2,scaling,가변/스케일링,positive_or_mixed,True,Apply X Weak.,Apply X Weak.,약화를 X 부여합니다.,,"{""damage"":null,""block"":null,""hit_count"":null,""cards_draw"":null,""energy_gain"":null,""hp_loss"":null,""vars"":null,""upgrade"":{""description_changed"":1}}"
MALAISE,불쾌,Malaise,silent,Rare,EX,keyword,,keyword,카드 키워드,contextual,False,Keyword: Exhaust,Keyword: Exhaust,키워드: 소멸,,"{""damage"":null,""block"":null,""hit_count"":null,""cards_draw"":null,""energy_gain"":null,""hp_loss"":null,""vars"":null,""upgrade"":{""description_changed"":1}}"
MANGLE,난도질,Mangle,ironclad,Rare,E3,body,1,damage,피해,positive_or_mixed,False,Deal {n} damage.,Deal 15 damage.,피해를 15 줍니다.,15,"{""damage"":15,""block"":null,""hit_count"":null,""cards_draw"":null,""energy_gain"":null,""hp_loss"":null,""vars"":{""StrengthLoss"":10,""Damage"":15},""upgrade"":{""damage"":""+5"",""strengthloss"":""+5""}}"
MANGLE,난도질,Mangle,ironclad,Rare,E3,body,2,debuff,약화 효과,positive_or_mixed,False,Enemy loses {n} Strength this turn.,Enemy loses 10 Strength this turn.,이번 턴 동안 적이 힘을 10 잃습니다.,10,"{""damage"":15,""block"":null,""hit_count"":null,""cards_draw"":null,""energy_gain"":null,""hp_loss"":null,""vars"":{""StrengthLoss"":10,""Damage"":15},""upgrade"":{""damage"":""+5"",""strengthloss"":""+5""}}"
MANGLE,난도질,Mangle,ironclad,Rare,E3,body,2,buff,강화 효과,positive_or_mixed,False,Enemy loses {n} Strength this turn.,Enemy loses 10 Strength this turn.,이번 턴 동안 적이 힘을 10 잃습니다.,10,"{""damage"":15,""block"":null,""hit_count"":null,""cards_draw"":null,""energy_gain"":null,""hp_loss"":null,""vars"":{""StrengthLoss"":10,""Damage"":15},""upgrade"":{""damage"":""+5"",""strengthloss"":""+5""}}"
MANIFEST_AUTHORITY,권위 행사,Manifest Authority,regent,Uncommon,E1,body,1,block,방어도,positive_or_mixed,False,Gain {n} Block.,Gain 7 Block.,방어도를 7 얻습니다.,7,"{""damage"":null,""block"":7,""hit_count"":null,""cards_draw"":null,""energy_gain"":null,""hp_loss"":null,""vars"":{""Block"":7},""upgrade"":{""block"":""+1""}}"
MANIFEST_AUTHORITY,권위 행사,Manifest Authority,regent,Uncommon,E1,body,2,card_create,카드 생성,positive_or_mixed,False,Add {n} random Colorless card into your Hand.,Add 1 random Colorless card into your Hand.,무작위 무색 카드를 1장 손으로 가져옵니다.,1,"{""damage"":null,""block"":7,""hit_count"":null,""cards_draw"":null,""energy_gain"":null,""hp_loss"":null,""vars"":{""Block"":7},""upgrade"":{""block"":""+1""}}"
MANIFEST_AUTHORITY,권위 행사,Manifest Authority,regent,Uncommon,E1,body,2,card_move,카드 이동/탐색,positive_or_mixed,False,Add {n} random Colorless card into your Hand.,Add 1 random Colorless card into your Hand.,무작위 무색 카드를 1장 손으로 가져옵니다.,1,"{""damage"":null,""block"":7,""hit_count"":null,""cards_draw"":null,""energy_gain"":null,""hp_loss"":null,""vars"":{""Block"":7},""upgrade"":{""block"":""+1""}}"
MASTER_OF_STRATEGY,전략의 천재,Master of Strategy,colorless,Rare,E0,body,1,draw,카드 뽑기,positive_or_mixed,False,Draw {n} cards.,Draw 3 cards.,카드를 3장 뽑습니다.,3,"{""damage"":null,""block"":null,""hit_count"":null,""cards_draw"":3,""energy_gain"":null,""hp_loss"":null,""vars"":{""Cards"":3},""upgrade"":{""cards"":""+1""}}"
MASTER_OF_STRATEGY,전략의 천재,Master of Strategy,colorless,Rare,E0,keyword,,keyword,카드 키워드,contextual,False,Keyword: Exhaust,Keyword: Exhaust,키워드: 소멸,,"{""damage"":null,""block"":null,""hit_count"":null,""cards_draw"":3,""energy_gain"":null,""hp_loss"":null,""vars"":{""Cards"":3},""upgrade"":{""cards"":""+1""}}"
MASTER_PLANNER,설계의 대가,Master Planner,silent,Rare,E2,body,1,card_play,추가 사용/재사용,positive_or_mixed,False,"When you play a Skill, it gains Sly.","When you play a Skill, it gains Sly.","스킬 카드를 사용 시, 그 카드가 교활을 얻습니다.",,"{""damage"":null,""block"":null,""hit_count"":null,""cards_draw"":null,""energy_gain"":null,""hp_loss"":null,""vars"":null,""upgrade"":{""cost"":1}}"
MASTER_PLANNER,설계의 대가,Master Planner,silent,Rare,E2,body,1,trigger,지속/발동기,positive_or_mixed,False,"When you play a Skill, it gains Sly.","When you play a Skill, it gains Sly.","스킬 카드를 사용 시, 그 카드가 교활을 얻습니다.",,"{""damage"":null,""block"":null,""hit_count"":null,""cards_draw"":null,""energy_gain"":null,""hp_loss"":null,""vars"":null,""upgrade"":{""cost"":1}}"
MAUL,할퀴기,Maul,event,Ancient,E1,body,1,damage,피해,positive_or_mixed,False,Deal {n} damage twice.,Deal 5 damage twice.,피해를 5만큼 2번 줍니다.,5,"{""damage"":5,""block"":null,""hit_count"":2,""cards_draw"":null,""energy_gain"":null,""hp_loss"":null,""vars"":{""Increase"":1,""Damage"":5},""upgrade"":{""damage"":""+1"",""increase"":""+1""}}"
MAUL,할퀴기,Maul,event,Ancient,E1,body,2,damage,피해,positive_or_mixed,False,Increase the damage of ALL Maul cards by {n} this combat.,Increase the damage of ALL Maul cards by 1 this combat.,이번 전투 동안 모든 할퀴기 카드의 피해량이 1 증가합니다.,1,"{""damage"":5,""block"":null,""hit_count"":2,""cards_draw"":null,""energy_gain"":null,""hp_loss"":null,""vars"":{""Increase"":1,""Damage"":5},""upgrade"":{""damage"":""+1"",""increase"":""+1""}}"
MAYHEM,대혼란,Mayhem,colorless,Rare,E2,body,1,draw,카드 뽑기,positive_or_mixed,False,"At the start of your turn, play the top card of your Draw Pile.","At the start of your turn, play the top card of your Draw Pile.","내 턴 시작 시, 뽑을 카드 더미 맨 위의 카드를 사용합니다.",,"{""damage"":null,""block"":null,""hit_count"":null,""cards_draw"":null,""energy_gain"":null,""hp_loss"":null,""vars"":null,""upgrade"":{""cost"":1}}"
MAYHEM,대혼란,Mayhem,colorless,Rare,E2,body,1,card_move,카드 이동/탐색,positive_or_mixed,False,"At the start of your turn, play the top card of your Draw Pile.","At the start of your turn, play the top card of your Draw Pile.","내 턴 시작 시, 뽑을 카드 더미 맨 위의 카드를 사용합니다.",,"{""damage"":null,""block"":null,""hit_count"":null,""cards_draw"":null,""energy_gain"":null,""hp_loss"":null,""vars"":null,""upgrade"":{""cost"":1}}"
MAYHEM,대혼란,Mayhem,colorless,Rare,E2,body,1,card_play,추가 사용/재사용,positive_or_mixed,False,"At the start of your turn, play the top card of your Draw Pile.","At the start of your turn, play the top card of your Draw Pile.","내 턴 시작 시, 뽑을 카드 더미 맨 위의 카드를 사용합니다.",,"{""damage"":null,""block"":null,""hit_count"":null,""cards_draw"":null,""energy_gain"":null,""hp_loss"":null,""vars"":null,""upgrade"":{""cost"":1}}"
MAYHEM,대혼란,Mayhem,colorless,Rare,E2,body,1,trigger,지속/발동기,positive_or_mixed,False,"At the start of your turn, play the top card of your Draw Pile.","At the start of your turn, play the top card of your Draw Pile.","내 턴 시작 시, 뽑을 카드 더미 맨 위의 카드를 사용합니다.",,"{""damage"":null,""block"":null,""hit_count"":null,""cards_draw"":null,""energy_gain"":null,""hp_loss"":null,""vars"":null,""upgrade"":{""cost"":1}}"
MELANCHOLY,비애,Melancholy,necrobinder,Uncommon,E3,body,1,block,방어도,positive_or_mixed,False,Gain {n} Block.,Gain 13 Block.,방어도를 13 얻습니다.,13,"{""damage"":null,""block"":13,""hit_count"":null,""cards_draw"":null,""energy_gain"":1,""hp_loss"":null,""vars"":{""Block"":13,""Energy"":1},""upgrade"":{""block"":""+4""}}"
MELANCHOLY,비애,Melancholy,necrobinder,Uncommon,E3,body,2,card_cost,비용 변화,positive_or_mixed,False,Reduce this card's cost by {n} Energy whenever ANYONE dies.,Reduce this card's cost by 1 Energy whenever ANYONE dies.,누군가 죽을 때마다 이 카드의 비용이 1 Energy 감소합니다.,1,"{""damage"":null,""block"":13,""hit_count"":null,""cards_draw"":null,""energy_gain"":1,""hp_loss"":null,""vars"":{""Block"":13,""Energy"":1},""upgrade"":{""block"":""+4""}}"
MELANCHOLY,비애,Melancholy,necrobinder,Uncommon,E3,body,2,energy,에너지,positive_or_mixed,False,Reduce this card's cost by {n} Energy whenever ANYONE dies.,Reduce this card's cost by 1 Energy whenever ANYONE dies.,누군가 죽을 때마다 이 카드의 비용이 1 Energy 감소합니다.,1,"{""damage"":null,""block"":13,""hit_count"":null,""cards_draw"":null,""energy_gain"":1,""hp_loss"":null,""vars"":{""Block"":13,""Energy"":1},""upgrade"":{""block"":""+4""}}"
MEMENTO_MORI,메멘토 모리,Memento Mori,silent,Uncommon,E1,body,1,damage,피해,positive_or_mixed,False,Deal {n} damage.,Deal 9 damage.,피해를 9 줍니다.,9,"{""damage"":9,""block"":null,""hit_count"":null,""cards_draw"":null,""energy_gain"":null,""hp_loss"":null,""vars"":{""CalculationBase"":9,""ExtraDamage"":4,""CalculatedDamage"":9},""upgrade"":{""calculationbase"":""+2"",""extradamage"":""+1""}}"
MEMENTO_MORI,메멘토 모리,Memento Mori,silent,Uncommon,E1,body,2,damage,피해,positive_or_mixed,True,Deals {n} additional damage for each card discarded this turn.,Deals 4 additional damage for each card discarded this turn.,이번 턴에 버린 카드 1장당 피해량이 4 증가합니다.,4,"{""damage"":9,""block"":null,""hit_count"":null,""cards_draw"":null,""energy_gain"":null,""hp_loss"":null,""vars"":{""CalculationBase"":9,""ExtraDamage"":4,""CalculatedDamage"":9},""upgrade"":{""calculationbase"":""+2"",""extradamage"":""+1""}}"
MEMENTO_MORI,메멘토 모리,Memento Mori,silent,Uncommon,E1,body,2,discard,버리기,positive_or_mixed,True,Deals {n} additional damage for each card discarded this turn.,Deals 4 additional damage for each card discarded this turn.,이번 턴에 버린 카드 1장당 피해량이 4 증가합니다.,4,"{""damage"":9,""block"":null,""hit_count"":null,""cards_draw"":null,""energy_gain"":null,""hp_loss"":null,""vars"":{""CalculationBase"":9,""ExtraDamage"":4,""CalculatedDamage"":9},""upgrade"":{""calculationbase"":""+2"",""extradamage"":""+1""}}"
MEMENTO_MORI,메멘토 모리,Memento Mori,silent,Uncommon,E1,body,2,scaling,가변/스케일링,positive_or_mixed,True,Deals {n} additional damage for each card discarded this turn.,Deals 4 additional damage for each card discarded this turn.,이번 턴에 버린 카드 1장당 피해량이 4 증가합니다.,4,"{""damage"":9,""block"":null,""hit_count"":null,""cards_draw"":null,""energy_gain"":null,""hp_loss"":null,""vars"":{""CalculationBase"":9,""ExtraDamage"":4,""CalculatedDamage"":9},""upgrade"":{""calculationbase"":""+2"",""extradamage"":""+1""}}"
METAMORPHOSIS,탈바꿈,Metamorphosis,event,Event,E2,body,1,draw,카드 뽑기,positive_or_mixed,False,Add {n} random Attacks into your Draw Pile.,Add 3 random Attacks into your Draw Pile.,뽑을 카드 더미에 무작위 공격 카드를 3장 추가합니다.,3,"{""damage"":null,""block"":null,""hit_count"":null,""cards_draw"":3,""energy_gain"":null,""hp_loss"":null,""vars"":{""Cards"":3},""upgrade"":{""cards"":""+2""}}"
METAMORPHOSIS,탈바꿈,Metamorphosis,event,Event,E2,body,1,card_create,카드 생성,positive_or_mixed,False,Add {n} random Attacks into your Draw Pile.,Add 3 random Attacks into your Draw Pile.,뽑을 카드 더미에 무작위 공격 카드를 3장 추가합니다.,3,"{""damage"":null,""block"":null,""hit_count"":null,""cards_draw"":3,""energy_gain"":null,""hp_loss"":null,""vars"":{""Cards"":3},""upgrade"":{""cards"":""+2""}}"
METAMORPHOSIS,탈바꿈,Metamorphosis,event,Event,E2,body,2,card_cost,비용 변화,positive_or_mixed,False,They're free to play this combat.,They're free to play this combat.,이번 전투 동안 그 카드들을 비용 없이 사용할 수 있습니다.,,"{""damage"":null,""block"":null,""hit_count"":null,""cards_draw"":3,""energy_gain"":null,""hp_loss"":null,""vars"":{""Cards"":3},""upgrade"":{""cards"":""+2""}}"
METAMORPHOSIS,탈바꿈,Metamorphosis,event,Event,E2,body,2,card_play,추가 사용/재사용,positive_or_mixed,False,They're free to play this combat.,They're free to play this combat.,이번 전투 동안 그 카드들을 비용 없이 사용할 수 있습니다.,,"{""damage"":null,""block"":null,""hit_count"":null,""cards_draw"":3,""energy_gain"":null,""hp_loss"":null,""vars"":{""Cards"":3},""upgrade"":{""cards"":""+2""}}"
METAMORPHOSIS,탈바꿈,Metamorphosis,event,Event,E2,keyword,,keyword,카드 키워드,contextual,False,Keyword: Exhaust,Keyword: Exhaust,키워드: 소멸,,"{""damage"":null,""block"":null,""hit_count"":null,""cards_draw"":3,""energy_gain"":null,""hp_loss"":null,""vars"":{""Cards"":3},""upgrade"":{""cards"":""+2""}}"
METEOR_SHOWER,유성우,Meteor Shower,regent,Ancient,E0+S2,body,1,damage,피해,positive_or_mixed,False,Deal {n} damage to ALL enemies.,Deal 14 damage to ALL enemies.,모든 적에게 피해를 14 줍니다.,14,"{""damage"":14,""block"":null,""hit_count"":null,""cards_draw"":null,""energy_gain"":null,""hp_loss"":null,""vars"":{""Damage"":14,""VulnerablePower"":2,""Vulnerable"":2,""WeakPower"":2,""Weak"":2,""StarCost"":2},""upgrade"":{""damage"":""+7""}}"
METEOR_SHOWER,유성우,Meteor Shower,regent,Ancient,E0+S2,body,2,debuff,약화 효과,positive_or_mixed,False,Apply {n} Weak and Vulnerable to ALL enemies.,Apply 2 Weak and Vulnerable to ALL enemies.,모든 적에게 약화와 취약을 2 부여합니다.,2,"{""damage"":14,""block"":null,""hit_count"":null,""cards_draw"":null,""energy_gain"":null,""hp_loss"":null,""vars"":{""Damage"":14,""VulnerablePower"":2,""Vulnerable"":2,""WeakPower"":2,""Weak"":2,""StarCost"":2},""upgrade"":{""damage"":""+7""}}"
METEOR_STRIKE,유성 타격,Meteor Strike,defect,Rare,E5,body,1,damage,피해,positive_or_mixed,False,Deal {n} damage.,Deal 24 damage.,피해를 24 줍니다.,24,"{""damage"":24,""block"":null,""hit_count"":null,""cards_draw"":null,""energy_gain"":null,""hp_loss"":null,""vars"":{""Damage"":24},""upgrade"":{""damage"":""+6""}}"
METEOR_STRIKE,유성 타격,Meteor Strike,defect,Rare,E5,body,2,orb,구체,positive_or_mixed,False,Channel {n} Plasma.,Channel 3 Plasma.,플라즈마를 3번 영창합니다.,3,"{""damage"":24,""block"":null,""hit_count"":null,""cards_draw"":null,""energy_gain"":null,""hp_loss"":null,""vars"":{""Damage"":24},""upgrade"":{""damage"":""+6""}}"
MIMIC,흉내내기,Mimic,colorless,Rare,E1,body,1,ally,협동,positive_or_mixed,True,Gain Block equal to the Block on another player.,Gain Block equal to the Block on another player.,다른 플레이어의 방어도와 동일한 만큼의 방어도를 얻습니다.,,"{""damage"":0,""block"":null,""hit_count"":null,""cards_draw"":null,""energy_gain"":null,""hp_loss"":null,""vars"":{""CalculationBase"":0,""CalculationExtra"":1},""upgrade"":{""remove_exhaust"":1}}"
MIMIC,흉내내기,Mimic,colorless,Rare,E1,body,1,block,방어도,positive_or_mixed,True,Gain Block equal to the Block on another player.,Gain Block equal to the Block on another player.,다른 플레이어의 방어도와 동일한 만큼의 방어도를 얻습니다.,,"{""damage"":0,""block"":null,""hit_count"":null,""cards_draw"":null,""energy_gain"":null,""hp_loss"":null,""vars"":{""CalculationBase"":0,""CalculationExtra"":1},""upgrade"":{""remove_exhaust"":1}}"
MIMIC,흉내내기,Mimic,colorless,Rare,E1,body,1,scaling,가변/스케일링,positive_or_mixed,True,Gain Block equal to the Block on another player.,Gain Block equal to the Block on another player.,다른 플레이어의 방어도와 동일한 만큼의 방어도를 얻습니다.,,"{""damage"":0,""block"":null,""hit_count"":null,""cards_draw"":null,""energy_gain"":null,""hp_loss"":null,""vars"":{""CalculationBase"":0,""CalculationExtra"":1},""upgrade"":{""remove_exhaust"":1}}"
MIMIC,흉내내기,Mimic,colorless,Rare,E1,keyword,,keyword,카드 키워드,contextual,False,Keyword: Exhaust,Keyword: Exhaust,키워드: 소멸,,"{""damage"":0,""block"":null,""hit_count"":null,""cards_draw"":null,""energy_gain"":null,""hp_loss"":null,""vars"":{""CalculationBase"":0,""CalculationExtra"":1},""upgrade"":{""remove_exhaust"":1}}"
MIND_BLAST,정신 공격,Mind Blast,colorless,Uncommon,E1,body,1,damage,피해,positive_or_mixed,True,Deal damage equal to the number of cards in your Draw Pile.,Deal damage equal to the number of cards in your Draw Pile.,뽑을 카드 더미에 있는 카드의 수만큼 피해를 줍니다.,,"{""damage"":0,""block"":null,""hit_count"":null,""cards_draw"":null,""energy_gain"":null,""hp_loss"":null,""vars"":{""CalculationBase"":0,""ExtraDamage"":1,""CalculatedDamage"":0},""upgrade"":{""cost"":0}}"
MIND_BLAST,정신 공격,Mind Blast,colorless,Uncommon,E1,body,1,draw,카드 뽑기,positive_or_mixed,True,Deal damage equal to the number of cards in your Draw Pile.,Deal damage equal to the number of cards in your Draw Pile.,뽑을 카드 더미에 있는 카드의 수만큼 피해를 줍니다.,,"{""damage"":0,""block"":null,""hit_count"":null,""cards_draw"":null,""energy_gain"":null,""hp_loss"":null,""vars"":{""CalculationBase"":0,""ExtraDamage"":1,""CalculatedDamage"":0},""upgrade"":{""cost"":0}}"
MIND_BLAST,정신 공격,Mind Blast,colorless,Uncommon,E1,body,1,scaling,가변/스케일링,positive_or_mixed,True,Deal damage equal to the number of cards in your Draw Pile.,Deal damage equal to the number of cards in your Draw Pile.,뽑을 카드 더미에 있는 카드의 수만큼 피해를 줍니다.,,"{""damage"":0,""block"":null,""hit_count"":null,""cards_draw"":null,""energy_gain"":null,""hp_loss"":null,""vars"":{""CalculationBase"":0,""ExtraDamage"":1,""CalculatedDamage"":0},""upgrade"":{""cost"":0}}"
MIND_BLAST,정신 공격,Mind Blast,colorless,Uncommon,E1,keyword,,keyword,카드 키워드,contextual,False,Keyword: Innate,Keyword: Innate,키워드: 선천성,,"{""damage"":0,""block"":null,""hit_count"":null,""cards_draw"":null,""energy_gain"":null,""hp_loss"":null,""vars"":{""CalculationBase"":0,""ExtraDamage"":1,""CalculatedDamage"":0},""upgrade"":{""cost"":0}}"
MIND_ROT,정신 오염,Mind Rot,token,Status,E-1,body,1,draw,카드 뽑기,positive_or_mixed,False,Draw {n} fewer card each turn.,Draw 1 fewer card each turn.,매 턴마다 카드를 1장 적게 뽑습니다.,1,"{""damage"":null,""block"":null,""hit_count"":null,""cards_draw"":null,""energy_gain"":null,""hp_loss"":null,""vars"":{""MindRotPower"":1,""MindRot"":1},""upgrade"":null}"
MINION_DIVE_BOMB,하수인 투하,Minion Dive Bomb,token,Token,E0,body,1,damage,피해,positive_or_mixed,False,Deal {n} damage.,Deal 13 damage.,피해를 13 줍니다.,13,"{""damage"":13,""block"":null,""hit_count"":null,""cards_draw"":null,""energy_gain"":null,""hp_loss"":null,""vars"":{""Damage"":13},""upgrade"":{""damage"":""+3""}}"
MINION_DIVE_BOMB,하수인 투하,Minion Dive Bomb,token,Token,E0,keyword,,keyword,카드 키워드,contextual,False,Keyword: Exhaust,Keyword: Exhaust,키워드: 소멸,,"{""damage"":13,""block"":null,""hit_count"":null,""cards_draw"":null,""energy_gain"":null,""hp_loss"":null,""vars"":{""Damage"":13},""upgrade"":{""damage"":""+3""}}"
MINION_SACRIFICE,하수인 희생,Minion Sacrifice,token,Token,E0,body,1,block,방어도,positive_or_mixed,False,Gain {n} Block.,Gain 8 Block.,방어도를 8 얻습니다.,8,"{""damage"":null,""block"":8,""hit_count"":null,""cards_draw"":null,""energy_gain"":null,""hp_loss"":null,""vars"":{""Block"":8},""upgrade"":{""block"":""+3""}}"
MINION_SACRIFICE,하수인 희생,Minion Sacrifice,token,Token,E0,keyword,,keyword,카드 키워드,contextual,False,Keyword: Exhaust,Keyword: Exhaust,키워드: 소멸,,"{""damage"":null,""block"":8,""hit_count"":null,""cards_draw"":null,""energy_gain"":null,""hp_loss"":null,""vars"":{""Block"":8},""upgrade"":{""block"":""+3""}}"
MINION_STRIKE,하수인 타격,Minion Strike,token,Token,E0,body,1,damage,피해,positive_or_mixed,False,Deal {n} damage.,Deal 6 damage.,피해를 6 줍니다.,6,"{""damage"":6,""block"":null,""hit_count"":null,""cards_draw"":1,""energy_gain"":null,""hp_loss"":null,""vars"":{""Damage"":6,""Cards"":1},""upgrade"":{""damage"":""+3""}}"
MINION_STRIKE,하수인 타격,Minion Strike,token,Token,E0,body,2,draw,카드 뽑기,positive_or_mixed,False,Draw {n} card.,Draw 1 card.,카드를 1장 뽑습니다.,1,"{""damage"":6,""block"":null,""hit_count"":null,""cards_draw"":1,""energy_gain"":null,""hp_loss"":null,""vars"":{""Damage"":6,""Cards"":1},""upgrade"":{""damage"":""+3""}}"
MINION_STRIKE,하수인 타격,Minion Strike,token,Token,E0,keyword,,keyword,카드 키워드,contextual,False,Keyword: Exhaust,Keyword: Exhaust,키워드: 소멸,,"{""damage"":6,""block"":null,""hit_count"":null,""cards_draw"":1,""energy_gain"":null,""hp_loss"":null,""vars"":{""Damage"":6,""Cards"":1},""upgrade"":{""damage"":""+3""}}"
MIRAGE,신기루,Mirage,silent,Uncommon,E1,body,1,block,방어도,positive_or_mixed,True,Gain Block equal to Poison on ALL enemies.,Gain Block equal to Poison on ALL enemies.,모든 적에게 부여된 중독과 동일한 만큼의 방어도를 얻습니다.,,"{""damage"":0,""block"":null,""hit_count"":null,""cards_draw"":null,""energy_gain"":null,""hp_loss"":null,""vars"":{""CalculationBase"":0,""CalculationExtra"":1},""upgrade"":{""cost"":0}}"
MIRAGE,신기루,Mirage,silent,Uncommon,E1,body,1,debuff,약화 효과,positive_or_mixed,True,Gain Block equal to Poison on ALL enemies.,Gain Block equal to Poison on ALL enemies.,모든 적에게 부여된 중독과 동일한 만큼의 방어도를 얻습니다.,,"{""damage"":0,""block"":null,""hit_count"":null,""cards_draw"":null,""energy_gain"":null,""hp_loss"":null,""vars"":{""CalculationBase"":0,""CalculationExtra"":1},""upgrade"":{""cost"":0}}"
MIRAGE,신기루,Mirage,silent,Uncommon,E1,body,1,scaling,가변/스케일링,positive_or_mixed,True,Gain Block equal to Poison on ALL enemies.,Gain Block equal to Poison on ALL enemies.,모든 적에게 부여된 중독과 동일한 만큼의 방어도를 얻습니다.,,"{""damage"":0,""block"":null,""hit_count"":null,""cards_draw"":null,""energy_gain"":null,""hp_loss"":null,""vars"":{""CalculationBase"":0,""CalculationExtra"":1},""upgrade"":{""cost"":0}}"
MIRAGE,신기루,Mirage,silent,Uncommon,E1,keyword,,keyword,카드 키워드,contextual,False,Keyword: Exhaust,Keyword: Exhaust,키워드: 소멸,,"{""damage"":0,""block"":null,""hit_count"":null,""cards_draw"":null,""energy_gain"":null,""hp_loss"":null,""vars"":{""CalculationBase"":0,""CalculationExtra"":1},""upgrade"":{""cost"":0}}"
MISERY,비참함,Misery,necrobinder,Rare,E0,body,1,damage,피해,positive_or_mixed,False,Deal {n} damage.,Deal 7 damage.,피해를 7 줍니다.,7,"{""damage"":7,""block"":null,""hit_count"":null,""cards_draw"":null,""energy_gain"":null,""hp_loss"":null,""vars"":{""Damage"":7},""upgrade"":{""damage"":""+2"",""add_retain"":1}}"
MISERY,비참함,Misery,necrobinder,Rare,E0,body,2,debuff,약화 효과,positive_or_mixed,False,Apply any debuffs on the enemy to ALL other enemies.,Apply any debuffs on the enemy to ALL other enemies.,대상 적에게 부여된 모든 해로운 효과를 다른 모든 적에게 부여합니다.,,"{""damage"":7,""block"":null,""hit_count"":null,""cards_draw"":null,""energy_gain"":null,""hp_loss"":null,""vars"":{""Damage"":7},""upgrade"":{""damage"":""+2"",""add_retain"":1}}"
MODDED,모드 적용,Modded,defect,Rare,E0,body,1,orb,구체,positive_or_mixed,False,Gain {n} Orb Slot.,Gain 1 Orb Slot.,구체 슬롯을 1개 얻습니다.,1,"{""damage"":null,""block"":null,""hit_count"":null,""cards_draw"":1,""energy_gain"":null,""hp_loss"":null,""vars"":{""Repeat"":1,""Cards"":1},""upgrade"":{""cards"":""+1""}}"
MODDED,모드 적용,Modded,defect,Rare,E0,body,2,draw,카드 뽑기,positive_or_mixed,False,Draw {n} card.,Draw 1 card.,카드를 1장 뽑습니다.,1,"{""damage"":null,""block"":null,""hit_count"":null,""cards_draw"":1,""energy_gain"":null,""hp_loss"":null,""vars"":{""Repeat"":1,""Cards"":1},""upgrade"":{""cards"":""+1""}}"
MODDED,모드 적용,Modded,defect,Rare,E0,body,3,card_cost,비용 변화,positive_or_mixed,False,Increase this card's cost by {n}.,Increase this card's cost by 1.,이 카드의 비용이 1 증가합니다.,1,"{""damage"":null,""block"":null,""hit_count"":null,""cards_draw"":1,""energy_gain"":null,""hp_loss"":null,""vars"":{""Repeat"":1,""Cards"":1},""upgrade"":{""cards"":""+1""}}"
MOLTEN_FIST,녹아내리는 주먹,Molten Fist,ironclad,Common,E1,body,1,damage,피해,positive_or_mixed,False,Deal {n} damage.,Deal 10 damage.,피해를 10 줍니다.,10,"{""damage"":10,""block"":null,""hit_count"":null,""cards_draw"":null,""energy_gain"":null,""hp_loss"":null,""vars"":{""Damage"":10},""upgrade"":{""damage"":""+4""}}"
MOLTEN_FIST,녹아내리는 주먹,Molten Fist,ironclad,Common,E1,body,2,debuff,약화 효과,positive_or_mixed,True,Double the enemy's Vulnerable.,Double the enemy's Vulnerable.,적이 보유한 취약이 2배로 증가합니다.,,"{""damage"":10,""block"":null,""hit_count"":null,""cards_draw"":null,""energy_gain"":null,""hp_loss"":null,""vars"":{""Damage"":10},""upgrade"":{""damage"":""+4""}}"
MOLTEN_FIST,녹아내리는 주먹,Molten Fist,ironclad,Common,E1,body,2,scaling,가변/스케일링,positive_or_mixed,True,Double the enemy's Vulnerable.,Double the enemy's Vulnerable.,적이 보유한 취약이 2배로 증가합니다.,,"{""damage"":10,""block"":null,""hit_count"":null,""cards_draw"":null,""energy_gain"":null,""hp_loss"":null,""vars"":{""Damage"":10},""upgrade"":{""damage"":""+4""}}"
MOLTEN_FIST,녹아내리는 주먹,Molten Fist,ironclad,Common,E1,keyword,,keyword,카드 키워드,contextual,False,Keyword: Exhaust,Keyword: Exhaust,키워드: 소멸,,"{""damage"":10,""block"":null,""hit_count"":null,""cards_draw"":null,""energy_gain"":null,""hp_loss"":null,""vars"":{""Damage"":10},""upgrade"":{""damage"":""+4""}}"
MOMENTUM_STRIKE,추진 타격,Momentum Strike,defect,Common,E1,body,1,damage,피해,positive_or_mixed,False,Deal {n} damage.,Deal 10 damage.,피해를 10 줍니다.,10,"{""damage"":10,""block"":null,""hit_count"":null,""cards_draw"":null,""energy_gain"":null,""hp_loss"":null,""vars"":{""Damage"":10},""upgrade"":{""damage"":""+3""}}"
MOMENTUM_STRIKE,추진 타격,Momentum Strike,defect,Common,E1,body,2,card_cost,비용 변화,positive_or_mixed,False,Reduce this card's cost to {n} Energy.,Reduce this card's cost to 0 Energy.,이 카드의 비용이 0 Energy으로 감소합니다.,0,"{""damage"":10,""block"":null,""hit_count"":null,""cards_draw"":null,""energy_gain"":null,""hp_loss"":null,""vars"":{""Damage"":10},""upgrade"":{""damage"":""+3""}}"
MOMENTUM_STRIKE,추진 타격,Momentum Strike,defect,Common,E1,body,2,energy,에너지,positive_or_mixed,False,Reduce this card's cost to {n} Energy.,Reduce this card's cost to 0 Energy.,이 카드의 비용이 0 Energy으로 감소합니다.,0,"{""damage"":10,""block"":null,""hit_count"":null,""cards_draw"":null,""energy_gain"":null,""hp_loss"":null,""vars"":{""Damage"":10},""upgrade"":{""damage"":""+3""}}"
MONARCHS_GAZE,군주의 시선,Monarch's Gaze,regent,Rare,E2,body,1,buff,강화 효과,positive_or_mixed,False,"Whenever you attack an enemy, it loses {n} Strength this turn.","Whenever you attack an enemy, it loses 1 Strength this turn.","적을 공격할 때마다, 대상 적이 이번 턴 동안 힘을 1 잃습니다.",1,"{""damage"":null,""block"":null,""hit_count"":null,""cards_draw"":null,""energy_gain"":null,""hp_loss"":null,""vars"":{""StrengthLoss"":1},""upgrade"":{""cost"":1}}"
MONARCHS_GAZE,군주의 시선,Monarch's Gaze,regent,Rare,E2,body,1,trigger,지속/발동기,positive_or_mixed,False,"Whenever you attack an enemy, it loses {n} Strength this turn.","Whenever you attack an enemy, it loses 1 Strength this turn.","적을 공격할 때마다, 대상 적이 이번 턴 동안 힘을 1 잃습니다.",1,"{""damage"":null,""block"":null,""hit_count"":null,""cards_draw"":null,""energy_gain"":null,""hp_loss"":null,""vars"":{""StrengthLoss"":1},""upgrade"":{""cost"":1}}"
MONOLOGUE,독백,Monologue,regent,Uncommon,E0,body,1,card_play,추가 사용/재사용,positive_or_mixed,False,"Whenever you play a card this turn, gain {n} Strength this turn.","Whenever you play a card this turn, gain 1 Strength this turn.","이번 턴에 카드를 사용할 때마다, 이번 턴 동안 힘을 1 얻습니다.",1,"{""damage"":null,""block"":null,""hit_count"":null,""cards_draw"":null,""energy_gain"":null,""hp_loss"":null,""vars"":{""Power"":1},""upgrade"":{""add_retain"":1}}"
MONOLOGUE,독백,Monologue,regent,Uncommon,E0,body,1,buff,강화 효과,positive_or_mixed,False,"Whenever you play a card this turn, gain {n} Strength this turn.","Whenever you play a card this turn, gain 1 Strength this turn.","이번 턴에 카드를 사용할 때마다, 이번 턴 동안 힘을 1 얻습니다.",1,"{""damage"":null,""block"":null,""hit_count"":null,""cards_draw"":null,""energy_gain"":null,""hp_loss"":null,""vars"":{""Power"":1},""upgrade"":{""add_retain"":1}}"
MONOLOGUE,독백,Monologue,regent,Uncommon,E0,body,1,trigger,지속/발동기,positive_or_mixed,False,"Whenever you play a card this turn, gain {n} Strength this turn.","Whenever you play a card this turn, gain 1 Strength this turn.","이번 턴에 카드를 사용할 때마다, 이번 턴 동안 힘을 1 얻습니다.",1,"{""damage"":null,""block"":null,""hit_count"":null,""cards_draw"":null,""energy_gain"":null,""hp_loss"":null,""vars"":{""Power"":1},""upgrade"":{""add_retain"":1}}"
MULTI_CAST,다중 시전,Multi-Cast,defect,Rare,EX,body,1,orb,구체,positive_or_mixed,True,Evoke your rightmost Orb X times.,Evoke your rightmost Orb X times.,가장 오른쪽의 구체를 X번 발현합니다.,,"{""damage"":null,""block"":null,""hit_count"":null,""cards_draw"":null,""energy_gain"":null,""hp_loss"":null,""vars"":null,""upgrade"":{""description_changed"":1}}"
MULTI_CAST,다중 시전,Multi-Cast,defect,Rare,EX,body,1,scaling,가변/스케일링,positive_or_mixed,True,Evoke your rightmost Orb X times.,Evoke your rightmost Orb X times.,가장 오른쪽의 구체를 X번 발현합니다.,,"{""damage"":null,""block"":null,""hit_count"":null,""cards_draw"":null,""energy_gain"":null,""hp_loss"":null,""vars"":null,""upgrade"":{""description_changed"":1}}"
MURDER,살해,Murder,silent,Rare,E3,body,1,damage,피해,positive_or_mixed,False,Deal {n} damage.,Deal 1 damage.,피해를 1 줍니다.,1,"{""damage"":1,""block"":null,""hit_count"":null,""cards_draw"":null,""energy_gain"":null,""hp_loss"":null,""vars"":{""CalculationBase"":1,""ExtraDamage"":1,""CalculatedDamage"":1},""upgrade"":{""cost"":2}}"
MURDER,살해,Murder,silent,Rare,E3,body,2,damage,피해,positive_or_mixed,True,Deals {n} additional damage for each card drawn this combat.,Deals 1 additional damage for each card drawn this combat.,이번 전투 동안 뽑은 카드 1장당 피해량이 1 증가합니다.,1,"{""damage"":1,""block"":null,""hit_count"":null,""cards_draw"":null,""energy_gain"":null,""hp_loss"":null,""vars"":{""CalculationBase"":1,""ExtraDamage"":1,""CalculatedDamage"":1},""upgrade"":{""cost"":2}}"
MURDER,살해,Murder,silent,Rare,E3,body,2,scaling,가변/스케일링,positive_or_mixed,True,Deals {n} additional damage for each card drawn this combat.,Deals 1 additional damage for each card drawn this combat.,이번 전투 동안 뽑은 카드 1장당 피해량이 1 증가합니다.,1,"{""damage"":1,""block"":null,""hit_count"":null,""cards_draw"":null,""energy_gain"":null,""hp_loss"":null,""vars"":{""CalculationBase"":1,""ExtraDamage"":1,""CalculatedDamage"":1},""upgrade"":{""cost"":2}}"
NECRO_MASTERY,강령의 극의,Necro Mastery,necrobinder,Rare,E2,body,1,osty,오스티/소환,positive_or_mixed,False,Summon {n}.,Summon 5.,소환 5.,5,"{""damage"":null,""block"":null,""hit_count"":null,""cards_draw"":null,""energy_gain"":null,""hp_loss"":null,""vars"":{""Summon"":5},""upgrade"":{""summon"":""+3""}}"
NECRO_MASTERY,강령의 극의,Necro Mastery,necrobinder,Rare,E2,body,2,hp,체력,negative_or_cost,True,"Whenever Osty loses HP, ALL enemies lose that much HP as well.","Whenever Osty loses HP, ALL enemies lose that much HP as well.","골골이가 체력을 잃을 때마다, 모든 적이 동일한 만큼의 체력을 잃습니다.",,"{""damage"":null,""block"":null,""hit_count"":null,""cards_draw"":null,""energy_gain"":null,""hp_loss"":null,""vars"":{""Summon"":5},""upgrade"":{""summon"":""+3""}}"
NECRO_MASTERY,강령의 극의,Necro Mastery,necrobinder,Rare,E2,body,2,osty,오스티/소환,negative_or_cost,True,"Whenever Osty loses HP, ALL enemies lose that much HP as well.","Whenever Osty loses HP, ALL enemies lose that much HP as well.","골골이가 체력을 잃을 때마다, 모든 적이 동일한 만큼의 체력을 잃습니다.",,"{""damage"":null,""block"":null,""hit_count"":null,""cards_draw"":null,""energy_gain"":null,""hp_loss"":null,""vars"":{""Summon"":5},""upgrade"":{""summon"":""+3""}}"
NECRO_MASTERY,강령의 극의,Necro Mastery,necrobinder,Rare,E2,body,2,scaling,가변/스케일링,negative_or_cost,True,"Whenever Osty loses HP, ALL enemies lose that much HP as well.","Whenever Osty loses HP, ALL enemies lose that much HP as well.","골골이가 체력을 잃을 때마다, 모든 적이 동일한 만큼의 체력을 잃습니다.",,"{""damage"":null,""block"":null,""hit_count"":null,""cards_draw"":null,""energy_gain"":null,""hp_loss"":null,""vars"":{""Summon"":5},""upgrade"":{""summon"":""+3""}}"
NECRO_MASTERY,강령의 극의,Necro Mastery,necrobinder,Rare,E2,body,2,trigger,지속/발동기,negative_or_cost,True,"Whenever Osty loses HP, ALL enemies lose that much HP as well.","Whenever Osty loses HP, ALL enemies lose that much HP as well.","골골이가 체력을 잃을 때마다, 모든 적이 동일한 만큼의 체력을 잃습니다.",,"{""damage"":null,""block"":null,""hit_count"":null,""cards_draw"":null,""energy_gain"":null,""hp_loss"":null,""vars"":{""Summon"":5},""upgrade"":{""summon"":""+3""}}"
NEGATIVE_PULSE,비관적인 맥박,Negative Pulse,necrobinder,Common,E1,body,1,block,방어도,positive_or_mixed,False,Gain {n} Block.,Gain 5 Block.,방어도를 5 얻습니다.,5,"{""damage"":null,""block"":5,""hit_count"":null,""cards_draw"":null,""energy_gain"":null,""hp_loss"":null,""vars"":{""Block"":5,""DoomPower"":7,""Doom"":7},""upgrade"":{""block"":""+1"",""doom"":""+4""}}"
NEGATIVE_PULSE,비관적인 맥박,Negative Pulse,necrobinder,Common,E1,body,2,debuff,약화 효과,positive_or_mixed,False,Apply {n} Doom to ALL enemies.,Apply 7 Doom to ALL enemies.,모든 적에게 종말을 7 부여합니다.,7,"{""damage"":null,""block"":5,""hit_count"":null,""cards_draw"":null,""energy_gain"":null,""hp_loss"":null,""vars"":{""Block"":5,""DoomPower"":7,""Doom"":7},""upgrade"":{""block"":""+1"",""doom"":""+4""}}"
NEOWS_FURY,니오우의 격분,Neow's Fury,event,Ancient,E1,body,1,damage,피해,positive_or_mixed,False,Deal {n} damage.,Deal 10 damage.,피해를 10 줍니다.,10,"{""damage"":10,""block"":null,""hit_count"":null,""cards_draw"":2,""energy_gain"":null,""hp_loss"":null,""vars"":{""Damage"":10,""Cards"":2},""upgrade"":{""damage"":""+4"",""cards"":""+1""}}"
NEOWS_FURY,니오우의 격분,Neow's Fury,event,Ancient,E1,body,2,discard,버리기,positive_or_mixed,False,Put up to {n} cards from your Discard Pile into your Hand.,Put up to 2 cards from your Discard Pile into your Hand.,버린 카드 더미에서 카드를 최대 2장까지 손으로 가져옵니다.,2,"{""damage"":10,""block"":null,""hit_count"":null,""cards_draw"":2,""energy_gain"":null,""hp_loss"":null,""vars"":{""Damage"":10,""Cards"":2},""upgrade"":{""damage"":""+4"",""cards"":""+1""}}"
NEOWS_FURY,니오우의 격분,Neow's Fury,event,Ancient,E1,body,2,card_move,카드 이동/탐색,positive_or_mixed,False,Put up to {n} cards from your Discard Pile into your Hand.,Put up to 2 cards from your Discard Pile into your Hand.,버린 카드 더미에서 카드를 최대 2장까지 손으로 가져옵니다.,2,"{""damage"":10,""block"":null,""hit_count"":null,""cards_draw"":2,""energy_gain"":null,""hp_loss"":null,""vars"":{""Damage"":10,""Cards"":2},""upgrade"":{""damage"":""+4"",""cards"":""+1""}}"
NEOWS_FURY,니오우의 격분,Neow's Fury,event,Ancient,E1,keyword,,keyword,카드 키워드,contextual,False,Keyword: Exhaust,Keyword: Exhaust,키워드: 소멸,,"{""damage"":10,""block"":null,""hit_count"":null,""cards_draw"":2,""energy_gain"":null,""hp_loss"":null,""vars"":{""Damage"":10,""Cards"":2},""upgrade"":{""damage"":""+4"",""cards"":""+1""}}"
NEUROSURGE,정신 폭주,Neurosurge,necrobinder,Rare,E0,body,1,energy,에너지,positive_or_mixed,False,Gain {n} Energy.,Gain 3 Energy.,3 Energy를 얻습니다.,3,"{""damage"":null,""block"":null,""hit_count"":null,""cards_draw"":2,""energy_gain"":3,""hp_loss"":null,""vars"":{""Energy"":3,""Cards"":2,""NeurosurgePower"":3,""Neurosurge"":3},""upgrade"":{""energy"":""+1""}}"
NEUROSURGE,정신 폭주,Neurosurge,necrobinder,Rare,E0,body,2,draw,카드 뽑기,positive_or_mixed,False,Draw {n} cards.,Draw 2 cards.,카드를 2장 뽑습니다.,2,"{""damage"":null,""block"":null,""hit_count"":null,""cards_draw"":2,""energy_gain"":3,""hp_loss"":null,""vars"":{""Energy"":3,""Cards"":2,""NeurosurgePower"":3,""Neurosurge"":3},""upgrade"":{""energy"":""+1""}}"
NEUROSURGE,정신 폭주,Neurosurge,necrobinder,Rare,E0,body,3,debuff,약화 효과,positive_or_mixed,False,"At the start of your turn, apply {n} Doom to yourself.","At the start of your turn, apply 3 Doom to yourself.","내 턴 시작 시, 자신에게 종말을 3 부여합니다.",3,"{""damage"":null,""block"":null,""hit_count"":null,""cards_draw"":2,""energy_gain"":3,""hp_loss"":null,""vars"":{""Energy"":3,""Cards"":2,""NeurosurgePower"":3,""Neurosurge"":3},""upgrade"":{""energy"":""+1""}}"
NEUROSURGE,정신 폭주,Neurosurge,necrobinder,Rare,E0,body,3,trigger,지속/발동기,positive_or_mixed,False,"At the start of your turn, apply {n} Doom to yourself.","At the start of your turn, apply 3 Doom to yourself.","내 턴 시작 시, 자신에게 종말을 3 부여합니다.",3,"{""damage"":null,""block"":null,""hit_count"":null,""cards_draw"":2,""energy_gain"":3,""hp_loss"":null,""vars"":{""Energy"":3,""Cards"":2,""NeurosurgePower"":3,""Neurosurge"":3},""upgrade"":{""energy"":""+1""}}"
NEUTRALIZE,무력화,Neutralize,silent,Basic,E0,body,1,damage,피해,positive_or_mixed,False,Deal {n} damage.,Deal 3 damage.,피해를 3 줍니다.,3,"{""damage"":3,""block"":null,""hit_count"":null,""cards_draw"":null,""energy_gain"":null,""hp_loss"":null,""vars"":{""Damage"":3,""WeakPower"":1,""Weak"":1},""upgrade"":{""damage"":""+1"",""weak"":""+1""}}"
NEUTRALIZE,무력화,Neutralize,silent,Basic,E0,body,2,debuff,약화 효과,positive_or_mixed,False,Apply {n} Weak.,Apply 1 Weak.,약화를 1 부여합니다.,1,"{""damage"":3,""block"":null,""hit_count"":null,""cards_draw"":null,""energy_gain"":null,""hp_loss"":null,""vars"":{""Damage"":3,""WeakPower"":1,""Weak"":1},""upgrade"":{""damage"":""+1"",""weak"":""+1""}}"
NEUTRON_AEGIS,중성자 방패,Neutron Aegis,regent,Rare,E1+S5,body,1,buff,강화 효과,positive_or_mixed,False,Gain {n} Plating.,Gain 8 Plating.,판금을 8 얻습니다.,8,"{""damage"":null,""block"":null,""hit_count"":null,""cards_draw"":null,""energy_gain"":null,""hp_loss"":null,""vars"":{""PlatingPower"":8,""Plating"":8,""StarCost"":5},""upgrade"":{""platingpower"":""+3""}}"
NIGHTMARE,악몽,Nightmare,silent,Rare,E3,body,1,card_move,카드 이동/탐색,positive_or_mixed,False,Choose a card.,Choose a card.,카드를 1장 선택합니다.,,"{""damage"":null,""block"":null,""hit_count"":null,""cards_draw"":null,""energy_gain"":null,""hp_loss"":null,""vars"":null,""upgrade"":{""cost"":2}}"
NIGHTMARE,악몽,Nightmare,silent,Rare,E3,body,2,card_create,카드 생성,positive_or_mixed,False,"Next turn, add {n} copies of that card into your Hand.","Next turn, add 3 copies of that card into your Hand.","다음 턴에, 그 카드의 복사본을 3장 손으로 가져옵니다.",3,"{""damage"":null,""block"":null,""hit_count"":null,""cards_draw"":null,""energy_gain"":null,""hp_loss"":null,""vars"":null,""upgrade"":{""cost"":2}}"
NIGHTMARE,악몽,Nightmare,silent,Rare,E3,body,2,card_move,카드 이동/탐색,positive_or_mixed,False,"Next turn, add {n} copies of that card into your Hand.","Next turn, add 3 copies of that card into your Hand.","다음 턴에, 그 카드의 복사본을 3장 손으로 가져옵니다.",3,"{""damage"":null,""block"":null,""hit_count"":null,""cards_draw"":null,""energy_gain"":null,""hp_loss"":null,""vars"":null,""upgrade"":{""cost"":2}}"
NIGHTMARE,악몽,Nightmare,silent,Rare,E3,body,2,trigger,지속/발동기,positive_or_mixed,False,"Next turn, add {n} copies of that card into your Hand.","Next turn, add 3 copies of that card into your Hand.","다음 턴에, 그 카드의 복사본을 3장 손으로 가져옵니다.",3,"{""damage"":null,""block"":null,""hit_count"":null,""cards_draw"":null,""energy_gain"":null,""hp_loss"":null,""vars"":null,""upgrade"":{""cost"":2}}"
NIGHTMARE,악몽,Nightmare,silent,Rare,E3,keyword,,keyword,카드 키워드,contextual,False,Keyword: Exhaust,Keyword: Exhaust,키워드: 소멸,,"{""damage"":null,""block"":null,""hit_count"":null,""cards_draw"":null,""energy_gain"":null,""hp_loss"":null,""vars"":null,""upgrade"":{""cost"":2}}"
NORMALITY,규칙 준수,Normality,curse,Curse,E-1,body,1,card_play,추가 사용/재사용,negative_or_cost,False,You cannot play more than {n} cards this turn.,You cannot play more than 3 cards this turn.,한 턴에 카드를 최대 3장까지만 사용할 수 있습니다.,3,"{""damage"":3,""block"":null,""hit_count"":null,""cards_draw"":null,""energy_gain"":null,""hp_loss"":null,""vars"":{""CalculationBase"":3,""numOfCardsPerTurn"":3},""upgrade"":null}"
NORMALITY,규칙 준수,Normality,curse,Curse,E-1,body,1,restriction,사용 제약,negative_or_cost,False,You cannot play more than {n} cards this turn.,You cannot play more than 3 cards this turn.,한 턴에 카드를 최대 3장까지만 사용할 수 있습니다.,3,"{""damage"":3,""block"":null,""hit_count"":null,""cards_draw"":null,""energy_gain"":null,""hp_loss"":null,""vars"":{""CalculationBase"":3,""numOfCardsPerTurn"":3},""upgrade"":null}"
NORMALITY,규칙 준수,Normality,curse,Curse,E-1,keyword,,keyword,카드 키워드,contextual,False,Keyword: Unplayable,Keyword: Unplayable,키워드: 사용불가,,"{""damage"":3,""block"":null,""hit_count"":null,""cards_draw"":null,""energy_gain"":null,""hp_loss"":null,""vars"":{""CalculationBase"":3,""numOfCardsPerTurn"":3},""upgrade"":null}"
NOSTALGIA,향수,Nostalgia,colorless,Rare,E1,body,1,draw,카드 뽑기,positive_or_mixed,False,The first Attack or Skill you play each turn is placed on top of your Draw Pile.,The first Attack or Skill you play each turn is placed on top of your Draw Pile.,매 턴마다 처음 사용하는 공격이나 스킬 카드를 뽑을 카드 더미 맨 위에 놓습니다.,,"{""damage"":null,""block"":null,""hit_count"":null,""cards_draw"":null,""energy_gain"":null,""hp_loss"":null,""vars"":null,""upgrade"":{""cost"":0}}"
NOSTALGIA,향수,Nostalgia,colorless,Rare,E1,body,1,card_move,카드 이동/탐색,positive_or_mixed,False,The first Attack or Skill you play each turn is placed on top of your Draw Pile.,The first Attack or Skill you play each turn is placed on top of your Draw Pile.,매 턴마다 처음 사용하는 공격이나 스킬 카드를 뽑을 카드 더미 맨 위에 놓습니다.,,"{""damage"":null,""block"":null,""hit_count"":null,""cards_draw"":null,""energy_gain"":null,""hp_loss"":null,""vars"":null,""upgrade"":{""cost"":0}}"
NOSTALGIA,향수,Nostalgia,colorless,Rare,E1,body,1,card_play,추가 사용/재사용,positive_or_mixed,False,The first Attack or Skill you play each turn is placed on top of your Draw Pile.,The first Attack or Skill you play each turn is placed on top of your Draw Pile.,매 턴마다 처음 사용하는 공격이나 스킬 카드를 뽑을 카드 더미 맨 위에 놓습니다.,,"{""damage"":null,""block"":null,""hit_count"":null,""cards_draw"":null,""energy_gain"":null,""hp_loss"":null,""vars"":null,""upgrade"":{""cost"":0}}"
NOSTALGIA,향수,Nostalgia,colorless,Rare,E1,body,1,trigger,지속/발동기,positive_or_mixed,False,The first Attack or Skill you play each turn is placed on top of your Draw Pile.,The first Attack or Skill you play each turn is placed on top of your Draw Pile.,매 턴마다 처음 사용하는 공격이나 스킬 카드를 뽑을 카드 더미 맨 위에 놓습니다.,,"{""damage"":null,""block"":null,""hit_count"":null,""cards_draw"":null,""energy_gain"":null,""hp_loss"":null,""vars"":null,""upgrade"":{""cost"":0}}"
NOT_YET,불굴,Not Yet,ironclad,Rare,E2,body,1,hp,체력,positive_or_mixed,False,Heal {n} HP.,Heal 10 HP.,체력을 10 회복합니다.,10,"{""damage"":null,""block"":null,""hit_count"":null,""cards_draw"":null,""energy_gain"":null,""hp_loss"":null,""vars"":{""Heal"":10},""upgrade"":{""heal"":""+3""}}"
NOT_YET,불굴,Not Yet,ironclad,Rare,E2,keyword,,keyword,카드 키워드,contextual,False,Keyword: Exhaust,Keyword: Exhaust,키워드: 소멸,,"{""damage"":null,""block"":null,""hit_count"":null,""cards_draw"":null,""energy_gain"":null,""hp_loss"":null,""vars"":{""Heal"":10},""upgrade"":{""heal"":""+3""}}"
NOXIOUS_FUMES,유독 가스,Noxious Fumes,silent,Uncommon,E1,body,1,debuff,약화 효과,positive_or_mixed,False,"At the start of your turn, apply {n} Poison to ALL enemies.","At the start of your turn, apply 2 Poison to ALL enemies.","내 턴 시작 시, 모든 적에게 중독을 2 부여합니다.",2,"{""damage"":null,""block"":null,""hit_count"":null,""cards_draw"":null,""energy_gain"":null,""hp_loss"":null,""vars"":{""PoisonPerTurn"":2},""upgrade"":{""poisonperturn"":""+1""}}"
NOXIOUS_FUMES,유독 가스,Noxious Fumes,silent,Uncommon,E1,body,1,trigger,지속/발동기,positive_or_mixed,False,"At the start of your turn, apply {n} Poison to ALL enemies.","At the start of your turn, apply 2 Poison to ALL enemies.","내 턴 시작 시, 모든 적에게 중독을 2 부여합니다.",2,"{""damage"":null,""block"":null,""hit_count"":null,""cards_draw"":null,""energy_gain"":null,""hp_loss"":null,""vars"":{""PoisonPerTurn"":2},""upgrade"":{""poisonperturn"":""+1""}}"
NO_ESCAPE,도망칠 수 없다,No Escape,necrobinder,Uncommon,E1,body,1,debuff,약화 효과,positive_or_mixed,False,"Apply {n} Doom, plus an additional {n} Doom for every {n} Doom already on this enemy.","Apply 10 Doom, plus an additional 5 Doom for every 10 Doom already on this enemy.","종말을 10 부여하고, 이 적에게 이미 부여되어 있던 종말 10당, 종말을 추가로 5 부여합니다.",10|5|10,"{""damage"":10,""block"":null,""hit_count"":null,""cards_draw"":null,""energy_gain"":null,""hp_loss"":null,""vars"":{""DoomThreshold"":10,""CalculationBase"":10,""CalculationExtra"":5},""upgrade"":{""calculationbase"":""+5""}}"
NULL,Null,Null,defect,Uncommon,E2,body,1,damage,피해,positive_or_mixed,False,Deal {n} damage.,Deal 10 damage.,피해를 10 줍니다.,10,"{""damage"":10,""block"":null,""hit_count"":null,""cards_draw"":null,""energy_gain"":null,""hp_loss"":null,""vars"":{""Damage"":10,""WeakPower"":2,""Weak"":2},""upgrade"":{""damage"":""+3"",""weak"":""+1""}}"
NULL,Null,Null,defect,Uncommon,E2,body,2,debuff,약화 효과,positive_or_mixed,False,Apply {n} Weak.,Apply 2 Weak.,약화를 2 부여합니다.,2,"{""damage"":10,""block"":null,""hit_count"":null,""cards_draw"":null,""energy_gain"":null,""hp_loss"":null,""vars"":{""Damage"":10,""WeakPower"":2,""Weak"":2},""upgrade"":{""damage"":""+3"",""weak"":""+1""}}"
NULL,Null,Null,defect,Uncommon,E2,body,3,orb,구체,positive_or_mixed,False,Channel {n} Dark.,Channel 1 Dark.,암흑을 1번 영창합니다.,1,"{""damage"":10,""block"":null,""hit_count"":null,""cards_draw"":null,""energy_gain"":null,""hp_loss"":null,""vars"":{""Damage"":10,""WeakPower"":2,""Weak"":2},""upgrade"":{""damage"":""+3"",""weak"":""+1""}}"
OBLIVION,망각,Oblivion,necrobinder,Rare,E0,body,1,card_play,추가 사용/재사용,positive_or_mixed,False,"Whenever you play a card this turn, apply {n} Doom to the enemy.","Whenever you play a card this turn, apply 3 Doom to the enemy.","이번 턴에 카드를 사용할 때마다, 대상 적에게 종말을 3 부여합니다.",3,"{""damage"":null,""block"":null,""hit_count"":null,""cards_draw"":null,""energy_gain"":null,""hp_loss"":null,""vars"":{""DoomPower"":3,""Doom"":3},""upgrade"":{""doom"":""+1""}}"
OBLIVION,망각,Oblivion,necrobinder,Rare,E0,body,1,debuff,약화 효과,positive_or_mixed,False,"Whenever you play a card this turn, apply {n} Doom to the enemy.","Whenever you play a card this turn, apply 3 Doom to the enemy.","이번 턴에 카드를 사용할 때마다, 대상 적에게 종말을 3 부여합니다.",3,"{""damage"":null,""block"":null,""hit_count"":null,""cards_draw"":null,""energy_gain"":null,""hp_loss"":null,""vars"":{""DoomPower"":3,""Doom"":3},""upgrade"":{""doom"":""+1""}}"
OBLIVION,망각,Oblivion,necrobinder,Rare,E0,body,1,trigger,지속/발동기,positive_or_mixed,False,"Whenever you play a card this turn, apply {n} Doom to the enemy.","Whenever you play a card this turn, apply 3 Doom to the enemy.","이번 턴에 카드를 사용할 때마다, 대상 적에게 종말을 3 부여합니다.",3,"{""damage"":null,""block"":null,""hit_count"":null,""cards_draw"":null,""energy_gain"":null,""hp_loss"":null,""vars"":{""DoomPower"":3,""Doom"":3},""upgrade"":{""doom"":""+1""}}"
OFFERING,제물,Offering,ironclad,Rare,E0,body,1,hp,체력,negative_or_cost,False,Lose {n} HP.,Lose 6 HP.,체력을 6 잃습니다.,6,"{""damage"":null,""block"":null,""hit_count"":null,""cards_draw"":3,""energy_gain"":2,""hp_loss"":6,""vars"":{""HpLoss"":6,""Energy"":2,""Cards"":3},""upgrade"":{""cards"":""+2""}}"
OFFERING,제물,Offering,ironclad,Rare,E0,body,2,energy,에너지,positive_or_mixed,False,Gain {n} Energy.,Gain 2 Energy.,2 Energy를 얻습니다.,2,"{""damage"":null,""block"":null,""hit_count"":null,""cards_draw"":3,""energy_gain"":2,""hp_loss"":6,""vars"":{""HpLoss"":6,""Energy"":2,""Cards"":3},""upgrade"":{""cards"":""+2""}}"
OFFERING,제물,Offering,ironclad,Rare,E0,body,3,draw,카드 뽑기,positive_or_mixed,False,Draw {n} cards.,Draw 3 cards.,카드를 3장 뽑습니다.,3,"{""damage"":null,""block"":null,""hit_count"":null,""cards_draw"":3,""energy_gain"":2,""hp_loss"":6,""vars"":{""HpLoss"":6,""Energy"":2,""Cards"":3},""upgrade"":{""cards"":""+2""}}"
OFFERING,제물,Offering,ironclad,Rare,E0,keyword,,keyword,카드 키워드,contextual,False,Keyword: Exhaust,Keyword: Exhaust,키워드: 소멸,,"{""damage"":null,""block"":null,""hit_count"":null,""cards_draw"":3,""energy_gain"":2,""hp_loss"":6,""vars"":{""HpLoss"":6,""Energy"":2,""Cards"":3},""upgrade"":{""cards"":""+2""}}"
OMNISLICE,만물 절단,Omnislice,colorless,Uncommon,E0,body,1,damage,피해,positive_or_mixed,False,Deal {n} damage.,Deal 8 damage.,피해를 8 줍니다.,8,"{""damage"":8,""block"":null,""hit_count"":null,""cards_draw"":null,""energy_gain"":null,""hp_loss"":null,""vars"":{""Damage"":8},""upgrade"":{""damage"":""+3""}}"
OMNISLICE,만물 절단,Omnislice,colorless,Uncommon,E0,body,2,damage,피해,positive_or_mixed,True,Damage ALL other enemies equal to the damage dealt.,Damage ALL other enemies equal to the damage dealt.,가한 피해량만큼 다른 모든 적에게 피해를 줍니다.,,"{""damage"":8,""block"":null,""hit_count"":null,""cards_draw"":null,""energy_gain"":null,""hp_loss"":null,""vars"":{""Damage"":8},""upgrade"":{""damage"":""+3""}}"
OMNISLICE,만물 절단,Omnislice,colorless,Uncommon,E0,body,2,scaling,가변/스케일링,positive_or_mixed,True,Damage ALL other enemies equal to the damage dealt.,Damage ALL other enemies equal to the damage dealt.,가한 피해량만큼 다른 모든 적에게 피해를 줍니다.,,"{""damage"":8,""block"":null,""hit_count"":null,""cards_draw"":null,""energy_gain"":null,""hp_loss"":null,""vars"":{""Damage"":8},""upgrade"":{""damage"":""+3""}}"
ONE_TWO_PUNCH,원투 펀치,One-Two Punch,ironclad,Rare,E1,body,1,card_play,추가 사용/재사용,positive_or_mixed,False,"This turn, your next Attack is played an extra time.","This turn, your next Attack is played an extra time.","이번 턴에, 다음에 사용하는 공격 카드가 1번 추가로 사용됩니다.",,"{""damage"":null,""block"":null,""hit_count"":null,""cards_draw"":null,""energy_gain"":null,""hp_loss"":null,""vars"":{""Attacks"":1},""upgrade"":{""attacks"":""+1""}}"
ORBIT,궤도,Orbit,regent,Uncommon,E2,body,1,energy,에너지,positive_or_mixed,False,"Every {n} Energy you spend, gain {n} Energy.","Every 4 Energy you spend, gain 1 Energy.","4 Energy를 소모할 때마다, 1 Energy를 얻습니다.",4|1,"{""damage"":null,""block"":null,""hit_count"":null,""cards_draw"":null,""energy_gain"":1,""hp_loss"":null,""vars"":{""Energy"":1},""upgrade"":{""cost"":1}}"
ORBIT,궤도,Orbit,regent,Uncommon,E2,body,1,trigger,지속/발동기,positive_or_mixed,False,"Every {n} Energy you spend, gain {n} Energy.","Every 4 Energy you spend, gain 1 Energy.","4 Energy를 소모할 때마다, 1 Energy를 얻습니다.",4|1,"{""damage"":null,""block"":null,""hit_count"":null,""cards_draw"":null,""energy_gain"":1,""hp_loss"":null,""vars"":{""Energy"":1},""upgrade"":{""cost"":1}}"
OUTBREAK,발병,Outbreak,silent,Uncommon,E1,body,1,damage,피해,positive_or_mixed,True,"Every {n} times you apply Poison, deal {n} damage to ALL enemies.","Every 3 times you apply Poison, deal 11 damage to ALL enemies.","중독을 3번 부여할 때마다, 모든 적에게 피해를 11 줍니다.",3|11,"{""damage"":null,""block"":null,""hit_count"":null,""cards_draw"":null,""energy_gain"":null,""hp_loss"":null,""vars"":{""Repeat"":3,""OutbreakPower"":11,""Outbreak"":11},""upgrade"":{""outbreakpower"":""+4""}}"
OUTBREAK,발병,Outbreak,silent,Uncommon,E1,body,1,debuff,약화 효과,positive_or_mixed,True,"Every {n} times you apply Poison, deal {n} damage to ALL enemies.","Every 3 times you apply Poison, deal 11 damage to ALL enemies.","중독을 3번 부여할 때마다, 모든 적에게 피해를 11 줍니다.",3|11,"{""damage"":null,""block"":null,""hit_count"":null,""cards_draw"":null,""energy_gain"":null,""hp_loss"":null,""vars"":{""Repeat"":3,""OutbreakPower"":11,""Outbreak"":11},""upgrade"":{""outbreakpower"":""+4""}}"
OUTBREAK,발병,Outbreak,silent,Uncommon,E1,body,1,scaling,가변/스케일링,positive_or_mixed,True,"Every {n} times you apply Poison, deal {n} damage to ALL enemies.","Every 3 times you apply Poison, deal 11 damage to ALL enemies.","중독을 3번 부여할 때마다, 모든 적에게 피해를 11 줍니다.",3|11,"{""damage"":null,""block"":null,""hit_count"":null,""cards_draw"":null,""energy_gain"":null,""hp_loss"":null,""vars"":{""Repeat"":3,""OutbreakPower"":11,""Outbreak"":11},""upgrade"":{""outbreakpower"":""+4""}}"
OUTBREAK,발병,Outbreak,silent,Uncommon,E1,body,1,trigger,지속/발동기,positive_or_mixed,True,"Every {n} times you apply Poison, deal {n} damage to ALL enemies.","Every 3 times you apply Poison, deal 11 damage to ALL enemies.","중독을 3번 부여할 때마다, 모든 적에게 피해를 11 줍니다.",3|11,"{""damage"":null,""block"":null,""hit_count"":null,""cards_draw"":null,""energy_gain"":null,""hp_loss"":null,""vars"":{""Repeat"":3,""OutbreakPower"":11,""Outbreak"":11},""upgrade"":{""outbreakpower"":""+4""}}"
OUTMANEUVER,압도,Outmaneuver,event,Event,E1,body,1,energy,에너지,positive_or_mixed,False,"Next turn, gain {n} Energy.","Next turn, gain 2 Energy.","다음 턴에, 2 Energy를 얻습니다.",2,"{""damage"":null,""block"":null,""hit_count"":null,""cards_draw"":null,""energy_gain"":2,""hp_loss"":null,""vars"":{""Energy"":2},""upgrade"":{""energy"":""+1""}}"
OUTMANEUVER,압도,Outmaneuver,event,Event,E1,body,1,trigger,지속/발동기,positive_or_mixed,False,"Next turn, gain {n} Energy.","Next turn, gain 2 Energy.","다음 턴에, 2 Energy를 얻습니다.",2,"{""damage"":null,""block"":null,""hit_count"":null,""cards_draw"":null,""energy_gain"":2,""hp_loss"":null,""vars"":{""Energy"":2},""upgrade"":{""energy"":""+1""}}"
OVERCLOCK,오버클럭,Overclock,defect,Uncommon,E0,body,1,draw,카드 뽑기,positive_or_mixed,False,Draw {n} cards.,Draw 2 cards.,카드를 2장 뽑습니다.,2,"{""damage"":null,""block"":null,""hit_count"":null,""cards_draw"":2,""energy_gain"":null,""hp_loss"":null,""vars"":{""Cards"":2},""upgrade"":{""cards"":""+1""}}"
OVERCLOCK,오버클럭,Overclock,defect,Uncommon,E0,body,2,discard,버리기,positive_or_mixed,False,Add a Burn into your Discard Pile.,Add a Burn into your Discard Pile.,버린 카드 더미에 화상을 1장 추가합니다.,,"{""damage"":null,""block"":null,""hit_count"":null,""cards_draw"":2,""energy_gain"":null,""hp_loss"":null,""vars"":{""Cards"":2},""upgrade"":{""cards"":""+1""}}"
OVERCLOCK,오버클럭,Overclock,defect,Uncommon,E0,body,2,card_create,카드 생성,positive_or_mixed,False,Add a Burn into your Discard Pile.,Add a Burn into your Discard Pile.,버린 카드 더미에 화상을 1장 추가합니다.,,"{""damage"":null,""block"":null,""hit_count"":null,""cards_draw"":2,""energy_gain"":null,""hp_loss"":null,""vars"":{""Cards"":2},""upgrade"":{""cards"":""+1""}}"
OVERCLOCK,오버클럭,Overclock,defect,Uncommon,E0,body,2,status_penalty,상태/저주 페널티,positive_or_mixed,False,Add a Burn into your Discard Pile.,Add a Burn into your Discard Pile.,버린 카드 더미에 화상을 1장 추가합니다.,,"{""damage"":null,""block"":null,""hit_count"":null,""cards_draw"":2,""energy_gain"":null,""hp_loss"":null,""vars"":{""Cards"":2},""upgrade"":{""cards"":""+1""}}"
PACTS_END,조약의 끝,Pact's End,ironclad,Rare,E0,body,1,damage,피해,positive_or_mixed,False,"If you have {n} or more cards in your Exhaust Pile, deal {n} damage to ALL enemies.","If you have 3 or more cards in your Exhaust Pile, deal 17 damage to ALL enemies.","소멸된 카드 더미에 카드가 3장 이상 있다면, 모든 적에게 피해를 17 줍니다.",3|17,"{""damage"":17,""block"":null,""hit_count"":null,""cards_draw"":3,""energy_gain"":null,""hp_loss"":null,""vars"":{""Damage"":17,""Cards"":3},""upgrade"":{""damage"":""+6""}}"
PACTS_END,조약의 끝,Pact's End,ironclad,Rare,E0,body,1,exhaust,소멸시키기,positive_or_mixed,False,"If you have {n} or more cards in your Exhaust Pile, deal {n} damage to ALL enemies.","If you have 3 or more cards in your Exhaust Pile, deal 17 damage to ALL enemies.","소멸된 카드 더미에 카드가 3장 이상 있다면, 모든 적에게 피해를 17 줍니다.",3|17,"{""damage"":17,""block"":null,""hit_count"":null,""cards_draw"":3,""energy_gain"":null,""hp_loss"":null,""vars"":{""Damage"":17,""Cards"":3},""upgrade"":{""damage"":""+6""}}"
PACTS_END,조약의 끝,Pact's End,ironclad,Rare,E0,body,1,trigger,지속/발동기,positive_or_mixed,False,"If you have {n} or more cards in your Exhaust Pile, deal {n} damage to ALL enemies.","If you have 3 or more cards in your Exhaust Pile, deal 17 damage to ALL enemies.","소멸된 카드 더미에 카드가 3장 이상 있다면, 모든 적에게 피해를 17 줍니다.",3|17,"{""damage"":17,""block"":null,""hit_count"":null,""cards_draw"":3,""energy_gain"":null,""hp_loss"":null,""vars"":{""Damage"":17,""Cards"":3},""upgrade"":{""damage"":""+6""}}"
PAGESTORM,서류 폭풍,Pagestorm,necrobinder,Uncommon,E1,body,1,draw,카드 뽑기,positive_or_mixed,False,"Whenever you draw an Ethereal card, draw {n} card.","Whenever you draw an Ethereal card, draw 1 card.","휘발성 카드를 뽑을 때마다, 카드를 1장 뽑습니다.",1,"{""damage"":null,""block"":null,""hit_count"":null,""cards_draw"":1,""energy_gain"":null,""hp_loss"":null,""vars"":{""Cards"":1},""upgrade"":{""cost"":0}}"
PAGESTORM,서류 폭풍,Pagestorm,necrobinder,Uncommon,E1,body,1,trigger,지속/발동기,positive_or_mixed,False,"Whenever you draw an Ethereal card, draw {n} card.","Whenever you draw an Ethereal card, draw 1 card.","휘발성 카드를 뽑을 때마다, 카드를 1장 뽑습니다.",1,"{""damage"":null,""block"":null,""hit_count"":null,""cards_draw"":1,""energy_gain"":null,""hp_loss"":null,""vars"":{""Cards"":1},""upgrade"":{""cost"":0}}"
PALE_BLUE_DOT,창백한 푸른 점,Pale Blue Dot,regent,Uncommon,E1,body,1,draw,카드 뽑기,positive_or_mixed,False,"If you play {n} or more cards in a turn, draw {n} card at the start of your next turn.","If you play 5 or more cards in a turn, draw 1 card at the start of your next turn.","한 턴에 카드를 5장 이상 사용했다면, 다음 턴 시작 시 카드를 추가로 1장 뽑습니다.",5|1,"{""damage"":null,""block"":null,""hit_count"":null,""cards_draw"":1,""energy_gain"":null,""hp_loss"":null,""vars"":{""CardPlay"":5,""Cards"":1},""upgrade"":{""cards"":""+1""}}"
PALE_BLUE_DOT,창백한 푸른 점,Pale Blue Dot,regent,Uncommon,E1,body,1,card_play,추가 사용/재사용,positive_or_mixed,False,"If you play {n} or more cards in a turn, draw {n} card at the start of your next turn.","If you play 5 or more cards in a turn, draw 1 card at the start of your next turn.","한 턴에 카드를 5장 이상 사용했다면, 다음 턴 시작 시 카드를 추가로 1장 뽑습니다.",5|1,"{""damage"":null,""block"":null,""hit_count"":null,""cards_draw"":1,""energy_gain"":null,""hp_loss"":null,""vars"":{""CardPlay"":5,""Cards"":1},""upgrade"":{""cards"":""+1""}}"
PALE_BLUE_DOT,창백한 푸른 점,Pale Blue Dot,regent,Uncommon,E1,body,1,trigger,지속/발동기,positive_or_mixed,False,"If you play {n} or more cards in a turn, draw {n} card at the start of your next turn.","If you play 5 or more cards in a turn, draw 1 card at the start of your next turn.","한 턴에 카드를 5장 이상 사용했다면, 다음 턴 시작 시 카드를 추가로 1장 뽑습니다.",5|1,"{""damage"":null,""block"":null,""hit_count"":null,""cards_draw"":1,""energy_gain"":null,""hp_loss"":null,""vars"":{""CardPlay"":5,""Cards"":1},""upgrade"":{""cards"":""+1""}}"
PANACHE,위풍당당,Panache,colorless,Uncommon,E0,body,1,damage,피해,positive_or_mixed,False,"Every time you play {n} cards in a single turn, deal {n} damage to ALL enemies.","Every time you play 5 cards in a single turn, deal 10 damage to ALL enemies.","한 턴에 카드를 5장 사용할 때마다, 모든 적에게 피해를 10 줍니다.",5|10,"{""damage"":null,""block"":null,""hit_count"":null,""cards_draw"":null,""energy_gain"":null,""hp_loss"":null,""vars"":{""PanacheDamage"":10},""upgrade"":{""panachedamage"":""+4""}}"
PANACHE,위풍당당,Panache,colorless,Uncommon,E0,body,1,card_play,추가 사용/재사용,positive_or_mixed,False,"Every time you play {n} cards in a single turn, deal {n} damage to ALL enemies.","Every time you play 5 cards in a single turn, deal 10 damage to ALL enemies.","한 턴에 카드를 5장 사용할 때마다, 모든 적에게 피해를 10 줍니다.",5|10,"{""damage"":null,""block"":null,""hit_count"":null,""cards_draw"":null,""energy_gain"":null,""hp_loss"":null,""vars"":{""PanacheDamage"":10},""upgrade"":{""panachedamage"":""+4""}}"
PANACHE,위풍당당,Panache,colorless,Uncommon,E0,body,1,trigger,지속/발동기,positive_or_mixed,False,"Every time you play {n} cards in a single turn, deal {n} damage to ALL enemies.","Every time you play 5 cards in a single turn, deal 10 damage to ALL enemies.","한 턴에 카드를 5장 사용할 때마다, 모든 적에게 피해를 10 줍니다.",5|10,"{""damage"":null,""block"":null,""hit_count"":null,""cards_draw"":null,""energy_gain"":null,""hp_loss"":null,""vars"":{""PanacheDamage"":10},""upgrade"":{""panachedamage"":""+4""}}"
PANIC_BUTTON,비상 단추,Panic Button,colorless,Uncommon,E0,body,1,block,방어도,positive_or_mixed,False,Gain {n} Block.,Gain 30 Block.,방어도를 30 얻습니다.,30,"{""damage"":null,""block"":30,""hit_count"":null,""cards_draw"":null,""energy_gain"":null,""hp_loss"":null,""vars"":{""Turns"":2,""Block"":30},""upgrade"":{""block"":""+10""}}"
PANIC_BUTTON,비상 단추,Panic Button,colorless,Uncommon,E0,body,2,block,방어도,negative_or_cost,False,You cannot gain Block from cards for {n} turns.,You cannot gain Block from cards for 2 turns.,2턴 동안 카드를 통해 방어도를 얻을 수 없습니다.,2,"{""damage"":null,""block"":30,""hit_count"":null,""cards_draw"":null,""energy_gain"":null,""hp_loss"":null,""vars"":{""Turns"":2,""Block"":30},""upgrade"":{""block"":""+10""}}"
PANIC_BUTTON,비상 단추,Panic Button,colorless,Uncommon,E0,body,2,restriction,사용 제약,negative_or_cost,False,You cannot gain Block from cards for {n} turns.,You cannot gain Block from cards for 2 turns.,2턴 동안 카드를 통해 방어도를 얻을 수 없습니다.,2,"{""damage"":null,""block"":30,""hit_count"":null,""cards_draw"":null,""energy_gain"":null,""hp_loss"":null,""vars"":{""Turns"":2,""Block"":30},""upgrade"":{""block"":""+10""}}"
PANIC_BUTTON,비상 단추,Panic Button,colorless,Uncommon,E0,keyword,,keyword,카드 키워드,contextual,False,Keyword: Exhaust,Keyword: Exhaust,키워드: 소멸,,"{""damage"":null,""block"":30,""hit_count"":null,""cards_draw"":null,""energy_gain"":null,""hp_loss"":null,""vars"":{""Turns"":2,""Block"":30},""upgrade"":{""block"":""+10""}}"
PARRY,쳐내기,Parry,regent,Uncommon,E1,body,1,block,방어도,positive_or_mixed,False,Sovereign Blade now gains {n} Block.,Sovereign Blade now gains 10 Block.,군주의 칼날을 사용 시 이제 방어도를 10 얻습니다.,10,"{""damage"":null,""block"":null,""hit_count"":null,""cards_draw"":null,""energy_gain"":null,""hp_loss"":null,""vars"":{""ParryPower"":10,""Parry"":10},""upgrade"":{""parrypower"":""+4""}}"
PARRY,쳐내기,Parry,regent,Uncommon,E1,body,1,forge,제련,positive_or_mixed,False,Sovereign Blade now gains {n} Block.,Sovereign Blade now gains 10 Block.,군주의 칼날을 사용 시 이제 방어도를 10 얻습니다.,10,"{""damage"":null,""block"":null,""hit_count"":null,""cards_draw"":null,""energy_gain"":null,""hp_loss"":null,""vars"":{""ParryPower"":10,""Parry"":10},""upgrade"":{""parrypower"":""+4""}}"
PARSE,분석,Parse,necrobinder,Uncommon,E1,body,1,draw,카드 뽑기,positive_or_mixed,False,Draw {n} cards.,Draw 3 cards.,카드를 3장 뽑습니다.,3,"{""damage"":null,""block"":null,""hit_count"":null,""cards_draw"":3,""energy_gain"":null,""hp_loss"":null,""vars"":{""Cards"":3},""upgrade"":{""cards"":""+1""}}"
PARSE,분석,Parse,necrobinder,Uncommon,E1,keyword,,keyword,카드 키워드,contextual,False,Keyword: Ethereal,Keyword: Ethereal,키워드: 휘발성,,"{""damage"":null,""block"":null,""hit_count"":null,""cards_draw"":3,""energy_gain"":null,""hp_loss"":null,""vars"":{""Cards"":3},""upgrade"":{""cards"":""+1""}}"
PARTICLE_WALL,입자 벽,Particle Wall,regent,Uncommon,E0+S2,body,1,block,방어도,positive_or_mixed,False,Gain {n} Block.,Gain 9 Block.,방어도를 9 얻습니다.,9,"{""damage"":null,""block"":9,""hit_count"":null,""cards_draw"":null,""energy_gain"":null,""hp_loss"":null,""vars"":{""Block"":9,""StarCost"":2},""upgrade"":{""block"":""+3""}}"
PARTICLE_WALL,입자 벽,Particle Wall,regent,Uncommon,E0+S2,body,2,card_move,카드 이동/탐색,positive_or_mixed,False,Return this card to your Hand.,Return this card to your Hand.,이 카드를 다시 손으로 가져옵니다.,,"{""damage"":null,""block"":9,""hit_count"":null,""cards_draw"":null,""energy_gain"":null,""hp_loss"":null,""vars"":{""Block"":9,""StarCost"":2},""upgrade"":{""block"":""+3""}}"
PATTER,별무리,Patter,regent,Common,E1,body,1,block,방어도,positive_or_mixed,False,Gain {n} Block.,Gain 8 Block.,방어도를 8 얻습니다.,8,"{""damage"":null,""block"":8,""hit_count"":null,""cards_draw"":null,""energy_gain"":null,""hp_loss"":null,""vars"":{""Block"":8,""VigorPower"":2,""Vigor"":2},""upgrade"":{""block"":""+2"",""vigorpower"":""+1""}}"
PATTER,별무리,Patter,regent,Common,E1,body,2,buff,강화 효과,positive_or_mixed,False,Gain {n} Vigor.,Gain 2 Vigor.,활력을 2 얻습니다.,2,"{""damage"":null,""block"":8,""hit_count"":null,""cards_draw"":null,""energy_gain"":null,""hp_loss"":null,""vars"":{""Block"":8,""VigorPower"":2,""Vigor"":2},""upgrade"":{""block"":""+2"",""vigorpower"":""+1""}}"
PECK,쪼기,Peck,event,Event,E1,body,1,damage,피해,positive_or_mixed,False,Deal {n} damage {n} times.,Deal 2 damage 3 times.,피해를 2만큼 3번 줍니다.,2|3,"{""damage"":2,""block"":null,""hit_count"":3,""cards_draw"":null,""energy_gain"":null,""hp_loss"":null,""vars"":{""Damage"":2,""Repeat"":3},""upgrade"":{""repeat"":""+1""}}"
PERFECTED_STRIKE,완벽한 타격,Perfected Strike,ironclad,Common,E2,body,1,damage,피해,positive_or_mixed,False,Deal {n} damage.,Deal 6 damage.,피해를 6 줍니다.,6,"{""damage"":6,""block"":null,""hit_count"":null,""cards_draw"":null,""energy_gain"":null,""hp_loss"":null,""vars"":{""CalculationBase"":6,""ExtraDamage"":2,""CalculatedDamage"":6},""upgrade"":{""extradamage"":""+1""}}"
PERFECTED_STRIKE,완벽한 타격,Perfected Strike,ironclad,Common,E2,body,2,damage,피해,positive_or_mixed,True,Deals {n} additional damage for ALL your cards containing “Strike”.,Deals 2 additional damage for ALL your cards containing “Strike”.,보유한 카드 중 이름에 “타격”이 포함된 카드 1장당 피해량이 2 증가합니다.,2,"{""damage"":6,""block"":null,""hit_count"":null,""cards_draw"":null,""energy_gain"":null,""hp_loss"":null,""vars"":{""CalculationBase"":6,""ExtraDamage"":2,""CalculatedDamage"":6},""upgrade"":{""extradamage"":""+1""}}"
PERFECTED_STRIKE,완벽한 타격,Perfected Strike,ironclad,Common,E2,body,2,scaling,가변/스케일링,positive_or_mixed,True,Deals {n} additional damage for ALL your cards containing “Strike”.,Deals 2 additional damage for ALL your cards containing “Strike”.,보유한 카드 중 이름에 “타격”이 포함된 카드 1장당 피해량이 2 증가합니다.,2,"{""damage"":6,""block"":null,""hit_count"":null,""cards_draw"":null,""energy_gain"":null,""hp_loss"":null,""vars"":{""CalculationBase"":6,""ExtraDamage"":2,""CalculatedDamage"":6},""upgrade"":{""extradamage"":""+1""}}"
PHANTOM_BLADES,환영검,Phantom Blades,silent,Uncommon,E1,body,1,retain,보존,positive_or_mixed,False,Shivs gain Retain.,Shivs gain Retain.,단도가 보존을 얻습니다.,,"{""damage"":null,""block"":null,""hit_count"":null,""cards_draw"":null,""energy_gain"":null,""hp_loss"":null,""vars"":{""PhantomBladesPower"":9,""PhantomBlades"":9},""upgrade"":{""phantombladespower"":""+3""}}"
PHANTOM_BLADES,환영검,Phantom Blades,silent,Uncommon,E1,body,2,damage,피해,positive_or_mixed,True,The first Shiv you play each turn deals {n} additional damage.,The first Shiv you play each turn deals 9 additional damage.,매 턴마다 처음으로 사용하는 단도의 피해량이 9 증가합니다.,9,"{""damage"":null,""block"":null,""hit_count"":null,""cards_draw"":null,""energy_gain"":null,""hp_loss"":null,""vars"":{""PhantomBladesPower"":9,""PhantomBlades"":9},""upgrade"":{""phantombladespower"":""+3""}}"
PHANTOM_BLADES,환영검,Phantom Blades,silent,Uncommon,E1,body,2,card_play,추가 사용/재사용,positive_or_mixed,True,The first Shiv you play each turn deals {n} additional damage.,The first Shiv you play each turn deals 9 additional damage.,매 턴마다 처음으로 사용하는 단도의 피해량이 9 증가합니다.,9,"{""damage"":null,""block"":null,""hit_count"":null,""cards_draw"":null,""energy_gain"":null,""hp_loss"":null,""vars"":{""PhantomBladesPower"":9,""PhantomBlades"":9},""upgrade"":{""phantombladespower"":""+3""}}"
PHANTOM_BLADES,환영검,Phantom Blades,silent,Uncommon,E1,body,2,scaling,가변/스케일링,positive_or_mixed,True,The first Shiv you play each turn deals {n} additional damage.,The first Shiv you play each turn deals 9 additional damage.,매 턴마다 처음으로 사용하는 단도의 피해량이 9 증가합니다.,9,"{""damage"":null,""block"":null,""hit_count"":null,""cards_draw"":null,""energy_gain"":null,""hp_loss"":null,""vars"":{""PhantomBladesPower"":9,""PhantomBlades"":9},""upgrade"":{""phantombladespower"":""+3""}}"
PHANTOM_BLADES,환영검,Phantom Blades,silent,Uncommon,E1,body,2,trigger,지속/발동기,positive_or_mixed,True,The first Shiv you play each turn deals {n} additional damage.,The first Shiv you play each turn deals 9 additional damage.,매 턴마다 처음으로 사용하는 단도의 피해량이 9 증가합니다.,9,"{""damage"":null,""block"":null,""hit_count"":null,""cards_draw"":null,""energy_gain"":null,""hp_loss"":null,""vars"":{""PhantomBladesPower"":9,""PhantomBlades"":9},""upgrade"":{""phantombladespower"":""+3""}}"
PHOTON_CUT,광자 베기,Photon Cut,regent,Common,E1,body,1,damage,피해,positive_or_mixed,False,Deal {n} damage.,Deal 10 damage.,피해를 10 줍니다.,10,"{""damage"":10,""block"":null,""hit_count"":null,""cards_draw"":1,""energy_gain"":null,""hp_loss"":null,""vars"":{""PutBack"":1,""Damage"":10,""Cards"":1},""upgrade"":{""damage"":""+3"",""cards"":""+1""}}"
PHOTON_CUT,광자 베기,Photon Cut,regent,Common,E1,body,2,draw,카드 뽑기,positive_or_mixed,False,Draw {n} card.,Draw 1 card.,카드를 1장 뽑습니다.,1,"{""damage"":10,""block"":null,""hit_count"":null,""cards_draw"":1,""energy_gain"":null,""hp_loss"":null,""vars"":{""PutBack"":1,""Damage"":10,""Cards"":1},""upgrade"":{""damage"":""+3"",""cards"":""+1""}}"
PHOTON_CUT,광자 베기,Photon Cut,regent,Common,E1,body,3,draw,카드 뽑기,positive_or_mixed,False,Put {n} card from your Hand on top of your Draw Pile.,Put 1 card from your Hand on top of your Draw Pile.,손에 있는 카드 1장을 뽑을 카드 더미 맨 위에 놓습니다.,1,"{""damage"":10,""block"":null,""hit_count"":null,""cards_draw"":1,""energy_gain"":null,""hp_loss"":null,""vars"":{""PutBack"":1,""Damage"":10,""Cards"":1},""upgrade"":{""damage"":""+3"",""cards"":""+1""}}"
PHOTON_CUT,광자 베기,Photon Cut,regent,Common,E1,body,3,card_move,카드 이동/탐색,positive_or_mixed,False,Put {n} card from your Hand on top of your Draw Pile.,Put 1 card from your Hand on top of your Draw Pile.,손에 있는 카드 1장을 뽑을 카드 더미 맨 위에 놓습니다.,1,"{""damage"":10,""block"":null,""hit_count"":null,""cards_draw"":1,""energy_gain"":null,""hp_loss"":null,""vars"":{""PutBack"":1,""Damage"":10,""Cards"":1},""upgrade"":{""damage"":""+3"",""cards"":""+1""}}"
PIERCING_WAIL,귀를 찢는 비명,Piercing Wail,silent,Common,E1,body,1,buff,강화 효과,negative_or_cost,False,ALL enemies lose {n} Strength this turn.,ALL enemies lose 6 Strength this turn.,이번 턴 동안 모든 적이 힘을 6 잃습니다.,6,"{""damage"":null,""block"":null,""hit_count"":null,""cards_draw"":null,""energy_gain"":null,""hp_loss"":null,""vars"":{""StrengthLoss"":6},""upgrade"":{""strengthloss"":""+2""}}"
PIERCING_WAIL,귀를 찢는 비명,Piercing Wail,silent,Common,E1,keyword,,keyword,카드 키워드,contextual,False,Keyword: Exhaust,Keyword: Exhaust,키워드: 소멸,,"{""damage"":null,""block"":null,""hit_count"":null,""cards_draw"":null,""energy_gain"":null,""hp_loss"":null,""vars"":{""StrengthLoss"":6},""upgrade"":{""strengthloss"":""+2""}}"
PILLAGE,갈취,Pillage,ironclad,Uncommon,E1,body,1,damage,피해,positive_or_mixed,False,Deal {n} damage.,Deal 6 damage.,피해를 6 줍니다.,6,"{""damage"":6,""block"":null,""hit_count"":null,""cards_draw"":null,""energy_gain"":null,""hp_loss"":null,""vars"":{""Damage"":6},""upgrade"":{""damage"":""+3""}}"
PILLAGE,갈취,Pillage,ironclad,Uncommon,E1,body,2,draw,카드 뽑기,positive_or_mixed,False,Draw cards until you draw a non-Attack card.,Draw cards until you draw a non-Attack card.,공격이 아닌 카드를 뽑을 때까지 카드를 뽑습니다.,,"{""damage"":6,""block"":null,""hit_count"":null,""cards_draw"":null,""energy_gain"":null,""hp_loss"":null,""vars"":{""Damage"":6},""upgrade"":{""damage"":""+3""}}"
PILLAR_OF_CREATION,창조의 기둥,Pillar of Creation,regent,Uncommon,E1,body,1,block,방어도,positive_or_mixed,False,"Whenever you create a card, gain {n} Block.","Whenever you create a card, gain 3 Block.","카드를 생성할 때마다, 방어도를 3 얻습니다.",3,"{""damage"":null,""block"":3,""hit_count"":null,""cards_draw"":null,""energy_gain"":null,""hp_loss"":null,""vars"":{""Block"":3},""upgrade"":{""block"":""+1""}}"
PILLAR_OF_CREATION,창조의 기둥,Pillar of Creation,regent,Uncommon,E1,body,1,card_create,카드 생성,positive_or_mixed,False,"Whenever you create a card, gain {n} Block.","Whenever you create a card, gain 3 Block.","카드를 생성할 때마다, 방어도를 3 얻습니다.",3,"{""damage"":null,""block"":3,""hit_count"":null,""cards_draw"":null,""energy_gain"":null,""hp_loss"":null,""vars"":{""Block"":3},""upgrade"":{""block"":""+1""}}"
PILLAR_OF_CREATION,창조의 기둥,Pillar of Creation,regent,Uncommon,E1,body,1,trigger,지속/발동기,positive_or_mixed,False,"Whenever you create a card, gain {n} Block.","Whenever you create a card, gain 3 Block.","카드를 생성할 때마다, 방어도를 3 얻습니다.",3,"{""damage"":null,""block"":3,""hit_count"":null,""cards_draw"":null,""energy_gain"":null,""hp_loss"":null,""vars"":{""Block"":3},""upgrade"":{""block"":""+1""}}"
PINPOINT,정밀 사격,Pinpoint,silent,Uncommon,E3,body,1,damage,피해,positive_or_mixed,False,Deal {n} damage.,Deal 15 damage.,피해를 15 줍니다.,15,"{""damage"":15,""block"":null,""hit_count"":null,""cards_draw"":null,""energy_gain"":null,""hp_loss"":null,""vars"":{""Damage"":15},""upgrade"":{""damage"":""+4""}}"
PINPOINT,정밀 사격,Pinpoint,silent,Uncommon,E3,body,2,card_cost,비용 변화,positive_or_mixed,True,Costs {n} less Energy for each Skill played this turn.,Costs 1 less Energy for each Skill played this turn.,이번 턴에 스킬 카드를 사용할 때마다 비용이 1 Energy 감소합니다.,1,"{""damage"":15,""block"":null,""hit_count"":null,""cards_draw"":null,""energy_gain"":null,""hp_loss"":null,""vars"":{""Damage"":15},""upgrade"":{""damage"":""+4""}}"
PINPOINT,정밀 사격,Pinpoint,silent,Uncommon,E3,body,2,card_play,추가 사용/재사용,positive_or_mixed,True,Costs {n} less Energy for each Skill played this turn.,Costs 1 less Energy for each Skill played this turn.,이번 턴에 스킬 카드를 사용할 때마다 비용이 1 Energy 감소합니다.,1,"{""damage"":15,""block"":null,""hit_count"":null,""cards_draw"":null,""energy_gain"":null,""hp_loss"":null,""vars"":{""Damage"":15},""upgrade"":{""damage"":""+4""}}"
PINPOINT,정밀 사격,Pinpoint,silent,Uncommon,E3,body,2,energy,에너지,positive_or_mixed,True,Costs {n} less Energy for each Skill played this turn.,Costs 1 less Energy for each Skill played this turn.,이번 턴에 스킬 카드를 사용할 때마다 비용이 1 Energy 감소합니다.,1,"{""damage"":15,""block"":null,""hit_count"":null,""cards_draw"":null,""energy_gain"":null,""hp_loss"":null,""vars"":{""Damage"":15},""upgrade"":{""damage"":""+4""}}"
PINPOINT,정밀 사격,Pinpoint,silent,Uncommon,E3,body,2,scaling,가변/스케일링,positive_or_mixed,True,Costs {n} less Energy for each Skill played this turn.,Costs 1 less Energy for each Skill played this turn.,이번 턴에 스킬 카드를 사용할 때마다 비용이 1 Energy 감소합니다.,1,"{""damage"":15,""block"":null,""hit_count"":null,""cards_draw"":null,""energy_gain"":null,""hp_loss"":null,""vars"":{""Damage"":15},""upgrade"":{""damage"":""+4""}}"
POISONED_STAB,독 찌르기,Poisoned Stab,silent,Common,E1,body,1,damage,피해,positive_or_mixed,False,Deal {n} damage.,Deal 6 damage.,피해를 6 줍니다.,6,"{""damage"":6,""block"":null,""hit_count"":null,""cards_draw"":null,""energy_gain"":null,""hp_loss"":null,""vars"":{""Damage"":6,""PoisonPower"":3,""Poison"":3},""upgrade"":{""damage"":""+2"",""poison"":""+1""}}"
POISONED_STAB,독 찌르기,Poisoned Stab,silent,Common,E1,body,2,debuff,약화 효과,positive_or_mixed,False,Apply {n} Poison.,Apply 3 Poison.,중독을 3 부여합니다.,3,"{""damage"":6,""block"":null,""hit_count"":null,""cards_draw"":null,""energy_gain"":null,""hp_loss"":null,""vars"":{""Damage"":6,""PoisonPower"":3,""Poison"":3},""upgrade"":{""damage"":""+2"",""poison"":""+1""}}"
POKE,쑤시기,Poke,necrobinder,Common,E0,body,1,damage,피해,positive_or_mixed,False,Osty deals {n} damage.,Osty deals 6 damage.,골골이가 피해를 6 줍니다.,6,"{""damage"":6,""block"":null,""hit_count"":null,""cards_draw"":null,""energy_gain"":null,""hp_loss"":null,""vars"":{""OstyDamage"":6,""Damage"":6},""upgrade"":{""ostydamage"":""+3""}}"
POKE,쑤시기,Poke,necrobinder,Common,E0,body,1,osty,오스티/소환,positive_or_mixed,False,Osty deals {n} damage.,Osty deals 6 damage.,골골이가 피해를 6 줍니다.,6,"{""damage"":6,""block"":null,""hit_count"":null,""cards_draw"":null,""energy_gain"":null,""hp_loss"":null,""vars"":{""OstyDamage"":6,""Damage"":6},""upgrade"":{""ostydamage"":""+3""}}"
POMMEL_STRIKE,폼멜 타격,Pommel Strike,ironclad,Common,E1,body,1,damage,피해,positive_or_mixed,False,Deal {n} damage.,Deal 9 damage.,피해를 9 줍니다.,9,"{""damage"":9,""block"":null,""hit_count"":null,""cards_draw"":1,""energy_gain"":null,""hp_loss"":null,""vars"":{""Damage"":9,""Cards"":1},""upgrade"":{""damage"":""+1"",""cards"":""+1""}}"
POMMEL_STRIKE,폼멜 타격,Pommel Strike,ironclad,Common,E1,body,2,draw,카드 뽑기,positive_or_mixed,False,Draw {n} card.,Draw 1 card.,카드를 1장 뽑습니다.,1,"{""damage"":9,""block"":null,""hit_count"":null,""cards_draw"":1,""energy_gain"":null,""hp_loss"":null,""vars"":{""Damage"":9,""Cards"":1},""upgrade"":{""damage"":""+1"",""cards"":""+1""}}"
POOR_SLEEP,수면 부족,Poor Sleep,curse,Curse,E-1,body,1,empty,효과 없음,positive_or_mixed,False,(empty),,,,"{""damage"":null,""block"":null,""hit_count"":null,""cards_draw"":null,""energy_gain"":null,""hp_loss"":null,""vars"":null,""upgrade"":null}"
POOR_SLEEP,수면 부족,Poor Sleep,curse,Curse,E-1,keyword,,keyword,카드 키워드,contextual,False,Keyword: Retain,Keyword: Retain,키워드: 보존,,"{""damage"":null,""block"":null,""hit_count"":null,""cards_draw"":null,""energy_gain"":null,""hp_loss"":null,""vars"":null,""upgrade"":null}"
POOR_SLEEP,수면 부족,Poor Sleep,curse,Curse,E-1,keyword,,keyword,카드 키워드,contextual,False,Keyword: Unplayable,Keyword: Unplayable,키워드: 사용불가,,"{""damage"":null,""block"":null,""hit_count"":null,""cards_draw"":null,""energy_gain"":null,""hp_loss"":null,""vars"":null,""upgrade"":null}"
POUNCE,덮치기,Pounce,silent,Uncommon,E2,body,1,damage,피해,positive_or_mixed,False,Deal {n} damage.,Deal 14 damage.,피해를 14 줍니다.,14,"{""damage"":14,""block"":null,""hit_count"":null,""cards_draw"":null,""energy_gain"":null,""hp_loss"":null,""vars"":{""Damage"":14},""upgrade"":{""damage"":""+6""}}"
POUNCE,덮치기,Pounce,silent,Uncommon,E2,body,2,card_cost,비용 변화,positive_or_mixed,False,The next Skill you play costs {n} Energy.,The next Skill you play costs 0 Energy.,다음에 사용하는 스킬 카드의 비용이 0 Energy이 됩니다.,0,"{""damage"":14,""block"":null,""hit_count"":null,""cards_draw"":null,""energy_gain"":null,""hp_loss"":null,""vars"":{""Damage"":14},""upgrade"":{""damage"":""+6""}}"
POUNCE,덮치기,Pounce,silent,Uncommon,E2,body,2,card_play,추가 사용/재사용,positive_or_mixed,False,The next Skill you play costs {n} Energy.,The next Skill you play costs 0 Energy.,다음에 사용하는 스킬 카드의 비용이 0 Energy이 됩니다.,0,"{""damage"":14,""block"":null,""hit_count"":null,""cards_draw"":null,""energy_gain"":null,""hp_loss"":null,""vars"":{""Damage"":14},""upgrade"":{""damage"":""+6""}}"
POUNCE,덮치기,Pounce,silent,Uncommon,E2,body,2,energy,에너지,positive_or_mixed,False,The next Skill you play costs {n} Energy.,The next Skill you play costs 0 Energy.,다음에 사용하는 스킬 카드의 비용이 0 Energy이 됩니다.,0,"{""damage"":14,""block"":null,""hit_count"":null,""cards_draw"":null,""energy_gain"":null,""hp_loss"":null,""vars"":{""Damage"":14},""upgrade"":{""damage"":""+6""}}"
PRECISE_CUT,정밀한 베기,Precise Cut,silent,Uncommon,E0,body,1,damage,피해,positive_or_mixed,False,Deal {n} damage.,Deal 13 damage.,피해를 13 줍니다.,13,"{""damage"":13,""block"":null,""hit_count"":null,""cards_draw"":null,""energy_gain"":null,""hp_loss"":null,""vars"":{""CalculationBase"":13,""ExtraDamage"":2,""CalculatedDamage"":13},""upgrade"":{""calculationbase"":""+3""}}"
PRECISE_CUT,정밀한 베기,Precise Cut,silent,Uncommon,E0,body,2,damage,피해,positive_or_mixed,True,Deals {n} less damage for each other card in your Hand.,Deals 2 less damage for each other card in your Hand.,손에 있는 다른 카드 1장당 피해량이 2 감소합니다.,2,"{""damage"":13,""block"":null,""hit_count"":null,""cards_draw"":null,""energy_gain"":null,""hp_loss"":null,""vars"":{""CalculationBase"":13,""ExtraDamage"":2,""CalculatedDamage"":13},""upgrade"":{""calculationbase"":""+3""}}"
PRECISE_CUT,정밀한 베기,Precise Cut,silent,Uncommon,E0,body,2,scaling,가변/스케일링,positive_or_mixed,True,Deals {n} less damage for each other card in your Hand.,Deals 2 less damage for each other card in your Hand.,손에 있는 다른 카드 1장당 피해량이 2 감소합니다.,2,"{""damage"":13,""block"":null,""hit_count"":null,""cards_draw"":null,""energy_gain"":null,""hp_loss"":null,""vars"":{""CalculationBase"":13,""ExtraDamage"":2,""CalculatedDamage"":13},""upgrade"":{""calculationbase"":""+3""}}"
PREDATOR,천적,Predator,silent,Common,E2,body,1,damage,피해,positive_or_mixed,False,Deal {n} damage.,Deal 15 damage.,피해를 15 줍니다.,15,"{""damage"":15,""block"":null,""hit_count"":null,""cards_draw"":null,""energy_gain"":null,""hp_loss"":null,""vars"":{""Damage"":15},""upgrade"":{""damage"":""+5""}}"
PREDATOR,천적,Predator,silent,Common,E2,body,2,draw,카드 뽑기,positive_or_mixed,False,"Next turn, draw {n} cards.","Next turn, draw 2 cards.","다음 턴에, 카드를 2장 뽑습니다.",2,"{""damage"":15,""block"":null,""hit_count"":null,""cards_draw"":null,""energy_gain"":null,""hp_loss"":null,""vars"":{""Damage"":15},""upgrade"":{""damage"":""+5""}}"
PREDATOR,천적,Predator,silent,Common,E2,body,2,trigger,지속/발동기,positive_or_mixed,False,"Next turn, draw {n} cards.","Next turn, draw 2 cards.","다음 턴에, 카드를 2장 뽑습니다.",2,"{""damage"":15,""block"":null,""hit_count"":null,""cards_draw"":null,""energy_gain"":null,""hp_loss"":null,""vars"":{""Damage"":15},""upgrade"":{""damage"":""+5""}}"
PREPARED,예비,Prepared,silent,Common,E0,body,1,draw,카드 뽑기,positive_or_mixed,False,Draw {n} card.,Draw 1 card.,카드를 1장 뽑습니다.,1,"{""damage"":null,""block"":null,""hit_count"":null,""cards_draw"":1,""energy_gain"":null,""hp_loss"":null,""vars"":{""Cards"":1},""upgrade"":{""cards"":""+1""}}"
PREPARED,예비,Prepared,silent,Common,E0,body,2,discard,버리기,positive_or_mixed,False,Discard {n} card.,Discard 1 card.,카드를 1장 버립니다.,1,"{""damage"":null,""block"":null,""hit_count"":null,""cards_draw"":1,""energy_gain"":null,""hp_loss"":null,""vars"":{""Cards"":1},""upgrade"":{""cards"":""+1""}}"
PREP_TIME,준비 시간,Prep Time,colorless,Uncommon,E1,body,1,buff,강화 효과,positive_or_mixed,False,"At the start of your turn, gain {n} Vigor.","At the start of your turn, gain 4 Vigor.","내 턴 시작 시, 활력을 4 얻습니다.",4,"{""damage"":null,""block"":null,""hit_count"":null,""cards_draw"":null,""energy_gain"":null,""hp_loss"":null,""vars"":{""PrepTimePower"":4,""PrepTime"":4},""upgrade"":{""preptimepower"":""+2""}}"
PREP_TIME,준비 시간,Prep Time,colorless,Uncommon,E1,body,1,trigger,지속/발동기,positive_or_mixed,False,"At the start of your turn, gain {n} Vigor.","At the start of your turn, gain 4 Vigor.","내 턴 시작 시, 활력을 4 얻습니다.",4,"{""damage"":null,""block"":null,""hit_count"":null,""cards_draw"":null,""energy_gain"":null,""hp_loss"":null,""vars"":{""PrepTimePower"":4,""PrepTime"":4},""upgrade"":{""preptimepower"":""+2""}}"
PRIMAL_FORCE,원시의 힘,Primal Force,ironclad,Rare,E0,body,1,card_transform,변화,positive_or_mixed,False,Transform all Attacks in your Hand into Giant Rock.,Transform all Attacks in your Hand into Giant Rock.,손에 있는 모든 공격 카드를 거대한 바위로 변화시킵니다.,,"{""damage"":null,""block"":null,""hit_count"":null,""cards_draw"":null,""energy_gain"":null,""hp_loss"":null,""vars"":null,""upgrade"":{""description_changed"":1}}"
PRODUCTION,생산,Production,colorless,Uncommon,E0,body,1,energy,에너지,positive_or_mixed,False,Gain {n} Energy.,Gain 2 Energy.,2 Energy를 얻습니다.,2,"{""damage"":null,""block"":null,""hit_count"":null,""cards_draw"":null,""energy_gain"":2,""hp_loss"":null,""vars"":{""Energy"":2},""upgrade"":{""energy"":""+1""}}"
PRODUCTION,생산,Production,colorless,Uncommon,E0,keyword,,keyword,카드 키워드,contextual,False,Keyword: Exhaust,Keyword: Exhaust,키워드: 소멸,,"{""damage"":null,""block"":null,""hit_count"":null,""cards_draw"":null,""energy_gain"":2,""hp_loss"":null,""vars"":{""Energy"":2},""upgrade"":{""energy"":""+1""}}"
PROLONG,연장,Prolong,colorless,Uncommon,E0,body,1,block,방어도,positive_or_mixed,True,"Next turn, gain Block equal to your current Block.","Next turn, gain Block equal to your current Block.","다음 턴에, 현재 방어도와 동일한 만큼의 방어도를 얻습니다.",,"{""damage"":null,""block"":null,""hit_count"":null,""cards_draw"":null,""energy_gain"":null,""hp_loss"":null,""vars"":null,""upgrade"":{""remove_exhaust"":1}}"
PROLONG,연장,Prolong,colorless,Uncommon,E0,body,1,scaling,가변/스케일링,positive_or_mixed,True,"Next turn, gain Block equal to your current Block.","Next turn, gain Block equal to your current Block.","다음 턴에, 현재 방어도와 동일한 만큼의 방어도를 얻습니다.",,"{""damage"":null,""block"":null,""hit_count"":null,""cards_draw"":null,""energy_gain"":null,""hp_loss"":null,""vars"":null,""upgrade"":{""remove_exhaust"":1}}"
PROLONG,연장,Prolong,colorless,Uncommon,E0,body,1,trigger,지속/발동기,positive_or_mixed,True,"Next turn, gain Block equal to your current Block.","Next turn, gain Block equal to your current Block.","다음 턴에, 현재 방어도와 동일한 만큼의 방어도를 얻습니다.",,"{""damage"":null,""block"":null,""hit_count"":null,""cards_draw"":null,""energy_gain"":null,""hp_loss"":null,""vars"":null,""upgrade"":{""remove_exhaust"":1}}"
PROLONG,연장,Prolong,colorless,Uncommon,E0,keyword,,keyword,카드 키워드,contextual,False,Keyword: Exhaust,Keyword: Exhaust,키워드: 소멸,,"{""damage"":null,""block"":null,""hit_count"":null,""cards_draw"":null,""energy_gain"":null,""hp_loss"":null,""vars"":null,""upgrade"":{""remove_exhaust"":1}}"
PROPHESIZE,예언,Prophesize,regent,Uncommon,E2,body,1,draw,카드 뽑기,positive_or_mixed,False,Draw {n} cards.,Draw 6 cards.,카드를 6장 뽑습니다.,6,"{""damage"":null,""block"":null,""hit_count"":null,""cards_draw"":6,""energy_gain"":null,""hp_loss"":null,""vars"":{""Cards"":6},""upgrade"":{""cards"":""+3""}}"
PROTECTOR,파수꾼,Protector,necrobinder,Ancient,E1,body,1,damage,피해,positive_or_mixed,False,Osty deals {n} damage.,Osty deals 10 damage.,골골이가 피해를 10 줍니다.,10,"{""damage"":10,""block"":null,""hit_count"":null,""cards_draw"":null,""energy_gain"":null,""hp_loss"":null,""vars"":{""CalculationBase"":10,""ExtraDamage"":1,""CalculatedDamage"":10},""upgrade"":{""cost"":0,""calculationbase"":""+5""}}"
PROTECTOR,파수꾼,Protector,necrobinder,Ancient,E1,body,1,osty,오스티/소환,positive_or_mixed,False,Osty deals {n} damage.,Osty deals 10 damage.,골골이가 피해를 10 줍니다.,10,"{""damage"":10,""block"":null,""hit_count"":null,""cards_draw"":null,""energy_gain"":null,""hp_loss"":null,""vars"":{""CalculationBase"":10,""ExtraDamage"":1,""CalculatedDamage"":10},""upgrade"":{""cost"":0,""calculationbase"":""+5""}}"
PROTECTOR,파수꾼,Protector,necrobinder,Ancient,E1,body,2,damage,피해,positive_or_mixed,True,Deals additional damage equal to Osty's Max HP.,Deals additional damage equal to Osty's Max HP.,골골이의 최대 체력만큼 피해량이 증가합니다.,,"{""damage"":10,""block"":null,""hit_count"":null,""cards_draw"":null,""energy_gain"":null,""hp_loss"":null,""vars"":{""CalculationBase"":10,""ExtraDamage"":1,""CalculatedDamage"":10},""upgrade"":{""cost"":0,""calculationbase"":""+5""}}"
PROTECTOR,파수꾼,Protector,necrobinder,Ancient,E1,body,2,hp,체력,positive_or_mixed,True,Deals additional damage equal to Osty's Max HP.,Deals additional damage equal to Osty's Max HP.,골골이의 최대 체력만큼 피해량이 증가합니다.,,"{""damage"":10,""block"":null,""hit_count"":null,""cards_draw"":null,""energy_gain"":null,""hp_loss"":null,""vars"":{""CalculationBase"":10,""ExtraDamage"":1,""CalculatedDamage"":10},""upgrade"":{""cost"":0,""calculationbase"":""+5""}}"
PROTECTOR,파수꾼,Protector,necrobinder,Ancient,E1,body,2,osty,오스티/소환,positive_or_mixed,True,Deals additional damage equal to Osty's Max HP.,Deals additional damage equal to Osty's Max HP.,골골이의 최대 체력만큼 피해량이 증가합니다.,,"{""damage"":10,""block"":null,""hit_count"":null,""cards_draw"":null,""energy_gain"":null,""hp_loss"":null,""vars"":{""CalculationBase"":10,""ExtraDamage"":1,""CalculatedDamage"":10},""upgrade"":{""cost"":0,""calculationbase"":""+5""}}"
PROTECTOR,파수꾼,Protector,necrobinder,Ancient,E1,body,2,scaling,가변/스케일링,positive_or_mixed,True,Deals additional damage equal to Osty's Max HP.,Deals additional damage equal to Osty's Max HP.,골골이의 최대 체력만큼 피해량이 증가합니다.,,"{""damage"":10,""block"":null,""hit_count"":null,""cards_draw"":null,""energy_gain"":null,""hp_loss"":null,""vars"":{""CalculationBase"":10,""ExtraDamage"":1,""CalculatedDamage"":10},""upgrade"":{""cost"":0,""calculationbase"":""+5""}}"
PROWESS,기량,Prowess,colorless,Uncommon,E1,body,1,buff,강화 효과,positive_or_mixed,False,Gain {n} Strength.,Gain 1 Strength.,힘을 1 얻습니다.,1,"{""damage"":null,""block"":null,""hit_count"":null,""cards_draw"":null,""energy_gain"":null,""hp_loss"":null,""vars"":{""StrengthPower"":1,""Strength"":1,""DexterityPower"":1,""Dexterity"":1},""upgrade"":{""dexterity"":""+1"",""strength"":""+1""}}"
PROWESS,기량,Prowess,colorless,Uncommon,E1,body,2,buff,강화 효과,positive_or_mixed,False,Gain {n} Dexterity.,Gain 1 Dexterity.,민첩을 1 얻습니다.,1,"{""damage"":null,""block"":null,""hit_count"":null,""cards_draw"":null,""energy_gain"":null,""hp_loss"":null,""vars"":{""StrengthPower"":1,""Strength"":1,""DexterityPower"":1,""Dexterity"":1},""upgrade"":{""dexterity"":""+1"",""strength"":""+1""}}"
PULL_AGGRO,시선 유도,Pull Aggro,necrobinder,Common,E2,body,1,osty,오스티/소환,positive_or_mixed,False,Summon {n}.,Summon 4.,소환 4.,4,"{""damage"":null,""block"":7,""hit_count"":null,""cards_draw"":null,""energy_gain"":null,""hp_loss"":null,""vars"":{""Summon"":4,""Block"":7},""upgrade"":{""block"":""+2"",""summon"":""+1""}}"
PULL_AGGRO,시선 유도,Pull Aggro,necrobinder,Common,E2,body,2,block,방어도,positive_or_mixed,False,Gain {n} Block.,Gain 7 Block.,방어도를 7 얻습니다.,7,"{""damage"":null,""block"":7,""hit_count"":null,""cards_draw"":null,""energy_gain"":null,""hp_loss"":null,""vars"":{""Summon"":4,""Block"":7},""upgrade"":{""block"":""+2"",""summon"":""+1""}}"
PULL_FROM_BELOW,끌어내리기,Pull from Below,necrobinder,Uncommon,E1,body,1,damage,피해,positive_or_mixed,True,Deal {n} damage for each Ethereal card played this combat.,Deal 5 damage for each Ethereal card played this combat.,이번 전투 동안 사용한 휘발성 카드 1장당 피해를 5 줍니다.,5,"{""damage"":5,""block"":null,""hit_count"":null,""cards_draw"":null,""energy_gain"":null,""hp_loss"":null,""vars"":{""Damage"":5,""CalculationBase"":0,""CalculationExtra"":1},""upgrade"":{""damage"":""+2""}}"
PULL_FROM_BELOW,끌어내리기,Pull from Below,necrobinder,Uncommon,E1,body,1,card_play,추가 사용/재사용,positive_or_mixed,True,Deal {n} damage for each Ethereal card played this combat.,Deal 5 damage for each Ethereal card played this combat.,이번 전투 동안 사용한 휘발성 카드 1장당 피해를 5 줍니다.,5,"{""damage"":5,""block"":null,""hit_count"":null,""cards_draw"":null,""energy_gain"":null,""hp_loss"":null,""vars"":{""Damage"":5,""CalculationBase"":0,""CalculationExtra"":1},""upgrade"":{""damage"":""+2""}}"
PULL_FROM_BELOW,끌어내리기,Pull from Below,necrobinder,Uncommon,E1,body,1,scaling,가변/스케일링,positive_or_mixed,True,Deal {n} damage for each Ethereal card played this combat.,Deal 5 damage for each Ethereal card played this combat.,이번 전투 동안 사용한 휘발성 카드 1장당 피해를 5 줍니다.,5,"{""damage"":5,""block"":null,""hit_count"":null,""cards_draw"":null,""energy_gain"":null,""hp_loss"":null,""vars"":{""Damage"":5,""CalculationBase"":0,""CalculationExtra"":1},""upgrade"":{""damage"":""+2""}}"
PURITY,순수,Purity,colorless,Uncommon,E0,body,1,exhaust,소멸시키기,positive_or_mixed,False,Exhaust up to {n} cards in your Hand.,Exhaust up to 3 cards in your Hand.,손에 있는 카드를 최대 3장까지 소멸시킵니다.,3,"{""damage"":null,""block"":null,""hit_count"":null,""cards_draw"":3,""energy_gain"":null,""hp_loss"":null,""vars"":{""Cards"":3},""upgrade"":{""cards"":""+2""}}"
PURITY,순수,Purity,colorless,Uncommon,E0,keyword,,keyword,카드 키워드,contextual,False,Keyword: Exhaust,Keyword: Exhaust,키워드: 소멸,,"{""damage"":null,""block"":null,""hit_count"":null,""cards_draw"":3,""energy_gain"":null,""hp_loss"":null,""vars"":{""Cards"":3},""upgrade"":{""cards"":""+2""}}"
PURITY,순수,Purity,colorless,Uncommon,E0,keyword,,keyword,카드 키워드,contextual,False,Keyword: Retain,Keyword: Retain,키워드: 보존,,"{""damage"":null,""block"":null,""hit_count"":null,""cards_draw"":3,""energy_gain"":null,""hp_loss"":null,""vars"":{""Cards"":3},""upgrade"":{""cards"":""+2""}}"
PUTREFY,부식,Putrefy,necrobinder,Uncommon,E1,body,1,debuff,약화 효과,positive_or_mixed,False,Apply {n} Weak.,Apply 2 Weak.,약화을 2 부여합니다.,2,"{""damage"":null,""block"":null,""hit_count"":null,""cards_draw"":null,""energy_gain"":null,""hp_loss"":null,""vars"":{""Power"":2},""upgrade"":{""power"":""+1""}}"
PUTREFY,부식,Putrefy,necrobinder,Uncommon,E1,body,2,debuff,약화 효과,positive_or_mixed,False,Apply {n} Vulnerable.,Apply 2 Vulnerable.,취약을 2 부여합니다.,2,"{""damage"":null,""block"":null,""hit_count"":null,""cards_draw"":null,""energy_gain"":null,""hp_loss"":null,""vars"":{""Power"":2},""upgrade"":{""power"":""+1""}}"
PUTREFY,부식,Putrefy,necrobinder,Uncommon,E1,keyword,,keyword,카드 키워드,contextual,False,Keyword: Exhaust,Keyword: Exhaust,키워드: 소멸,,"{""damage"":null,""block"":null,""hit_count"":null,""cards_draw"":null,""energy_gain"":null,""hp_loss"":null,""vars"":{""Power"":2},""upgrade"":{""power"":""+1""}}"
PYRE,불의 심장,Pyre,ironclad,Rare,E2,body,1,energy,에너지,positive_or_mixed,False,Gain {n} Energy at the start of each turn.,Gain 1 Energy at the start of each turn.,"매 턴 시작 시, 1 Energy를 얻습니다.",1,"{""damage"":null,""block"":null,""hit_count"":null,""cards_draw"":null,""energy_gain"":1,""hp_loss"":null,""vars"":{""Energy"":1},""upgrade"":{""energy"":""+1""}}"
QUADCAST,사중 시전,Quadcast,defect,Ancient,E1,body,1,orb,구체,positive_or_mixed,False,Evoke your rightmost Orb {n} times.,Evoke your rightmost Orb 4 times.,가장 오른쪽의 구체를 4번 발현합니다.,4,"{""damage"":null,""block"":null,""hit_count"":null,""cards_draw"":null,""energy_gain"":null,""hp_loss"":null,""vars"":{""Repeat"":4},""upgrade"":{""cost"":0}}"
QUASAR,준항성,Quasar,regent,Uncommon,E0+S2,body,1,card_create,카드 생성,positive_or_mixed,False,Choose {n} of {n} random Colorless cards to add into your Hand.,Choose 1 of 3 random Colorless cards to add into your Hand.,무작위 무색 카드 3장 중 1장을 선택해 손으로 가져옵니다.,1|3,"{""damage"":null,""block"":null,""hit_count"":null,""cards_draw"":null,""energy_gain"":null,""hp_loss"":null,""vars"":{""StarCost"":2},""upgrade"":{""description_changed"":1}}"
QUASAR,준항성,Quasar,regent,Uncommon,E0+S2,body,1,card_move,카드 이동/탐색,positive_or_mixed,False,Choose {n} of {n} random Colorless cards to add into your Hand.,Choose 1 of 3 random Colorless cards to add into your Hand.,무작위 무색 카드 3장 중 1장을 선택해 손으로 가져옵니다.,1|3,"{""damage"":null,""block"":null,""hit_count"":null,""cards_draw"":null,""energy_gain"":null,""hp_loss"":null,""vars"":{""StarCost"":2},""upgrade"":{""description_changed"":1}}"
RADIATE,방출,Radiate,regent,Uncommon,E0,body,1,damage,피해,positive_or_mixed,True,Deal {n} damage to ALL enemies for each {n} Stars gained this turn.,Deal 3 damage to ALL enemies for each 1 Stars gained this turn.,이번 턴에 얻은 1 Stars의 수만큼 모든 적에게 피해를 3 줍니다.,3|1,"{""damage"":3,""block"":null,""hit_count"":null,""cards_draw"":null,""energy_gain"":null,""hp_loss"":null,""vars"":{""Damage"":3,""Stars"":1,""CalculationBase"":0,""CalculationExtra"":1},""upgrade"":{""damage"":""+1""}}"
RADIATE,방출,Radiate,regent,Uncommon,E0,body,1,stars,별,positive_or_mixed,True,Deal {n} damage to ALL enemies for each {n} Stars gained this turn.,Deal 3 damage to ALL enemies for each 1 Stars gained this turn.,이번 턴에 얻은 1 Stars의 수만큼 모든 적에게 피해를 3 줍니다.,3|1,"{""damage"":3,""block"":null,""hit_count"":null,""cards_draw"":null,""energy_gain"":null,""hp_loss"":null,""vars"":{""Damage"":3,""Stars"":1,""CalculationBase"":0,""CalculationExtra"":1},""upgrade"":{""damage"":""+1""}}"
RADIATE,방출,Radiate,regent,Uncommon,E0,body,1,scaling,가변/스케일링,positive_or_mixed,True,Deal {n} damage to ALL enemies for each {n} Stars gained this turn.,Deal 3 damage to ALL enemies for each 1 Stars gained this turn.,이번 턴에 얻은 1 Stars의 수만큼 모든 적에게 피해를 3 줍니다.,3|1,"{""damage"":3,""block"":null,""hit_count"":null,""cards_draw"":null,""energy_gain"":null,""hp_loss"":null,""vars"":{""Damage"":3,""Stars"":1,""CalculationBase"":0,""CalculationExtra"":1},""upgrade"":{""damage"":""+1""}}"
RAGE,격노,Rage,ironclad,Uncommon,E0,body,1,block,방어도,positive_or_mixed,False,"Whenever you play an Attack this turn, gain {n} Block.","Whenever you play an Attack this turn, gain 3 Block.","이번 턴에 공격 카드를 사용할 때마다, 방어도를 3 얻습니다.",3,"{""damage"":null,""block"":null,""hit_count"":null,""cards_draw"":null,""energy_gain"":null,""hp_loss"":null,""vars"":{""Power"":3},""upgrade"":{""power"":""+2""}}"
RAGE,격노,Rage,ironclad,Uncommon,E0,body,1,card_play,추가 사용/재사용,positive_or_mixed,False,"Whenever you play an Attack this turn, gain {n} Block.","Whenever you play an Attack this turn, gain 3 Block.","이번 턴에 공격 카드를 사용할 때마다, 방어도를 3 얻습니다.",3,"{""damage"":null,""block"":null,""hit_count"":null,""cards_draw"":null,""energy_gain"":null,""hp_loss"":null,""vars"":{""Power"":3},""upgrade"":{""power"":""+2""}}"
RAGE,격노,Rage,ironclad,Uncommon,E0,body,1,trigger,지속/발동기,positive_or_mixed,False,"Whenever you play an Attack this turn, gain {n} Block.","Whenever you play an Attack this turn, gain 3 Block.","이번 턴에 공격 카드를 사용할 때마다, 방어도를 3 얻습니다.",3,"{""damage"":null,""block"":null,""hit_count"":null,""cards_draw"":null,""energy_gain"":null,""hp_loss"":null,""vars"":{""Power"":3},""upgrade"":{""power"":""+2""}}"
RAINBOW,무지개,Rainbow,defect,Rare,E2,body,1,orb,구체,positive_or_mixed,False,Channel {n} Lightning.,Channel 1 Lightning.,전기를 1번 영창합니다.,1,"{""damage"":null,""block"":null,""hit_count"":null,""cards_draw"":null,""energy_gain"":null,""hp_loss"":null,""vars"":null,""upgrade"":{""remove_exhaust"":1}}"
RAINBOW,무지개,Rainbow,defect,Rare,E2,body,2,orb,구체,positive_or_mixed,False,Channel {n} Frost.,Channel 1 Frost.,냉기를 1번 영창합니다.,1,"{""damage"":null,""block"":null,""hit_count"":null,""cards_draw"":null,""energy_gain"":null,""hp_loss"":null,""vars"":null,""upgrade"":{""remove_exhaust"":1}}"
RAINBOW,무지개,Rainbow,defect,Rare,E2,body,3,orb,구체,positive_or_mixed,False,Channel {n} Dark.,Channel 1 Dark.,암흑을 1번 영창합니다.,1,"{""damage"":null,""block"":null,""hit_count"":null,""cards_draw"":null,""energy_gain"":null,""hp_loss"":null,""vars"":null,""upgrade"":{""remove_exhaust"":1}}"
RAINBOW,무지개,Rainbow,defect,Rare,E2,keyword,,keyword,카드 키워드,contextual,False,Keyword: Exhaust,Keyword: Exhaust,키워드: 소멸,,"{""damage"":null,""block"":null,""hit_count"":null,""cards_draw"":null,""energy_gain"":null,""hp_loss"":null,""vars"":null,""upgrade"":{""remove_exhaust"":1}}"
RALLY,단결,Rally,colorless,Rare,E2,body,1,ally,협동,positive_or_mixed,False,ALL players gain {n} Block.,ALL players gain 12 Block.,모든 플레이어가 방어도를 12 얻습니다.,12,"{""damage"":null,""block"":12,""hit_count"":null,""cards_draw"":null,""energy_gain"":null,""hp_loss"":null,""vars"":{""Block"":12},""upgrade"":{""block"":""+5""}}"
RALLY,단결,Rally,colorless,Rare,E2,body,1,block,방어도,positive_or_mixed,False,ALL players gain {n} Block.,ALL players gain 12 Block.,모든 플레이어가 방어도를 12 얻습니다.,12,"{""damage"":null,""block"":12,""hit_count"":null,""cards_draw"":null,""energy_gain"":null,""hp_loss"":null,""vars"":{""Block"":12},""upgrade"":{""block"":""+5""}}"
RAMPAGE,광란,Rampage,ironclad,Uncommon,E1,body,1,damage,피해,positive_or_mixed,False,Deal {n} damage.,Deal 9 damage.,피해를 9 줍니다.,9,"{""damage"":9,""block"":null,""hit_count"":null,""cards_draw"":null,""energy_gain"":null,""hp_loss"":null,""vars"":{""Increase"":5,""Damage"":9},""upgrade"":{""increase"":""+4""}}"
RAMPAGE,광란,Rampage,ironclad,Uncommon,E1,body,2,damage,피해,positive_or_mixed,False,Increase this card's damage by {n} this combat.,Increase this card's damage by 5 this combat.,이번 전투 동안 이 카드의 피해량이 5 증가합니다.,5,"{""damage"":9,""block"":null,""hit_count"":null,""cards_draw"":null,""energy_gain"":null,""hp_loss"":null,""vars"":{""Increase"":5,""Damage"":9},""upgrade"":{""increase"":""+4""}}"
RATTLE,덜그럭대기,Rattle,necrobinder,Uncommon,E1,body,1,damage,피해,positive_or_mixed,False,Osty deals {n} damage.,Osty deals 7 damage.,골골이가 피해를 7 줍니다.,7,"{""damage"":7,""block"":null,""hit_count"":null,""cards_draw"":null,""energy_gain"":null,""hp_loss"":null,""vars"":{""OstyDamage"":7,""CalculationBase"":0,""CalculationExtra"":1,""Damage"":7},""upgrade"":{""ostydamage"":""+2""}}"
RATTLE,덜그럭대기,Rattle,necrobinder,Uncommon,E1,body,1,osty,오스티/소환,positive_or_mixed,False,Osty deals {n} damage.,Osty deals 7 damage.,골골이가 피해를 7 줍니다.,7,"{""damage"":7,""block"":null,""hit_count"":null,""cards_draw"":null,""energy_gain"":null,""hp_loss"":null,""vars"":{""OstyDamage"":7,""CalculationBase"":0,""CalculationExtra"":1,""Damage"":7},""upgrade"":{""ostydamage"":""+2""}}"
RATTLE,덜그럭대기,Rattle,necrobinder,Uncommon,E1,body,2,damage,피해,positive_or_mixed,True,Hits an additional time for each other time he has attacked this turn.,Hits an additional time for each other time he has attacked this turn.,이번 턴 동안 골골이가 공격한 횟수만큼 반복합니다.,,"{""damage"":7,""block"":null,""hit_count"":null,""cards_draw"":null,""energy_gain"":null,""hp_loss"":null,""vars"":{""OstyDamage"":7,""CalculationBase"":0,""CalculationExtra"":1,""Damage"":7},""upgrade"":{""ostydamage"":""+2""}}"
RATTLE,덜그럭대기,Rattle,necrobinder,Uncommon,E1,body,2,card_play,추가 사용/재사용,positive_or_mixed,True,Hits an additional time for each other time he has attacked this turn.,Hits an additional time for each other time he has attacked this turn.,이번 턴 동안 골골이가 공격한 횟수만큼 반복합니다.,,"{""damage"":7,""block"":null,""hit_count"":null,""cards_draw"":null,""energy_gain"":null,""hp_loss"":null,""vars"":{""OstyDamage"":7,""CalculationBase"":0,""CalculationExtra"":1,""Damage"":7},""upgrade"":{""ostydamage"":""+2""}}"
RATTLE,덜그럭대기,Rattle,necrobinder,Uncommon,E1,body,2,scaling,가변/스케일링,positive_or_mixed,True,Hits an additional time for each other time he has attacked this turn.,Hits an additional time for each other time he has attacked this turn.,이번 턴 동안 골골이가 공격한 횟수만큼 반복합니다.,,"{""damage"":7,""block"":null,""hit_count"":null,""cards_draw"":null,""energy_gain"":null,""hp_loss"":null,""vars"":{""OstyDamage"":7,""CalculationBase"":0,""CalculationExtra"":1,""Damage"":7},""upgrade"":{""ostydamage"":""+2""}}"
REANIMATE,소생,Reanimate,necrobinder,Rare,E3,body,1,osty,오스티/소환,positive_or_mixed,False,Summon {n}.,Summon 20.,소환 20.,20,"{""damage"":null,""block"":null,""hit_count"":null,""cards_draw"":null,""energy_gain"":null,""hp_loss"":null,""vars"":{""Summon"":20},""upgrade"":{""summon"":""+5""}}"
REANIMATE,소생,Reanimate,necrobinder,Rare,E3,keyword,,keyword,카드 키워드,contextual,False,Keyword: Exhaust,Keyword: Exhaust,키워드: 소멸,,"{""damage"":null,""block"":null,""hit_count"":null,""cards_draw"":null,""energy_gain"":null,""hp_loss"":null,""vars"":{""Summon"":20},""upgrade"":{""summon"":""+5""}}"
REAP,수확,Reap,necrobinder,Common,E3,body,1,damage,피해,positive_or_mixed,False,Deal {n} damage.,Deal 27 damage.,피해를 27 줍니다.,27,"{""damage"":27,""block"":null,""hit_count"":null,""cards_draw"":null,""energy_gain"":null,""hp_loss"":null,""vars"":{""Damage"":27},""upgrade"":{""damage"":""+6""}}"
REAP,수확,Reap,necrobinder,Common,E3,keyword,,keyword,카드 키워드,contextual,False,Keyword: Retain,Keyword: Retain,키워드: 보존,,"{""damage"":27,""block"":null,""hit_count"":null,""cards_draw"":null,""energy_gain"":null,""hp_loss"":null,""vars"":{""Damage"":27},""upgrade"":{""damage"":""+6""}}"
REAPER_FORM,사신의 형상,Reaper Form,necrobinder,Rare,E3,body,1,damage,피해,positive_or_mixed,True,"Whenever Attacks deal damage, apply that much Doom.","Whenever Attacks deal damage, apply that much Doom.","공격 카드로 피해를 줄 때마다, 그와 동일한 만큼의 종말을 부여합니다.",,"{""damage"":null,""block"":null,""hit_count"":null,""cards_draw"":null,""energy_gain"":null,""hp_loss"":null,""vars"":null,""upgrade"":{""add_retain"":1}}"
REAPER_FORM,사신의 형상,Reaper Form,necrobinder,Rare,E3,body,1,debuff,약화 효과,positive_or_mixed,True,"Whenever Attacks deal damage, apply that much Doom.","Whenever Attacks deal damage, apply that much Doom.","공격 카드로 피해를 줄 때마다, 그와 동일한 만큼의 종말을 부여합니다.",,"{""damage"":null,""block"":null,""hit_count"":null,""cards_draw"":null,""energy_gain"":null,""hp_loss"":null,""vars"":null,""upgrade"":{""add_retain"":1}}"
REAPER_FORM,사신의 형상,Reaper Form,necrobinder,Rare,E3,body,1,scaling,가변/스케일링,positive_or_mixed,True,"Whenever Attacks deal damage, apply that much Doom.","Whenever Attacks deal damage, apply that much Doom.","공격 카드로 피해를 줄 때마다, 그와 동일한 만큼의 종말을 부여합니다.",,"{""damage"":null,""block"":null,""hit_count"":null,""cards_draw"":null,""energy_gain"":null,""hp_loss"":null,""vars"":null,""upgrade"":{""add_retain"":1}}"
REAPER_FORM,사신의 형상,Reaper Form,necrobinder,Rare,E3,body,1,trigger,지속/발동기,positive_or_mixed,True,"Whenever Attacks deal damage, apply that much Doom.","Whenever Attacks deal damage, apply that much Doom.","공격 카드로 피해를 줄 때마다, 그와 동일한 만큼의 종말을 부여합니다.",,"{""damage"":null,""block"":null,""hit_count"":null,""cards_draw"":null,""energy_gain"":null,""hp_loss"":null,""vars"":null,""upgrade"":{""add_retain"":1}}"
REAVE,강탈,Reave,necrobinder,Common,E1,body,1,damage,피해,positive_or_mixed,False,Deal {n} damage.,Deal 9 damage.,피해를 9 줍니다.,9,"{""damage"":9,""block"":null,""hit_count"":null,""cards_draw"":1,""energy_gain"":null,""hp_loss"":null,""vars"":{""Damage"":9,""Cards"":1},""upgrade"":{""damage"":""+2""}}"
REAVE,강탈,Reave,necrobinder,Common,E1,body,2,draw,카드 뽑기,positive_or_mixed,False,Add a Soul into your Draw Pile.,Add a Soul into your Draw Pile.,뽑을 카드 더미에 영혼을 1장 추가합니다.,,"{""damage"":9,""block"":null,""hit_count"":null,""cards_draw"":1,""energy_gain"":null,""hp_loss"":null,""vars"":{""Damage"":9,""Cards"":1},""upgrade"":{""damage"":""+2""}}"
REAVE,강탈,Reave,necrobinder,Common,E1,body,2,card_create,카드 생성,positive_or_mixed,False,Add a Soul into your Draw Pile.,Add a Soul into your Draw Pile.,뽑을 카드 더미에 영혼을 1장 추가합니다.,,"{""damage"":9,""block"":null,""hit_count"":null,""cards_draw"":1,""energy_gain"":null,""hp_loss"":null,""vars"":{""Damage"":9,""Cards"":1},""upgrade"":{""damage"":""+2""}}"
REBOOT,다시 시작,Reboot,defect,Rare,E0,body,1,draw,카드 뽑기,positive_or_mixed,False,Shuffle ALL your cards into your Draw Pile.,Shuffle ALL your cards into your Draw Pile.,모든 카드를 뽑을 카드 더미에 섞어 넣습니다.,,"{""damage"":null,""block"":null,""hit_count"":null,""cards_draw"":4,""energy_gain"":null,""hp_loss"":null,""vars"":{""Cards"":4},""upgrade"":{""cards"":""+2""}}"
REBOOT,다시 시작,Reboot,defect,Rare,E0,body,1,card_move,카드 이동/탐색,positive_or_mixed,False,Shuffle ALL your cards into your Draw Pile.,Shuffle ALL your cards into your Draw Pile.,모든 카드를 뽑을 카드 더미에 섞어 넣습니다.,,"{""damage"":null,""block"":null,""hit_count"":null,""cards_draw"":4,""energy_gain"":null,""hp_loss"":null,""vars"":{""Cards"":4},""upgrade"":{""cards"":""+2""}}"
REBOOT,다시 시작,Reboot,defect,Rare,E0,body,2,draw,카드 뽑기,positive_or_mixed,False,Draw {n} cards.,Draw 4 cards.,카드를 4장 뽑습니다.,4,"{""damage"":null,""block"":null,""hit_count"":null,""cards_draw"":4,""energy_gain"":null,""hp_loss"":null,""vars"":{""Cards"":4},""upgrade"":{""cards"":""+2""}}"
REBOOT,다시 시작,Reboot,defect,Rare,E0,keyword,,keyword,카드 키워드,contextual,False,Keyword: Exhaust,Keyword: Exhaust,키워드: 소멸,,"{""damage"":null,""block"":null,""hit_count"":null,""cards_draw"":4,""energy_gain"":null,""hp_loss"":null,""vars"":{""Cards"":4},""upgrade"":{""cards"":""+2""}}"
REBOUND,되돌리기,Rebound,event,Event,E1,body,1,damage,피해,positive_or_mixed,False,Deal {n} damage.,Deal 9 damage.,피해를 9 줍니다.,9,"{""damage"":9,""block"":null,""hit_count"":null,""cards_draw"":null,""energy_gain"":null,""hp_loss"":null,""vars"":{""Damage"":9},""upgrade"":{""damage"":""+3""}}"
REBOUND,되돌리기,Rebound,event,Event,E1,body,2,draw,카드 뽑기,positive_or_mixed,False,Put the next card you play this turn on top of your Draw Pile.,Put the next card you play this turn on top of your Draw Pile.,이번 턴에 다음으로 사용하는 카드를 뽑을 카드 더미 맨 위에 놓습니다.,,"{""damage"":9,""block"":null,""hit_count"":null,""cards_draw"":null,""energy_gain"":null,""hp_loss"":null,""vars"":{""Damage"":9},""upgrade"":{""damage"":""+3""}}"
REBOUND,되돌리기,Rebound,event,Event,E1,body,2,card_move,카드 이동/탐색,positive_or_mixed,False,Put the next card you play this turn on top of your Draw Pile.,Put the next card you play this turn on top of your Draw Pile.,이번 턴에 다음으로 사용하는 카드를 뽑을 카드 더미 맨 위에 놓습니다.,,"{""damage"":9,""block"":null,""hit_count"":null,""cards_draw"":null,""energy_gain"":null,""hp_loss"":null,""vars"":{""Damage"":9},""upgrade"":{""damage"":""+3""}}"
REBOUND,되돌리기,Rebound,event,Event,E1,body,2,card_play,추가 사용/재사용,positive_or_mixed,False,Put the next card you play this turn on top of your Draw Pile.,Put the next card you play this turn on top of your Draw Pile.,이번 턴에 다음으로 사용하는 카드를 뽑을 카드 더미 맨 위에 놓습니다.,,"{""damage"":9,""block"":null,""hit_count"":null,""cards_draw"":null,""energy_gain"":null,""hp_loss"":null,""vars"":{""Damage"":9},""upgrade"":{""damage"":""+3""}}"
REFINE_BLADE,검날 개선,Refine Blade,regent,Common,E1,body,1,forge,제련,positive_or_mixed,False,Forge {n}.,Forge 9.,단조 9.,9,"{""damage"":null,""block"":null,""hit_count"":null,""cards_draw"":null,""energy_gain"":1,""hp_loss"":null,""vars"":{""Forge"":9,""Energy"":1},""upgrade"":{""forge"":""+4""}}"
REFINE_BLADE,검날 개선,Refine Blade,regent,Common,E1,body,2,energy,에너지,positive_or_mixed,False,"Next turn, gain {n} Energy.","Next turn, gain 1 Energy.","다음 턴에, 1 Energy를 얻습니다.",1,"{""damage"":null,""block"":null,""hit_count"":null,""cards_draw"":null,""energy_gain"":1,""hp_loss"":null,""vars"":{""Forge"":9,""Energy"":1},""upgrade"":{""forge"":""+4""}}"
REFINE_BLADE,검날 개선,Refine Blade,regent,Common,E1,body,2,trigger,지속/발동기,positive_or_mixed,False,"Next turn, gain {n} Energy.","Next turn, gain 1 Energy.","다음 턴에, 1 Energy를 얻습니다.",1,"{""damage"":null,""block"":null,""hit_count"":null,""cards_draw"":null,""energy_gain"":1,""hp_loss"":null,""vars"":{""Forge"":9,""Energy"":1},""upgrade"":{""forge"":""+4""}}"
REFLECT,반사,Reflect,regent,Uncommon,E1+S3,body,1,block,방어도,positive_or_mixed,False,Gain {n} Block.,Gain 15 Block.,방어도를 15 얻습니다.,15,"{""damage"":null,""block"":15,""hit_count"":null,""cards_draw"":null,""energy_gain"":null,""hp_loss"":null,""vars"":{""Block"":15,""StarCost"":3},""upgrade"":{""block"":""+5""}}"
REFLECT,반사,Reflect,regent,Uncommon,E1+S3,body,2,damage,피해,positive_or_mixed,False,Blocked attack damage is reflected to your attacker this turn.,Blocked attack damage is reflected to your attacker this turn.,이번 턴에 막은 공격 피해는 공격한 적에게 반사됩니다.,,"{""damage"":null,""block"":15,""hit_count"":null,""cards_draw"":null,""energy_gain"":null,""hp_loss"":null,""vars"":{""Block"":15,""StarCost"":3},""upgrade"":{""block"":""+5""}}"
REFLEX,반사신경,Reflex,silent,Uncommon,E3,body,1,draw,카드 뽑기,positive_or_mixed,False,Draw {n} cards.,Draw 2 cards.,카드를 2장 뽑습니다.,2,"{""damage"":null,""block"":null,""hit_count"":null,""cards_draw"":2,""energy_gain"":null,""hp_loss"":null,""vars"":{""Cards"":2},""upgrade"":{""cards"":""+1""}}"
REFLEX,반사신경,Reflex,silent,Uncommon,E3,keyword,,keyword,카드 키워드,contextual,False,Keyword: Sly,Keyword: Sly,키워드: 교활,,"{""damage"":null,""block"":null,""hit_count"":null,""cards_draw"":2,""energy_gain"":null,""hp_loss"":null,""vars"":{""Cards"":2},""upgrade"":{""cards"":""+1""}}"
REFRACT,굴절,Refract,defect,Uncommon,E3,body,1,damage,피해,positive_or_mixed,False,Deal {n} damage twice.,Deal 9 damage twice.,피해를 9만큼 2번 줍니다.,9,"{""damage"":9,""block"":null,""hit_count"":2,""cards_draw"":null,""energy_gain"":null,""hp_loss"":null,""vars"":{""Repeat"":2,""Damage"":9},""upgrade"":{""damage"":""+3""}}"
REFRACT,굴절,Refract,defect,Uncommon,E3,body,2,orb,구체,positive_or_mixed,False,Channel {n} Glass.,Channel 2 Glass.,유리를 2번 영창합니다.,2,"{""damage"":9,""block"":null,""hit_count"":2,""cards_draw"":null,""energy_gain"":null,""hp_loss"":null,""vars"":{""Repeat"":2,""Damage"":9},""upgrade"":{""damage"":""+3""}}"
REGRET,후회,Regret,curse,Curse,E-1,body,1,hp,체력,negative_or_cost,True,"At the end of your turn, if this is in your Hand, lose {n} HP for each card in your Hand.","At the end of your turn, if this is in your Hand, lose 1 HP for each card in your Hand.","내 턴 종료 시 이 카드가 손에 있다면, 손에 있는 카드 1장당 체력을 1 잃습니다.",1,"{""damage"":null,""block"":null,""hit_count"":null,""cards_draw"":null,""energy_gain"":null,""hp_loss"":null,""vars"":null,""upgrade"":null}"
REGRET,후회,Regret,curse,Curse,E-1,body,1,scaling,가변/스케일링,negative_or_cost,True,"At the end of your turn, if this is in your Hand, lose {n} HP for each card in your Hand.","At the end of your turn, if this is in your Hand, lose 1 HP for each card in your Hand.","내 턴 종료 시 이 카드가 손에 있다면, 손에 있는 카드 1장당 체력을 1 잃습니다.",1,"{""damage"":null,""block"":null,""hit_count"":null,""cards_draw"":null,""energy_gain"":null,""hp_loss"":null,""vars"":null,""upgrade"":null}"
REGRET,후회,Regret,curse,Curse,E-1,body,1,trigger,지속/발동기,negative_or_cost,True,"At the end of your turn, if this is in your Hand, lose {n} HP for each card in your Hand.","At the end of your turn, if this is in your Hand, lose 1 HP for each card in your Hand.","내 턴 종료 시 이 카드가 손에 있다면, 손에 있는 카드 1장당 체력을 1 잃습니다.",1,"{""damage"":null,""block"":null,""hit_count"":null,""cards_draw"":null,""energy_gain"":null,""hp_loss"":null,""vars"":null,""upgrade"":null}"
REGRET,후회,Regret,curse,Curse,E-1,keyword,,keyword,카드 키워드,contextual,False,Keyword: Unplayable,Keyword: Unplayable,키워드: 사용불가,,"{""damage"":null,""block"":null,""hit_count"":null,""cards_draw"":null,""energy_gain"":null,""hp_loss"":null,""vars"":null,""upgrade"":null}"
RELAX,안식,Relax,event,Ancient,E3,body,1,block,방어도,positive_or_mixed,False,Gain {n} Block.,Gain 15 Block.,방어도를 15 얻습니다.,15,"{""damage"":null,""block"":15,""hit_count"":null,""cards_draw"":2,""energy_gain"":2,""hp_loss"":null,""vars"":{""Block"":15,""Cards"":2,""Energy"":2},""upgrade"":{""block"":""+2"",""cards"":""+1"",""energy"":""+1""}}"
RELAX,안식,Relax,event,Ancient,E3,body,2,draw,카드 뽑기,positive_or_mixed,False,"Next turn, draw {n} cards and gain {n} Energy.","Next turn, draw 2 cards and gain 2 Energy.","다음 턴에, 카드를 2장 뽑고 2 Energy를 얻습니다.",2|2,"{""damage"":null,""block"":15,""hit_count"":null,""cards_draw"":2,""energy_gain"":2,""hp_loss"":null,""vars"":{""Block"":15,""Cards"":2,""Energy"":2},""upgrade"":{""block"":""+2"",""cards"":""+1"",""energy"":""+1""}}"
RELAX,안식,Relax,event,Ancient,E3,body,2,energy,에너지,positive_or_mixed,False,"Next turn, draw {n} cards and gain {n} Energy.","Next turn, draw 2 cards and gain 2 Energy.","다음 턴에, 카드를 2장 뽑고 2 Energy를 얻습니다.",2|2,"{""damage"":null,""block"":15,""hit_count"":null,""cards_draw"":2,""energy_gain"":2,""hp_loss"":null,""vars"":{""Block"":15,""Cards"":2,""Energy"":2},""upgrade"":{""block"":""+2"",""cards"":""+1"",""energy"":""+1""}}"
RELAX,안식,Relax,event,Ancient,E3,body,2,trigger,지속/발동기,positive_or_mixed,False,"Next turn, draw {n} cards and gain {n} Energy.","Next turn, draw 2 cards and gain 2 Energy.","다음 턴에, 카드를 2장 뽑고 2 Energy를 얻습니다.",2|2,"{""damage"":null,""block"":15,""hit_count"":null,""cards_draw"":2,""energy_gain"":2,""hp_loss"":null,""vars"":{""Block"":15,""Cards"":2,""Energy"":2},""upgrade"":{""block"":""+2"",""cards"":""+1"",""energy"":""+1""}}"
RELAX,안식,Relax,event,Ancient,E3,keyword,,keyword,카드 키워드,contextual,False,Keyword: Exhaust,Keyword: Exhaust,키워드: 소멸,,"{""damage"":null,""block"":15,""hit_count"":null,""cards_draw"":2,""energy_gain"":2,""hp_loss"":null,""vars"":{""Block"":15,""Cards"":2,""Energy"":2},""upgrade"":{""block"":""+2"",""cards"":""+1"",""energy"":""+1""}}"
REND,쥐어뜯기,Rend,colorless,Rare,E2,body,1,damage,피해,positive_or_mixed,False,Deal {n} damage.,Deal 15 damage.,피해를 15 줍니다.,15,"{""damage"":15,""block"":null,""hit_count"":null,""cards_draw"":null,""energy_gain"":null,""hp_loss"":null,""vars"":{""CalculationBase"":15,""ExtraDamage"":5,""CalculatedDamage"":15},""upgrade"":{""extradamage"":""+3"",""calculationbase"":""+3""}}"
REND,쥐어뜯기,Rend,colorless,Rare,E2,body,2,damage,피해,positive_or_mixed,True,Deals {n} additional damage for each unique debuff on the enemy.,Deals 5 additional damage for each unique debuff on the enemy.,적이 보유한 해로운 효과의 종류 하나당 피해량이 5 증가합니다.,5,"{""damage"":15,""block"":null,""hit_count"":null,""cards_draw"":null,""energy_gain"":null,""hp_loss"":null,""vars"":{""CalculationBase"":15,""ExtraDamage"":5,""CalculatedDamage"":15},""upgrade"":{""extradamage"":""+3"",""calculationbase"":""+3""}}"
REND,쥐어뜯기,Rend,colorless,Rare,E2,body,2,scaling,가변/스케일링,positive_or_mixed,True,Deals {n} additional damage for each unique debuff on the enemy.,Deals 5 additional damage for each unique debuff on the enemy.,적이 보유한 해로운 효과의 종류 하나당 피해량이 5 증가합니다.,5,"{""damage"":15,""block"":null,""hit_count"":null,""cards_draw"":null,""energy_gain"":null,""hp_loss"":null,""vars"":{""CalculationBase"":15,""ExtraDamage"":5,""CalculatedDamage"":15},""upgrade"":{""extradamage"":""+3"",""calculationbase"":""+3""}}"
RESONANCE,공진,Resonance,regent,Uncommon,E1+S3,body,1,buff,강화 효과,positive_or_mixed,False,Gain {n} Strength.,Gain 1 Strength.,힘을 1 얻습니다.,1,"{""damage"":null,""block"":null,""hit_count"":null,""cards_draw"":null,""energy_gain"":null,""hp_loss"":null,""vars"":{""StrengthPower"":1,""Strength"":1,""StarCost"":3},""upgrade"":{""strengthpower"":""+1""}}"
RESONANCE,공진,Resonance,regent,Uncommon,E1+S3,body,2,buff,강화 효과,negative_or_cost,False,ALL enemies lose {n} Strength.,ALL enemies lose 1 Strength.,모든 적이 힘을 1 잃습니다.,1,"{""damage"":null,""block"":null,""hit_count"":null,""cards_draw"":null,""energy_gain"":null,""hp_loss"":null,""vars"":{""StrengthPower"":1,""Strength"":1,""StarCost"":3},""upgrade"":{""strengthpower"":""+1""}}"
RESTLESSNESS,초조함,Restlessness,colorless,Uncommon,E0,body,1,draw,카드 뽑기,positive_or_mixed,False,"If your Hand is empty, draw {n} cards and gain {n} Energy.","If your Hand is empty, draw 2 cards and gain 2 Energy.","손에 카드가 없다면, 카드를 2장 뽑고 2 Energy를 얻습니다.",2|2,"{""damage"":null,""block"":null,""hit_count"":null,""cards_draw"":2,""energy_gain"":2,""hp_loss"":null,""vars"":{""Cards"":2,""Energy"":2},""upgrade"":{""cards"":""+1"",""energy"":""+1""}}"
RESTLESSNESS,초조함,Restlessness,colorless,Uncommon,E0,body,1,energy,에너지,positive_or_mixed,False,"If your Hand is empty, draw {n} cards and gain {n} Energy.","If your Hand is empty, draw 2 cards and gain 2 Energy.","손에 카드가 없다면, 카드를 2장 뽑고 2 Energy를 얻습니다.",2|2,"{""damage"":null,""block"":null,""hit_count"":null,""cards_draw"":2,""energy_gain"":2,""hp_loss"":null,""vars"":{""Cards"":2,""Energy"":2},""upgrade"":{""cards"":""+1"",""energy"":""+1""}}"
RESTLESSNESS,초조함,Restlessness,colorless,Uncommon,E0,body,1,trigger,지속/발동기,positive_or_mixed,False,"If your Hand is empty, draw {n} cards and gain {n} Energy.","If your Hand is empty, draw 2 cards and gain 2 Energy.","손에 카드가 없다면, 카드를 2장 뽑고 2 Energy를 얻습니다.",2|2,"{""damage"":null,""block"":null,""hit_count"":null,""cards_draw"":2,""energy_gain"":2,""hp_loss"":null,""vars"":{""Cards"":2,""Energy"":2},""upgrade"":{""cards"":""+1"",""energy"":""+1""}}"
RESTLESSNESS,초조함,Restlessness,colorless,Uncommon,E0,keyword,,keyword,카드 키워드,contextual,False,Keyword: Retain,Keyword: Retain,키워드: 보존,,"{""damage"":null,""block"":null,""hit_count"":null,""cards_draw"":2,""energy_gain"":2,""hp_loss"":null,""vars"":{""Cards"":2,""Energy"":2},""upgrade"":{""cards"":""+1"",""energy"":""+1""}}"
RICOCHET,도탄,Ricochet,silent,Common,E2,body,1,damage,피해,positive_or_mixed,False,Deal {n} damage to a random enemy {n} times.,Deal 3 damage to a random enemy 4 times.,무작위 적에게 피해를 3만큼 4번 줍니다.,3|4,"{""damage"":3,""block"":null,""hit_count"":4,""cards_draw"":null,""energy_gain"":null,""hp_loss"":null,""vars"":{""Damage"":3,""Repeat"":4},""upgrade"":{""repeat"":""+1""}}"
RICOCHET,도탄,Ricochet,silent,Common,E2,keyword,,keyword,카드 키워드,contextual,False,Keyword: Sly,Keyword: Sly,키워드: 교활,,"{""damage"":3,""block"":null,""hit_count"":4,""cards_draw"":null,""energy_gain"":null,""hp_loss"":null,""vars"":{""Damage"":3,""Repeat"":4},""upgrade"":{""repeat"":""+1""}}"
RIGHT_HAND_HAND,진정한 오른팔,Right Hand Hand,necrobinder,Uncommon,E0,body,1,damage,피해,positive_or_mixed,False,Osty deals {n} damage.,Osty deals 4 damage.,골골이가 피해를 4 줍니다.,4,"{""damage"":4,""block"":null,""hit_count"":null,""cards_draw"":null,""energy_gain"":2,""hp_loss"":null,""vars"":{""OstyDamage"":4,""Energy"":2,""Damage"":4},""upgrade"":{""ostydamage"":""+2""}}"
RIGHT_HAND_HAND,진정한 오른팔,Right Hand Hand,necrobinder,Uncommon,E0,body,1,osty,오스티/소환,positive_or_mixed,False,Osty deals {n} damage.,Osty deals 4 damage.,골골이가 피해를 4 줍니다.,4,"{""damage"":4,""block"":null,""hit_count"":null,""cards_draw"":null,""energy_gain"":2,""hp_loss"":null,""vars"":{""OstyDamage"":4,""Energy"":2,""Damage"":4},""upgrade"":{""ostydamage"":""+2""}}"
RIGHT_HAND_HAND,진정한 오른팔,Right Hand Hand,necrobinder,Uncommon,E0,body,2,discard,버리기,positive_or_mixed,False,"Whenever you play a card that costs {n} Energy or more, return this to your Hand from the Discard Pile.","Whenever you play a card that costs 2 Energy or more, return this to your Hand from the Discard Pile.","비용이 2 Energy 이상인 카드를 사용할 때마다, 이 카드를 버린 카드 더미에서 다시 손으로 가져옵니다.",2,"{""damage"":4,""block"":null,""hit_count"":null,""cards_draw"":null,""energy_gain"":2,""hp_loss"":null,""vars"":{""OstyDamage"":4,""Energy"":2,""Damage"":4},""upgrade"":{""ostydamage"":""+2""}}"
RIGHT_HAND_HAND,진정한 오른팔,Right Hand Hand,necrobinder,Uncommon,E0,body,2,card_cost,비용 변화,positive_or_mixed,False,"Whenever you play a card that costs {n} Energy or more, return this to your Hand from the Discard Pile.","Whenever you play a card that costs 2 Energy or more, return this to your Hand from the Discard Pile.","비용이 2 Energy 이상인 카드를 사용할 때마다, 이 카드를 버린 카드 더미에서 다시 손으로 가져옵니다.",2,"{""damage"":4,""block"":null,""hit_count"":null,""cards_draw"":null,""energy_gain"":2,""hp_loss"":null,""vars"":{""OstyDamage"":4,""Energy"":2,""Damage"":4},""upgrade"":{""ostydamage"":""+2""}}"
RIGHT_HAND_HAND,진정한 오른팔,Right Hand Hand,necrobinder,Uncommon,E0,body,2,card_move,카드 이동/탐색,positive_or_mixed,False,"Whenever you play a card that costs {n} Energy or more, return this to your Hand from the Discard Pile.","Whenever you play a card that costs 2 Energy or more, return this to your Hand from the Discard Pile.","비용이 2 Energy 이상인 카드를 사용할 때마다, 이 카드를 버린 카드 더미에서 다시 손으로 가져옵니다.",2,"{""damage"":4,""block"":null,""hit_count"":null,""cards_draw"":null,""energy_gain"":2,""hp_loss"":null,""vars"":{""OstyDamage"":4,""Energy"":2,""Damage"":4},""upgrade"":{""ostydamage"":""+2""}}"
RIGHT_HAND_HAND,진정한 오른팔,Right Hand Hand,necrobinder,Uncommon,E0,body,2,card_play,추가 사용/재사용,positive_or_mixed,False,"Whenever you play a card that costs {n} Energy or more, return this to your Hand from the Discard Pile.","Whenever you play a card that costs 2 Energy or more, return this to your Hand from the Discard Pile.","비용이 2 Energy 이상인 카드를 사용할 때마다, 이 카드를 버린 카드 더미에서 다시 손으로 가져옵니다.",2,"{""damage"":4,""block"":null,""hit_count"":null,""cards_draw"":null,""energy_gain"":2,""hp_loss"":null,""vars"":{""OstyDamage"":4,""Energy"":2,""Damage"":4},""upgrade"":{""ostydamage"":""+2""}}"
RIGHT_HAND_HAND,진정한 오른팔,Right Hand Hand,necrobinder,Uncommon,E0,body,2,energy,에너지,positive_or_mixed,False,"Whenever you play a card that costs {n} Energy or more, return this to your Hand from the Discard Pile.","Whenever you play a card that costs 2 Energy or more, return this to your Hand from the Discard Pile.","비용이 2 Energy 이상인 카드를 사용할 때마다, 이 카드를 버린 카드 더미에서 다시 손으로 가져옵니다.",2,"{""damage"":4,""block"":null,""hit_count"":null,""cards_draw"":null,""energy_gain"":2,""hp_loss"":null,""vars"":{""OstyDamage"":4,""Energy"":2,""Damage"":4},""upgrade"":{""ostydamage"":""+2""}}"
RIGHT_HAND_HAND,진정한 오른팔,Right Hand Hand,necrobinder,Uncommon,E0,body,2,trigger,지속/발동기,positive_or_mixed,False,"Whenever you play a card that costs {n} Energy or more, return this to your Hand from the Discard Pile.","Whenever you play a card that costs 2 Energy or more, return this to your Hand from the Discard Pile.","비용이 2 Energy 이상인 카드를 사용할 때마다, 이 카드를 버린 카드 더미에서 다시 손으로 가져옵니다.",2,"{""damage"":4,""block"":null,""hit_count"":null,""cards_draw"":null,""energy_gain"":2,""hp_loss"":null,""vars"":{""OstyDamage"":4,""Energy"":2,""Damage"":4},""upgrade"":{""ostydamage"":""+2""}}"
RIP_AND_TEAR,날뛰기,Rip and Tear,event,Event,E1,body,1,damage,피해,positive_or_mixed,False,Deal {n} damage to a random enemy twice.,Deal 7 damage to a random enemy twice.,무작위 적에게 피해를 7만큼 2번 줍니다.,7,"{""damage"":7,""block"":null,""hit_count"":2,""cards_draw"":null,""energy_gain"":null,""hp_loss"":null,""vars"":{""Damage"":7},""upgrade"":{""damage"":""+2""}}"
ROCKET_PUNCH,로켓 펀치,Rocket Punch,defect,Uncommon,E2,body,1,damage,피해,positive_or_mixed,False,Deal {n} damage.,Deal 13 damage.,피해를 13 줍니다.,13,"{""damage"":13,""block"":null,""hit_count"":null,""cards_draw"":1,""energy_gain"":null,""hp_loss"":null,""vars"":{""Damage"":13,""Cards"":1},""upgrade"":{""damage"":""+1"",""cards"":""+1""}}"
ROCKET_PUNCH,로켓 펀치,Rocket Punch,defect,Uncommon,E2,body,2,draw,카드 뽑기,positive_or_mixed,False,Draw {n} card.,Draw 1 card.,카드를 1장 뽑습니다.,1,"{""damage"":13,""block"":null,""hit_count"":null,""cards_draw"":1,""energy_gain"":null,""hp_loss"":null,""vars"":{""Damage"":13,""Cards"":1},""upgrade"":{""damage"":""+1"",""cards"":""+1""}}"
ROCKET_PUNCH,로켓 펀치,Rocket Punch,defect,Uncommon,E2,body,3,card_cost,비용 변화,positive_or_mixed,False,"Whenever you create a Status, reduce this card's cost to {n} Energy until played.","Whenever you create a Status, reduce this card's cost to 0 Energy until played.","상태이상 카드를 생성 시, 이 카드의 비용이 사용하기 전까지 0 Energy으로 감소합니다.",0,"{""damage"":13,""block"":null,""hit_count"":null,""cards_draw"":1,""energy_gain"":null,""hp_loss"":null,""vars"":{""Damage"":13,""Cards"":1},""upgrade"":{""damage"":""+1"",""cards"":""+1""}}"
ROCKET_PUNCH,로켓 펀치,Rocket Punch,defect,Uncommon,E2,body,3,card_create,카드 생성,positive_or_mixed,False,"Whenever you create a Status, reduce this card's cost to {n} Energy until played.","Whenever you create a Status, reduce this card's cost to 0 Energy until played.","상태이상 카드를 생성 시, 이 카드의 비용이 사용하기 전까지 0 Energy으로 감소합니다.",0,"{""damage"":13,""block"":null,""hit_count"":null,""cards_draw"":1,""energy_gain"":null,""hp_loss"":null,""vars"":{""Damage"":13,""Cards"":1},""upgrade"":{""damage"":""+1"",""cards"":""+1""}}"
ROCKET_PUNCH,로켓 펀치,Rocket Punch,defect,Uncommon,E2,body,3,card_play,추가 사용/재사용,positive_or_mixed,False,"Whenever you create a Status, reduce this card's cost to {n} Energy until played.","Whenever you create a Status, reduce this card's cost to 0 Energy until played.","상태이상 카드를 생성 시, 이 카드의 비용이 사용하기 전까지 0 Energy으로 감소합니다.",0,"{""damage"":13,""block"":null,""hit_count"":null,""cards_draw"":1,""energy_gain"":null,""hp_loss"":null,""vars"":{""Damage"":13,""Cards"":1},""upgrade"":{""damage"":""+1"",""cards"":""+1""}}"
ROCKET_PUNCH,로켓 펀치,Rocket Punch,defect,Uncommon,E2,body,3,energy,에너지,positive_or_mixed,False,"Whenever you create a Status, reduce this card's cost to {n} Energy until played.","Whenever you create a Status, reduce this card's cost to 0 Energy until played.","상태이상 카드를 생성 시, 이 카드의 비용이 사용하기 전까지 0 Energy으로 감소합니다.",0,"{""damage"":13,""block"":null,""hit_count"":null,""cards_draw"":1,""energy_gain"":null,""hp_loss"":null,""vars"":{""Damage"":13,""Cards"":1},""upgrade"":{""damage"":""+1"",""cards"":""+1""}}"
ROCKET_PUNCH,로켓 펀치,Rocket Punch,defect,Uncommon,E2,body,3,trigger,지속/발동기,positive_or_mixed,False,"Whenever you create a Status, reduce this card's cost to {n} Energy until played.","Whenever you create a Status, reduce this card's cost to 0 Energy until played.","상태이상 카드를 생성 시, 이 카드의 비용이 사용하기 전까지 0 Energy으로 감소합니다.",0,"{""damage"":13,""block"":null,""hit_count"":null,""cards_draw"":1,""energy_gain"":null,""hp_loss"":null,""vars"":{""Damage"":13,""Cards"":1},""upgrade"":{""damage"":""+1"",""cards"":""+1""}}"
ROCKET_PUNCH,로켓 펀치,Rocket Punch,defect,Uncommon,E2,body,3,status_penalty,상태/저주 페널티,positive_or_mixed,False,"Whenever you create a Status, reduce this card's cost to {n} Energy until played.","Whenever you create a Status, reduce this card's cost to 0 Energy until played.","상태이상 카드를 생성 시, 이 카드의 비용이 사용하기 전까지 0 Energy으로 감소합니다.",0,"{""damage"":13,""block"":null,""hit_count"":null,""cards_draw"":1,""energy_gain"":null,""hp_loss"":null,""vars"":{""Damage"":13,""Cards"":1},""upgrade"":{""damage"":""+1"",""cards"":""+1""}}"
ROLLING_BOULDER,굴러가는 바위,Rolling Boulder,colorless,Rare,E3,body,1,damage,피해,positive_or_mixed,False,"At the start of your turn, deal {n} damage to ALL enemies and increase this damage by {n}.","At the start of your turn, deal 5 damage to ALL enemies and increase this damage by 5.","내 턴 시작 시, 모든 적에게 피해를 5 주고 이 효과의 피해량이 5 증가합니다.",5|5,"{""damage"":null,""block"":null,""hit_count"":null,""cards_draw"":null,""energy_gain"":null,""hp_loss"":null,""vars"":{""IncrementAmount"":5,""RollingBoulderPower"":5,""RollingBoulder"":5},""upgrade"":{""rollingboulderpower"":""+5""}}"
ROLLING_BOULDER,굴러가는 바위,Rolling Boulder,colorless,Rare,E3,body,1,trigger,지속/발동기,positive_or_mixed,False,"At the start of your turn, deal {n} damage to ALL enemies and increase this damage by {n}.","At the start of your turn, deal 5 damage to ALL enemies and increase this damage by 5.","내 턴 시작 시, 모든 적에게 피해를 5 주고 이 효과의 피해량이 5 증가합니다.",5|5,"{""damage"":null,""block"":null,""hit_count"":null,""cards_draw"":null,""energy_gain"":null,""hp_loss"":null,""vars"":{""IncrementAmount"":5,""RollingBoulderPower"":5,""RollingBoulder"":5},""upgrade"":{""rollingboulderpower"":""+5""}}"
ROYALTIES,로열티,Royalties,regent,Rare,E1,body,1,reward_meta,전투 외/보상,positive_or_mixed,False,"At the end of combat, gain {n} Gold.","At the end of combat, gain 30 Gold.","전투 종료 시, 골드를 30 얻습니다.",30,"{""damage"":null,""block"":null,""hit_count"":null,""cards_draw"":null,""energy_gain"":null,""hp_loss"":null,""vars"":{""Gold"":30},""upgrade"":{""gold"":""+10""}}"
ROYALTIES,로열티,Royalties,regent,Rare,E1,body,1,trigger,지속/발동기,positive_or_mixed,False,"At the end of combat, gain {n} Gold.","At the end of combat, gain 30 Gold.","전투 종료 시, 골드를 30 얻습니다.",30,"{""damage"":null,""block"":null,""hit_count"":null,""cards_draw"":null,""energy_gain"":null,""hp_loss"":null,""vars"":{""Gold"":30},""upgrade"":{""gold"":""+10""}}"
ROYAL_GAMBLE,성대한 도박,Royal Gamble,regent,Uncommon,E0+S5,body,1,stars,별,positive_or_mixed,False,Gain {n} Stars.,Gain 9 Stars.,1 Stars을 9 얻습니다.,9,"{""damage"":null,""block"":null,""hit_count"":null,""cards_draw"":null,""energy_gain"":null,""hp_loss"":null,""vars"":{""Stars"":9,""StarCost"":5},""upgrade"":{""add_retain"":1}}"
ROYAL_GAMBLE,성대한 도박,Royal Gamble,regent,Uncommon,E0+S5,keyword,,keyword,카드 키워드,contextual,False,Keyword: Exhaust,Keyword: Exhaust,키워드: 소멸,,"{""damage"":null,""block"":null,""hit_count"":null,""cards_draw"":null,""energy_gain"":null,""hp_loss"":null,""vars"":{""Stars"":9,""StarCost"":5},""upgrade"":{""add_retain"":1}}"
RUPTURE,파열,Rupture,ironclad,Uncommon,E1,body,1,hp,체력,negative_or_cost,False,"Whenever you lose HP on your turn, gain {n} Strength.","Whenever you lose HP on your turn, gain 1 Strength.","내 턴 동안 체력을 잃을 때마다, 힘을 1 얻습니다.",1,"{""damage"":null,""block"":null,""hit_count"":null,""cards_draw"":null,""energy_gain"":null,""hp_loss"":null,""vars"":{""StrengthPower"":1,""Strength"":1},""upgrade"":{""strength"":""+1""}}"
RUPTURE,파열,Rupture,ironclad,Uncommon,E1,body,1,buff,강화 효과,negative_or_cost,False,"Whenever you lose HP on your turn, gain {n} Strength.","Whenever you lose HP on your turn, gain 1 Strength.","내 턴 동안 체력을 잃을 때마다, 힘을 1 얻습니다.",1,"{""damage"":null,""block"":null,""hit_count"":null,""cards_draw"":null,""energy_gain"":null,""hp_loss"":null,""vars"":{""StrengthPower"":1,""Strength"":1},""upgrade"":{""strength"":""+1""}}"
RUPTURE,파열,Rupture,ironclad,Uncommon,E1,body,1,trigger,지속/발동기,negative_or_cost,False,"Whenever you lose HP on your turn, gain {n} Strength.","Whenever you lose HP on your turn, gain 1 Strength.","내 턴 동안 체력을 잃을 때마다, 힘을 1 얻습니다.",1,"{""damage"":null,""block"":null,""hit_count"":null,""cards_draw"":null,""energy_gain"":null,""hp_loss"":null,""vars"":{""StrengthPower"":1,""Strength"":1},""upgrade"":{""strength"":""+1""}}"
SACRIFICE,희생,Sacrifice,necrobinder,Rare,E1,body,1,block,방어도,positive_or_mixed,True,"If Osty is alive, he dies and you gain Block equal to double his Max HP.","If Osty is alive, he dies and you gain Block equal to double his Max HP.","골골이가 살아있다면, 골골이가 죽고 골골이의 최대 체력의 2배만큼의 방어도를 얻습니다.",,"{""damage"":0,""block"":null,""hit_count"":null,""cards_draw"":null,""energy_gain"":null,""hp_loss"":null,""vars"":{""CalculationBase"":0,""CalculationExtra"":1},""upgrade"":{""cost"":0}}"
SACRIFICE,희생,Sacrifice,necrobinder,Rare,E1,body,1,hp,체력,positive_or_mixed,True,"If Osty is alive, he dies and you gain Block equal to double his Max HP.","If Osty is alive, he dies and you gain Block equal to double his Max HP.","골골이가 살아있다면, 골골이가 죽고 골골이의 최대 체력의 2배만큼의 방어도를 얻습니다.",,"{""damage"":0,""block"":null,""hit_count"":null,""cards_draw"":null,""energy_gain"":null,""hp_loss"":null,""vars"":{""CalculationBase"":0,""CalculationExtra"":1},""upgrade"":{""cost"":0}}"
SACRIFICE,희생,Sacrifice,necrobinder,Rare,E1,body,1,osty,오스티/소환,positive_or_mixed,True,"If Osty is alive, he dies and you gain Block equal to double his Max HP.","If Osty is alive, he dies and you gain Block equal to double his Max HP.","골골이가 살아있다면, 골골이가 죽고 골골이의 최대 체력의 2배만큼의 방어도를 얻습니다.",,"{""damage"":0,""block"":null,""hit_count"":null,""cards_draw"":null,""energy_gain"":null,""hp_loss"":null,""vars"":{""CalculationBase"":0,""CalculationExtra"":1},""upgrade"":{""cost"":0}}"
SACRIFICE,희생,Sacrifice,necrobinder,Rare,E1,body,1,scaling,가변/스케일링,positive_or_mixed,True,"If Osty is alive, he dies and you gain Block equal to double his Max HP.","If Osty is alive, he dies and you gain Block equal to double his Max HP.","골골이가 살아있다면, 골골이가 죽고 골골이의 최대 체력의 2배만큼의 방어도를 얻습니다.",,"{""damage"":0,""block"":null,""hit_count"":null,""cards_draw"":null,""energy_gain"":null,""hp_loss"":null,""vars"":{""CalculationBase"":0,""CalculationExtra"":1},""upgrade"":{""cost"":0}}"
SACRIFICE,희생,Sacrifice,necrobinder,Rare,E1,body,1,trigger,지속/발동기,positive_or_mixed,True,"If Osty is alive, he dies and you gain Block equal to double his Max HP.","If Osty is alive, he dies and you gain Block equal to double his Max HP.","골골이가 살아있다면, 골골이가 죽고 골골이의 최대 체력의 2배만큼의 방어도를 얻습니다.",,"{""damage"":0,""block"":null,""hit_count"":null,""cards_draw"":null,""energy_gain"":null,""hp_loss"":null,""vars"":{""CalculationBase"":0,""CalculationExtra"":1},""upgrade"":{""cost"":0}}"
SACRIFICE,희생,Sacrifice,necrobinder,Rare,E1,keyword,,keyword,카드 키워드,contextual,False,Keyword: Retain,Keyword: Retain,키워드: 보존,,"{""damage"":0,""block"":null,""hit_count"":null,""cards_draw"":null,""energy_gain"":null,""hp_loss"":null,""vars"":{""CalculationBase"":0,""CalculationExtra"":1},""upgrade"":{""cost"":0}}"
SALVO,집중 포화,Salvo,colorless,Rare,E1,body,1,damage,피해,positive_or_mixed,False,Deal {n} damage.,Deal 12 damage.,피해를 12 줍니다.,12,"{""damage"":12,""block"":null,""hit_count"":null,""cards_draw"":null,""energy_gain"":null,""hp_loss"":null,""vars"":{""Damage"":12},""upgrade"":{""damage"":""+4""}}"
SALVO,집중 포화,Salvo,colorless,Rare,E1,body,2,retain,보존,positive_or_mixed,False,Retain your Hand this turn.,Retain your Hand this turn.,이번 턴에 손에 있는 카드를 보존합니다.,,"{""damage"":12,""block"":null,""hit_count"":null,""cards_draw"":null,""energy_gain"":null,""hp_loss"":null,""vars"":{""Damage"":12},""upgrade"":{""damage"":""+4""}}"
SCARE,위협,Scare,silent,Uncommon,E0,body,1,debuff,약화 효과,positive_or_mixed,False,Apply {n} Weak to ALL enemies.,Apply 1 Weak to ALL enemies.,모든 적에게 약화를 1 부여합니다.,1,"{""damage"":null,""block"":null,""hit_count"":null,""cards_draw"":null,""energy_gain"":null,""hp_loss"":null,""vars"":null,""upgrade"":{""remove_exhaust"":1}}"
SCARE,위협,Scare,silent,Uncommon,E0,keyword,,keyword,카드 키워드,contextual,False,Keyword: Exhaust,Keyword: Exhaust,키워드: 소멸,,"{""damage"":null,""block"":null,""hit_count"":null,""cards_draw"":null,""energy_gain"":null,""hp_loss"":null,""vars"":null,""upgrade"":{""remove_exhaust"":1}}"
SCAVENGE,포집,Scavenge,defect,Uncommon,E1,body,1,exhaust,소멸시키기,positive_or_mixed,False,Exhaust a card.,Exhaust a card.,카드를 1장 소멸시킵니다.,,"{""damage"":null,""block"":null,""hit_count"":null,""cards_draw"":null,""energy_gain"":2,""hp_loss"":null,""vars"":{""Energy"":2},""upgrade"":{""energy"":""+1""}}"
SCAVENGE,포집,Scavenge,defect,Uncommon,E1,body,2,energy,에너지,positive_or_mixed,False,"Next turn, gain {n} Energy.","Next turn, gain 2 Energy.","다음 턴에, 2 Energy를 얻습니다.",2,"{""damage"":null,""block"":null,""hit_count"":null,""cards_draw"":null,""energy_gain"":2,""hp_loss"":null,""vars"":{""Energy"":2},""upgrade"":{""energy"":""+1""}}"
SCAVENGE,포집,Scavenge,defect,Uncommon,E1,body,2,trigger,지속/발동기,positive_or_mixed,False,"Next turn, gain {n} Energy.","Next turn, gain 2 Energy.","다음 턴에, 2 Energy를 얻습니다.",2,"{""damage"":null,""block"":null,""hit_count"":null,""cards_draw"":null,""energy_gain"":2,""hp_loss"":null,""vars"":{""Energy"":2},""upgrade"":{""energy"":""+1""}}"
SCOURGE,징벌,Scourge,necrobinder,Common,E1,body,1,debuff,약화 효과,positive_or_mixed,False,Apply {n} Doom.,Apply 13 Doom.,종말을 13 부여합니다.,13,"{""damage"":null,""block"":null,""hit_count"":null,""cards_draw"":1,""energy_gain"":null,""hp_loss"":null,""vars"":{""Cards"":1,""DoomPower"":13,""Doom"":13},""upgrade"":{""doom"":""+3"",""cards"":""+1""}}"
SCOURGE,징벌,Scourge,necrobinder,Common,E1,body,2,draw,카드 뽑기,positive_or_mixed,False,Draw {n} card.,Draw 1 card.,카드를 1장 뽑습니다.,1,"{""damage"":null,""block"":null,""hit_count"":null,""cards_draw"":1,""energy_gain"":null,""hp_loss"":null,""vars"":{""Cards"":1,""DoomPower"":13,""Doom"":13},""upgrade"":{""doom"":""+3"",""cards"":""+1""}}"
SCRAPE,긁어내기,Scrape,defect,Uncommon,E1,body,1,damage,피해,positive_or_mixed,False,Deal {n} damage.,Deal 7 damage.,피해를 7 줍니다.,7,"{""damage"":7,""block"":null,""hit_count"":null,""cards_draw"":4,""energy_gain"":null,""hp_loss"":null,""vars"":{""Damage"":7,""Cards"":4},""upgrade"":{""damage"":""+3"",""cards"":""+1""}}"
SCRAPE,긁어내기,Scrape,defect,Uncommon,E1,body,2,draw,카드 뽑기,positive_or_mixed,False,Draw {n} cards.,Draw 4 cards.,카드를 4장 뽑습니다.,4,"{""damage"":7,""block"":null,""hit_count"":null,""cards_draw"":4,""energy_gain"":null,""hp_loss"":null,""vars"":{""Damage"":7,""Cards"":4},""upgrade"":{""damage"":""+3"",""cards"":""+1""}}"
SCRAPE,긁어내기,Scrape,defect,Uncommon,E1,body,3,discard,버리기,positive_or_mixed,False,Discard all cards drawn this way that do not cost {n} Energy.,Discard all cards drawn this way that do not cost 0 Energy.,뽑은 카드 중 비용이 0 Energy이 아닌 모든 카드를 버립니다.,0,"{""damage"":7,""block"":null,""hit_count"":null,""cards_draw"":4,""energy_gain"":null,""hp_loss"":null,""vars"":{""Damage"":7,""Cards"":4},""upgrade"":{""damage"":""+3"",""cards"":""+1""}}"
SCRAPE,긁어내기,Scrape,defect,Uncommon,E1,body,3,card_cost,비용 변화,positive_or_mixed,False,Discard all cards drawn this way that do not cost {n} Energy.,Discard all cards drawn this way that do not cost 0 Energy.,뽑은 카드 중 비용이 0 Energy이 아닌 모든 카드를 버립니다.,0,"{""damage"":7,""block"":null,""hit_count"":null,""cards_draw"":4,""energy_gain"":null,""hp_loss"":null,""vars"":{""Damage"":7,""Cards"":4},""upgrade"":{""damage"":""+3"",""cards"":""+1""}}"
SCRAPE,긁어내기,Scrape,defect,Uncommon,E1,body,3,energy,에너지,positive_or_mixed,False,Discard all cards drawn this way that do not cost {n} Energy.,Discard all cards drawn this way that do not cost 0 Energy.,뽑은 카드 중 비용이 0 Energy이 아닌 모든 카드를 버립니다.,0,"{""damage"":7,""block"":null,""hit_count"":null,""cards_draw"":4,""energy_gain"":null,""hp_loss"":null,""vars"":{""Damage"":7,""Cards"":4},""upgrade"":{""damage"":""+3"",""cards"":""+1""}}"
SCRAWL,휘갈김,Scrawl,colorless,Rare,E1,body,1,draw,카드 뽑기,positive_or_mixed,False,Draw cards until your Hand is full.,Draw cards until your Hand is full.,손이 가득 찰 때까지 카드를 뽑습니다.,,"{""damage"":null,""block"":null,""hit_count"":null,""cards_draw"":null,""energy_gain"":null,""hp_loss"":null,""vars"":null,""upgrade"":{""add_retain"":1}}"
SCRAWL,휘갈김,Scrawl,colorless,Rare,E1,keyword,,keyword,카드 키워드,contextual,False,Keyword: Exhaust,Keyword: Exhaust,키워드: 소멸,,"{""damage"":null,""block"":null,""hit_count"":null,""cards_draw"":null,""energy_gain"":null,""hp_loss"":null,""vars"":null,""upgrade"":{""add_retain"":1}}"
SCULPTING_STRIKE,조각 타격,Sculpting Strike,necrobinder,Common,E1,body,1,damage,피해,positive_or_mixed,False,Deal {n} damage.,Deal 9 damage.,피해를 9 줍니다.,9,"{""damage"":9,""block"":null,""hit_count"":null,""cards_draw"":null,""energy_gain"":null,""hp_loss"":null,""vars"":{""Damage"":9},""upgrade"":{""damage"":""+3""}}"
SCULPTING_STRIKE,조각 타격,Sculpting Strike,necrobinder,Common,E1,body,2,card_create,카드 생성,positive_or_mixed,False,Add Ethereal to a card in your Hand.,Add Ethereal to a card in your Hand.,손에 있는 카드 1장에 휘발성을 추가합니다.,,"{""damage"":9,""block"":null,""hit_count"":null,""cards_draw"":null,""energy_gain"":null,""hp_loss"":null,""vars"":{""Damage"":9},""upgrade"":{""damage"":""+3""}}"
SEANCE,강령회,Seance,necrobinder,Rare,E1,body,1,draw,카드 뽑기,positive_or_mixed,False,Transform a card in your Draw Pile into Soul.,Transform a card in your Draw Pile into Soul.,뽑을 카드 더미의 카드를 1장 영혼으로 변화시킵니다.,,"{""damage"":null,""block"":null,""hit_count"":null,""cards_draw"":1,""energy_gain"":null,""hp_loss"":null,""vars"":{""Cards"":1},""upgrade"":{""cost"":0}}"
SEANCE,강령회,Seance,necrobinder,Rare,E1,body,1,card_transform,변화,positive_or_mixed,False,Transform a card in your Draw Pile into Soul.,Transform a card in your Draw Pile into Soul.,뽑을 카드 더미의 카드를 1장 영혼으로 변화시킵니다.,,"{""damage"":null,""block"":null,""hit_count"":null,""cards_draw"":1,""energy_gain"":null,""hp_loss"":null,""vars"":{""Cards"":1},""upgrade"":{""cost"":0}}"
SEANCE,강령회,Seance,necrobinder,Rare,E1,keyword,,keyword,카드 키워드,contextual,False,Keyword: Ethereal,Keyword: Ethereal,키워드: 휘발성,,"{""damage"":null,""block"":null,""hit_count"":null,""cards_draw"":1,""energy_gain"":null,""hp_loss"":null,""vars"":{""Cards"":1},""upgrade"":{""cost"":0}}"
SECOND_WIND,기사회생,Second Wind,ironclad,Uncommon,E1,body,1,exhaust,소멸시키기,positive_or_mixed,False,Exhaust all non-Attack cards in your Hand.,Exhaust all non-Attack cards in your Hand.,손에 있는 공격이 아닌 모든 카드를 소멸시킵니다.,,"{""damage"":null,""block"":5,""hit_count"":null,""cards_draw"":null,""energy_gain"":null,""hp_loss"":null,""vars"":{""Block"":5},""upgrade"":{""block"":""+2""}}"
SECOND_WIND,기사회생,Second Wind,ironclad,Uncommon,E1,body,2,block,방어도,positive_or_mixed,True,Gain {n} Block for each card Exhausted.,Gain 5 Block for each card Exhausted.,소멸시킨 카드 1장당 방어도를 5 얻습니다.,5,"{""damage"":null,""block"":5,""hit_count"":null,""cards_draw"":null,""energy_gain"":null,""hp_loss"":null,""vars"":{""Block"":5},""upgrade"":{""block"":""+2""}}"
SECOND_WIND,기사회생,Second Wind,ironclad,Uncommon,E1,body,2,exhaust,소멸시키기,positive_or_mixed,True,Gain {n} Block for each card Exhausted.,Gain 5 Block for each card Exhausted.,소멸시킨 카드 1장당 방어도를 5 얻습니다.,5,"{""damage"":null,""block"":5,""hit_count"":null,""cards_draw"":null,""energy_gain"":null,""hp_loss"":null,""vars"":{""Block"":5},""upgrade"":{""block"":""+2""}}"
SECOND_WIND,기사회생,Second Wind,ironclad,Uncommon,E1,body,2,scaling,가변/스케일링,positive_or_mixed,True,Gain {n} Block for each card Exhausted.,Gain 5 Block for each card Exhausted.,소멸시킨 카드 1장당 방어도를 5 얻습니다.,5,"{""damage"":null,""block"":5,""hit_count"":null,""cards_draw"":null,""energy_gain"":null,""hp_loss"":null,""vars"":{""Block"":5},""upgrade"":{""block"":""+2""}}"
SECRET_TECHNIQUE,비밀 기술,Secret Technique,colorless,Rare,E0,body,1,draw,카드 뽑기,positive_or_mixed,False,Put a Skill from your Draw Pile into your Hand.,Put a Skill from your Draw Pile into your Hand.,뽑을 카드 더미에서 스킬 카드를 1장 손으로 가져옵니다.,,"{""damage"":null,""block"":null,""hit_count"":null,""cards_draw"":null,""energy_gain"":null,""hp_loss"":null,""vars"":null,""upgrade"":{""remove_exhaust"":1}}"
SECRET_TECHNIQUE,비밀 기술,Secret Technique,colorless,Rare,E0,body,1,card_move,카드 이동/탐색,positive_or_mixed,False,Put a Skill from your Draw Pile into your Hand.,Put a Skill from your Draw Pile into your Hand.,뽑을 카드 더미에서 스킬 카드를 1장 손으로 가져옵니다.,,"{""damage"":null,""block"":null,""hit_count"":null,""cards_draw"":null,""energy_gain"":null,""hp_loss"":null,""vars"":null,""upgrade"":{""remove_exhaust"":1}}"
SECRET_TECHNIQUE,비밀 기술,Secret Technique,colorless,Rare,E0,keyword,,keyword,카드 키워드,contextual,False,Keyword: Exhaust,Keyword: Exhaust,키워드: 소멸,,"{""damage"":null,""block"":null,""hit_count"":null,""cards_draw"":null,""energy_gain"":null,""hp_loss"":null,""vars"":null,""upgrade"":{""remove_exhaust"":1}}"
SECRET_WEAPON,비밀 병기,Secret Weapon,colorless,Rare,E0,body,1,draw,카드 뽑기,positive_or_mixed,False,Put an Attack from your Draw Pile into your Hand.,Put an Attack from your Draw Pile into your Hand.,뽑을 카드 더미에서 공격 카드를 1장 손으로 가져옵니다.,,"{""damage"":null,""block"":null,""hit_count"":null,""cards_draw"":null,""energy_gain"":null,""hp_loss"":null,""vars"":null,""upgrade"":{""remove_exhaust"":1}}"
SECRET_WEAPON,비밀 병기,Secret Weapon,colorless,Rare,E0,body,1,card_move,카드 이동/탐색,positive_or_mixed,False,Put an Attack from your Draw Pile into your Hand.,Put an Attack from your Draw Pile into your Hand.,뽑을 카드 더미에서 공격 카드를 1장 손으로 가져옵니다.,,"{""damage"":null,""block"":null,""hit_count"":null,""cards_draw"":null,""energy_gain"":null,""hp_loss"":null,""vars"":null,""upgrade"":{""remove_exhaust"":1}}"
SECRET_WEAPON,비밀 병기,Secret Weapon,colorless,Rare,E0,keyword,,keyword,카드 키워드,contextual,False,Keyword: Exhaust,Keyword: Exhaust,키워드: 소멸,,"{""damage"":null,""block"":null,""hit_count"":null,""cards_draw"":null,""energy_gain"":null,""hp_loss"":null,""vars"":null,""upgrade"":{""remove_exhaust"":1}}"
SEEKER_STRIKE,탐색 타격,Seeker Strike,colorless,Uncommon,E1,body,1,damage,피해,positive_or_mixed,False,Deal {n} damage.,Deal 9 damage.,피해를 9 줍니다.,9,"{""damage"":9,""block"":null,""hit_count"":null,""cards_draw"":3,""energy_gain"":null,""hp_loss"":null,""vars"":{""Damage"":9,""Cards"":3},""upgrade"":{""damage"":""+3""}}"
SEEKER_STRIKE,탐색 타격,Seeker Strike,colorless,Uncommon,E1,body,2,draw,카드 뽑기,positive_or_mixed,False,Choose {n} of {n} cards in your Draw Pile to add into your Hand.,Choose 1 of 3 cards in your Draw Pile to add into your Hand.,뽑을 카드 더미의 카드 3장 중 1장을 선택해 손으로 가져옵니다.,1|3,"{""damage"":9,""block"":null,""hit_count"":null,""cards_draw"":3,""energy_gain"":null,""hp_loss"":null,""vars"":{""Damage"":9,""Cards"":3},""upgrade"":{""damage"":""+3""}}"
SEEKER_STRIKE,탐색 타격,Seeker Strike,colorless,Uncommon,E1,body,2,card_create,카드 생성,positive_or_mixed,False,Choose {n} of {n} cards in your Draw Pile to add into your Hand.,Choose 1 of 3 cards in your Draw Pile to add into your Hand.,뽑을 카드 더미의 카드 3장 중 1장을 선택해 손으로 가져옵니다.,1|3,"{""damage"":9,""block"":null,""hit_count"":null,""cards_draw"":3,""energy_gain"":null,""hp_loss"":null,""vars"":{""Damage"":9,""Cards"":3},""upgrade"":{""damage"":""+3""}}"
SEEKER_STRIKE,탐색 타격,Seeker Strike,colorless,Uncommon,E1,body,2,card_move,카드 이동/탐색,positive_or_mixed,False,Choose {n} of {n} cards in your Draw Pile to add into your Hand.,Choose 1 of 3 cards in your Draw Pile to add into your Hand.,뽑을 카드 더미의 카드 3장 중 1장을 선택해 손으로 가져옵니다.,1|3,"{""damage"":9,""block"":null,""hit_count"":null,""cards_draw"":3,""energy_gain"":null,""hp_loss"":null,""vars"":{""Damage"":9,""Cards"":3},""upgrade"":{""damage"":""+3""}}"
SEEKING_EDGE,날 세우기,Seeking Edge,regent,Rare,E1,body,1,forge,제련,positive_or_mixed,False,Forge {n}.,Forge 7.,단조 7.,7,"{""damage"":null,""block"":null,""hit_count"":null,""cards_draw"":null,""energy_gain"":null,""hp_loss"":null,""vars"":{""Forge"":7},""upgrade"":{""forge"":""+4""}}"
SEEKING_EDGE,날 세우기,Seeking Edge,regent,Rare,E1,body,2,damage,피해,positive_or_mixed,False,Sovereign Blade now deals damage to ALL enemies.,Sovereign Blade now deals damage to ALL enemies.,군주의 칼날이 이제 모든 적을 대상으로 합니다.,,"{""damage"":null,""block"":null,""hit_count"":null,""cards_draw"":null,""energy_gain"":null,""hp_loss"":null,""vars"":{""Forge"":7},""upgrade"":{""forge"":""+4""}}"
SEEKING_EDGE,날 세우기,Seeking Edge,regent,Rare,E1,body,2,forge,제련,positive_or_mixed,False,Sovereign Blade now deals damage to ALL enemies.,Sovereign Blade now deals damage to ALL enemies.,군주의 칼날이 이제 모든 적을 대상으로 합니다.,,"{""damage"":null,""block"":null,""hit_count"":null,""cards_draw"":null,""energy_gain"":null,""hp_loss"":null,""vars"":{""Forge"":7},""upgrade"":{""forge"":""+4""}}"
SENTRY_MODE,경계 태세,Sentry Mode,necrobinder,Rare,E2,body,1,card_create,카드 생성,positive_or_mixed,False,"At the start of your turn, add {n} Sweeping Gaze into your Hand.","At the start of your turn, add 1 Sweeping Gaze into your Hand.","내 턴 시작 시, 훑어보기를 1장 손으로 가져옵니다.",1,"{""damage"":null,""block"":null,""hit_count"":null,""cards_draw"":null,""energy_gain"":null,""hp_loss"":null,""vars"":{""SentryModePower"":1,""SentryMode"":1},""upgrade"":{""cost"":1}}"
SENTRY_MODE,경계 태세,Sentry Mode,necrobinder,Rare,E2,body,1,card_move,카드 이동/탐색,positive_or_mixed,False,"At the start of your turn, add {n} Sweeping Gaze into your Hand.","At the start of your turn, add 1 Sweeping Gaze into your Hand.","내 턴 시작 시, 훑어보기를 1장 손으로 가져옵니다.",1,"{""damage"":null,""block"":null,""hit_count"":null,""cards_draw"":null,""energy_gain"":null,""hp_loss"":null,""vars"":{""SentryModePower"":1,""SentryMode"":1},""upgrade"":{""cost"":1}}"
SENTRY_MODE,경계 태세,Sentry Mode,necrobinder,Rare,E2,body,1,trigger,지속/발동기,positive_or_mixed,False,"At the start of your turn, add {n} Sweeping Gaze into your Hand.","At the start of your turn, add 1 Sweeping Gaze into your Hand.","내 턴 시작 시, 훑어보기를 1장 손으로 가져옵니다.",1,"{""damage"":null,""block"":null,""hit_count"":null,""cards_draw"":null,""energy_gain"":null,""hp_loss"":null,""vars"":{""SentryModePower"":1,""SentryMode"":1},""upgrade"":{""cost"":1}}"
SERPENT_FORM,구렁이의 형상,Serpent Form,silent,Rare,E3,body,1,damage,피해,positive_or_mixed,False,"Whenever you play a card, deal {n} damage to a random enemy.","Whenever you play a card, deal 4 damage to a random enemy.","카드를 사용할 때마다, 무작위 적에게 피해를 4 줍니다.",4,"{""damage"":null,""block"":null,""hit_count"":null,""cards_draw"":null,""energy_gain"":null,""hp_loss"":null,""vars"":{""SerpentFormPower"":4,""SerpentForm"":4},""upgrade"":{""serpentformpower"":""+2""}}"
SERPENT_FORM,구렁이의 형상,Serpent Form,silent,Rare,E3,body,1,card_play,추가 사용/재사용,positive_or_mixed,False,"Whenever you play a card, deal {n} damage to a random enemy.","Whenever you play a card, deal 4 damage to a random enemy.","카드를 사용할 때마다, 무작위 적에게 피해를 4 줍니다.",4,"{""damage"":null,""block"":null,""hit_count"":null,""cards_draw"":null,""energy_gain"":null,""hp_loss"":null,""vars"":{""SerpentFormPower"":4,""SerpentForm"":4},""upgrade"":{""serpentformpower"":""+2""}}"
SERPENT_FORM,구렁이의 형상,Serpent Form,silent,Rare,E3,body,1,trigger,지속/발동기,positive_or_mixed,False,"Whenever you play a card, deal {n} damage to a random enemy.","Whenever you play a card, deal 4 damage to a random enemy.","카드를 사용할 때마다, 무작위 적에게 피해를 4 줍니다.",4,"{""damage"":null,""block"":null,""hit_count"":null,""cards_draw"":null,""energy_gain"":null,""hp_loss"":null,""vars"":{""SerpentFormPower"":4,""SerpentForm"":4},""upgrade"":{""serpentformpower"":""+2""}}"
SETUP_STRIKE,사전 타격,Setup Strike,ironclad,Common,E1,body,1,damage,피해,positive_or_mixed,False,Deal {n} damage.,Deal 7 damage.,피해를 7 줍니다.,7,"{""damage"":7,""block"":null,""hit_count"":null,""cards_draw"":null,""energy_gain"":null,""hp_loss"":null,""vars"":{""Damage"":7,""StrengthPower"":2,""Strength"":2},""upgrade"":{""damage"":""+2"",""strength"":""+1""}}"
SETUP_STRIKE,사전 타격,Setup Strike,ironclad,Common,E1,body,2,buff,강화 효과,positive_or_mixed,False,Gain {n} Strength this turn.,Gain 2 Strength this turn.,이번 턴 동안 힘을 2 얻습니다.,2,"{""damage"":7,""block"":null,""hit_count"":null,""cards_draw"":null,""energy_gain"":null,""hp_loss"":null,""vars"":{""Damage"":7,""StrengthPower"":2,""Strength"":2},""upgrade"":{""damage"":""+2"",""strength"":""+1""}}"
SEVEN_STARS,일곱 개의 별,Seven Stars,regent,Rare,E2+S7,body,1,damage,피해,positive_or_mixed,False,Deal {n} damage to ALL enemies {n} times.,Deal 7 damage to ALL enemies 7 times.,모든 적에게 피해를 7만큼 7번 줍니다.,7|7,"{""damage"":7,""block"":null,""hit_count"":7,""cards_draw"":null,""energy_gain"":null,""hp_loss"":null,""vars"":{""Damage"":7,""Repeat"":7,""StarCost"":7},""upgrade"":{""cost"":1}}"
SEVERANCE,분리,Severance,necrobinder,Uncommon,E2,body,1,damage,피해,positive_or_mixed,False,Deal {n} damage.,Deal 13 damage.,피해를 13 줍니다.,13,"{""damage"":13,""block"":null,""hit_count"":null,""cards_draw"":null,""energy_gain"":null,""hp_loss"":null,""vars"":{""Damage"":13},""upgrade"":{""damage"":""+5""}}"
SEVERANCE,분리,Severance,necrobinder,Uncommon,E2,body,2,draw,카드 뽑기,positive_or_mixed,False,"Add a Soul into your Draw Pile, Hand, and Discard Pile.","Add a Soul into your Draw Pile, Hand, and Discard Pile.","뽑을 카드 더미, 손, 버린 카드 더미에 영혼을 1장 추가합니다.",,"{""damage"":13,""block"":null,""hit_count"":null,""cards_draw"":null,""energy_gain"":null,""hp_loss"":null,""vars"":{""Damage"":13},""upgrade"":{""damage"":""+5""}}"
SEVERANCE,분리,Severance,necrobinder,Uncommon,E2,body,2,discard,버리기,positive_or_mixed,False,"Add a Soul into your Draw Pile, Hand, and Discard Pile.","Add a Soul into your Draw Pile, Hand, and Discard Pile.","뽑을 카드 더미, 손, 버린 카드 더미에 영혼을 1장 추가합니다.",,"{""damage"":13,""block"":null,""hit_count"":null,""cards_draw"":null,""energy_gain"":null,""hp_loss"":null,""vars"":{""Damage"":13},""upgrade"":{""damage"":""+5""}}"
SEVERANCE,분리,Severance,necrobinder,Uncommon,E2,body,2,card_create,카드 생성,positive_or_mixed,False,"Add a Soul into your Draw Pile, Hand, and Discard Pile.","Add a Soul into your Draw Pile, Hand, and Discard Pile.","뽑을 카드 더미, 손, 버린 카드 더미에 영혼을 1장 추가합니다.",,"{""damage"":13,""block"":null,""hit_count"":null,""cards_draw"":null,""energy_gain"":null,""hp_loss"":null,""vars"":{""Damage"":13},""upgrade"":{""damage"":""+5""}}"
SHADOWMELD,그림자 은신,Shadowmeld,silent,Rare,E1,body,1,block,방어도,positive_or_mixed,True,Double your Block gain this turn.,Double your Block gain this turn.,이번 턴 동안 얻는 방어도가 2배가 됩니다.,,"{""damage"":null,""block"":null,""hit_count"":null,""cards_draw"":null,""energy_gain"":null,""hp_loss"":null,""vars"":{""Power"":1},""upgrade"":{""cost"":0}}"
SHADOWMELD,그림자 은신,Shadowmeld,silent,Rare,E1,body,1,scaling,가변/스케일링,positive_or_mixed,True,Double your Block gain this turn.,Double your Block gain this turn.,이번 턴 동안 얻는 방어도가 2배가 됩니다.,,"{""damage"":null,""block"":null,""hit_count"":null,""cards_draw"":null,""energy_gain"":null,""hp_loss"":null,""vars"":{""Power"":1},""upgrade"":{""cost"":0}}"
SHADOW_SHIELD,그림자 방패,Shadow Shield,defect,Uncommon,E2,body,1,block,방어도,positive_or_mixed,False,Gain {n} Block.,Gain 11 Block.,방어도를 11 얻습니다.,11,"{""damage"":null,""block"":11,""hit_count"":null,""cards_draw"":null,""energy_gain"":null,""hp_loss"":null,""vars"":{""Block"":11},""upgrade"":{""block"":""+4""}}"
SHADOW_SHIELD,그림자 방패,Shadow Shield,defect,Uncommon,E2,body,2,orb,구체,positive_or_mixed,False,Channel {n} Dark.,Channel 1 Dark.,암흑을 1번 영창합니다.,1,"{""damage"":null,""block"":11,""hit_count"":null,""cards_draw"":null,""energy_gain"":null,""hp_loss"":null,""vars"":{""Block"":11},""upgrade"":{""block"":""+4""}}"
SHADOW_STEP,그림자 걸음,Shadow Step,silent,Rare,E1,body,1,discard,버리기,positive_or_mixed,False,Discard your Hand.,Discard your Hand.,손에 있는 모든 카드를 버립니다.,,"{""damage"":null,""block"":null,""hit_count"":null,""cards_draw"":3,""energy_gain"":null,""hp_loss"":null,""vars"":{""Cards"":3},""upgrade"":{""cost"":0}}"
SHADOW_STEP,그림자 걸음,Shadow Step,silent,Rare,E1,body,2,damage,피해,positive_or_mixed,True,"Next turn, Attacks deal double damage.","Next turn, Attacks deal double damage.","다음 턴에, 공격 카드의 피해량이 2배가 됩니다.",,"{""damage"":null,""block"":null,""hit_count"":null,""cards_draw"":3,""energy_gain"":null,""hp_loss"":null,""vars"":{""Cards"":3},""upgrade"":{""cost"":0}}"
SHADOW_STEP,그림자 걸음,Shadow Step,silent,Rare,E1,body,2,scaling,가변/스케일링,positive_or_mixed,True,"Next turn, Attacks deal double damage.","Next turn, Attacks deal double damage.","다음 턴에, 공격 카드의 피해량이 2배가 됩니다.",,"{""damage"":null,""block"":null,""hit_count"":null,""cards_draw"":3,""energy_gain"":null,""hp_loss"":null,""vars"":{""Cards"":3},""upgrade"":{""cost"":0}}"
SHADOW_STEP,그림자 걸음,Shadow Step,silent,Rare,E1,body,2,trigger,지속/발동기,positive_or_mixed,True,"Next turn, Attacks deal double damage.","Next turn, Attacks deal double damage.","다음 턴에, 공격 카드의 피해량이 2배가 됩니다.",,"{""damage"":null,""block"":null,""hit_count"":null,""cards_draw"":3,""energy_gain"":null,""hp_loss"":null,""vars"":{""Cards"":3},""upgrade"":{""cost"":0}}"
SHAME,수치,Shame,curse,Curse,E-1,body,1,debuff,약화 효과,positive_or_mixed,False,"At the end of your turn, if this is in your Hand, gain {n} Frail.","At the end of your turn, if this is in your Hand, gain 1 Frail.","내 턴 종료 시 이 카드가 손에 있다면, 손상을 1 얻습니다.",1,"{""damage"":null,""block"":null,""hit_count"":null,""cards_draw"":null,""energy_gain"":null,""hp_loss"":null,""vars"":{""Frail"":1},""upgrade"":null}"
SHAME,수치,Shame,curse,Curse,E-1,body,1,trigger,지속/발동기,positive_or_mixed,False,"At the end of your turn, if this is in your Hand, gain {n} Frail.","At the end of your turn, if this is in your Hand, gain 1 Frail.","내 턴 종료 시 이 카드가 손에 있다면, 손상을 1 얻습니다.",1,"{""damage"":null,""block"":null,""hit_count"":null,""cards_draw"":null,""energy_gain"":null,""hp_loss"":null,""vars"":{""Frail"":1},""upgrade"":null}"
SHAME,수치,Shame,curse,Curse,E-1,keyword,,keyword,카드 키워드,contextual,False,Keyword: Unplayable,Keyword: Unplayable,키워드: 사용불가,,"{""damage"":null,""block"":null,""hit_count"":null,""cards_draw"":null,""energy_gain"":null,""hp_loss"":null,""vars"":{""Frail"":1},""upgrade"":null}"
SHARED_FATE,운명 공유,Shared Fate,necrobinder,Rare,E0,body,1,buff,강화 효과,negative_or_cost,False,Lose {n} Strength.,Lose 2 Strength.,힘을 2 잃습니다.,2,"{""damage"":null,""block"":null,""hit_count"":null,""cards_draw"":null,""energy_gain"":null,""hp_loss"":null,""vars"":{""EnemyStrengthLoss"":2,""PlayerStrengthLoss"":2},""upgrade"":{""enemystrengthloss"":""+1""}}"
SHARED_FATE,운명 공유,Shared Fate,necrobinder,Rare,E0,body,2,debuff,약화 효과,positive_or_mixed,False,Enemy loses {n} Strength.,Enemy loses 2 Strength.,적이 힘을 2 잃습니다.,2,"{""damage"":null,""block"":null,""hit_count"":null,""cards_draw"":null,""energy_gain"":null,""hp_loss"":null,""vars"":{""EnemyStrengthLoss"":2,""PlayerStrengthLoss"":2},""upgrade"":{""enemystrengthloss"":""+1""}}"
SHARED_FATE,운명 공유,Shared Fate,necrobinder,Rare,E0,body,2,buff,강화 효과,positive_or_mixed,False,Enemy loses {n} Strength.,Enemy loses 2 Strength.,적이 힘을 2 잃습니다.,2,"{""damage"":null,""block"":null,""hit_count"":null,""cards_draw"":null,""energy_gain"":null,""hp_loss"":null,""vars"":{""EnemyStrengthLoss"":2,""PlayerStrengthLoss"":2},""upgrade"":{""enemystrengthloss"":""+1""}}"
SHARED_FATE,운명 공유,Shared Fate,necrobinder,Rare,E0,keyword,,keyword,카드 키워드,contextual,False,Keyword: Exhaust,Keyword: Exhaust,키워드: 소멸,,"{""damage"":null,""block"":null,""hit_count"":null,""cards_draw"":null,""energy_gain"":null,""hp_loss"":null,""vars"":{""EnemyStrengthLoss"":2,""PlayerStrengthLoss"":2},""upgrade"":{""enemystrengthloss"":""+1""}}"
SHATTER,산산조각,Shatter,defect,Rare,E1,body,1,damage,피해,positive_or_mixed,False,Deal {n} damage to ALL enemies.,Deal 7 damage to ALL enemies.,모든 적에게 피해를 7 줍니다.,7,"{""damage"":7,""block"":null,""hit_count"":null,""cards_draw"":null,""energy_gain"":null,""hp_loss"":null,""vars"":{""Damage"":7},""upgrade"":{""damage"":""+4""}}"
SHATTER,산산조각,Shatter,defect,Rare,E1,body,2,orb,구체,positive_or_mixed,False,Evoke all of your Orbs twice.,Evoke all of your Orbs twice.,모든 구체를 2번 발현합니다.,,"{""damage"":7,""block"":null,""hit_count"":null,""cards_draw"":null,""energy_gain"":null,""hp_loss"":null,""vars"":{""Damage"":7},""upgrade"":{""damage"":""+4""}}"
SHINING_STRIKE,빛나는 타격,Shining Strike,regent,Uncommon,E1,body,1,damage,피해,positive_or_mixed,False,Deal {n} damage.,Deal 8 damage.,피해를 8 줍니다.,8,"{""damage"":8,""block"":null,""hit_count"":null,""cards_draw"":null,""energy_gain"":null,""hp_loss"":null,""vars"":{""Damage"":8,""Stars"":2},""upgrade"":{""damage"":""+3""}}"
SHINING_STRIKE,빛나는 타격,Shining Strike,regent,Uncommon,E1,body,2,stars,별,positive_or_mixed,False,Gain {n} Stars.,Gain 2 Stars.,2 Stars을 얻습니다.,2,"{""damage"":8,""block"":null,""hit_count"":null,""cards_draw"":null,""energy_gain"":null,""hp_loss"":null,""vars"":{""Damage"":8,""Stars"":2},""upgrade"":{""damage"":""+3""}}"
SHINING_STRIKE,빛나는 타격,Shining Strike,regent,Uncommon,E1,body,3,draw,카드 뽑기,positive_or_mixed,False,Put this card on top of your Draw Pile.,Put this card on top of your Draw Pile.,이 카드를 뽑을 카드 더미 맨 위에 놓습니다.,,"{""damage"":8,""block"":null,""hit_count"":null,""cards_draw"":null,""energy_gain"":null,""hp_loss"":null,""vars"":{""Damage"":8,""Stars"":2},""upgrade"":{""damage"":""+3""}}"
SHINING_STRIKE,빛나는 타격,Shining Strike,regent,Uncommon,E1,body,3,card_move,카드 이동/탐색,positive_or_mixed,False,Put this card on top of your Draw Pile.,Put this card on top of your Draw Pile.,이 카드를 뽑을 카드 더미 맨 위에 놓습니다.,,"{""damage"":8,""block"":null,""hit_count"":null,""cards_draw"":null,""energy_gain"":null,""hp_loss"":null,""vars"":{""Damage"":8,""Stars"":2},""upgrade"":{""damage"":""+3""}}"
SHIV,단도,Shiv,token,Token,E0,body,1,damage,피해,positive_or_mixed,False,Deal {n} damage.,Deal 4 damage.,피해를 4 줍니다.,4,"{""damage"":4,""block"":null,""hit_count"":null,""cards_draw"":null,""energy_gain"":null,""hp_loss"":null,""vars"":{""Damage"":4},""upgrade"":{""damage"":""+2""}}"
SHIV,단도,Shiv,token,Token,E0,keyword,,keyword,카드 키워드,contextual,False,Keyword: Exhaust,Keyword: Exhaust,키워드: 소멸,,"{""damage"":4,""block"":null,""hit_count"":null,""cards_draw"":null,""energy_gain"":null,""hp_loss"":null,""vars"":{""Damage"":4},""upgrade"":{""damage"":""+2""}}"
SHOCKWAVE,충격파,Shockwave,colorless,Uncommon,E2,body,1,debuff,약화 효과,positive_or_mixed,False,Apply {n} Weak and Vulnerable to ALL enemies.,Apply 3 Weak and Vulnerable to ALL enemies.,모든 적에게 약화와 취약을 3 부여합니다.,3,"{""damage"":null,""block"":null,""hit_count"":null,""cards_draw"":null,""energy_gain"":null,""hp_loss"":null,""vars"":{""Power"":3},""upgrade"":{""power"":""+2""}}"
SHOCKWAVE,충격파,Shockwave,colorless,Uncommon,E2,keyword,,keyword,카드 키워드,contextual,False,Keyword: Exhaust,Keyword: Exhaust,키워드: 소멸,,"{""damage"":null,""block"":null,""hit_count"":null,""cards_draw"":null,""energy_gain"":null,""hp_loss"":null,""vars"":{""Power"":3},""upgrade"":{""power"":""+2""}}"
SHROUD,수의,Shroud,necrobinder,Uncommon,E1,body,1,block,방어도,positive_or_mixed,False,"Whenever you apply Doom, gain {n} Block.","Whenever you apply Doom, gain 2 Block.","종말을 부여할 때마다, 방어도를 2 얻습니다.",2,"{""damage"":null,""block"":2,""hit_count"":null,""cards_draw"":null,""energy_gain"":null,""hp_loss"":null,""vars"":{""Block"":2},""upgrade"":{""block"":""+1""}}"
SHROUD,수의,Shroud,necrobinder,Uncommon,E1,body,1,debuff,약화 효과,positive_or_mixed,False,"Whenever you apply Doom, gain {n} Block.","Whenever you apply Doom, gain 2 Block.","종말을 부여할 때마다, 방어도를 2 얻습니다.",2,"{""damage"":null,""block"":2,""hit_count"":null,""cards_draw"":null,""energy_gain"":null,""hp_loss"":null,""vars"":{""Block"":2},""upgrade"":{""block"":""+1""}}"
SHROUD,수의,Shroud,necrobinder,Uncommon,E1,body,1,trigger,지속/발동기,positive_or_mixed,False,"Whenever you apply Doom, gain {n} Block.","Whenever you apply Doom, gain 2 Block.","종말을 부여할 때마다, 방어도를 2 얻습니다.",2,"{""damage"":null,""block"":2,""hit_count"":null,""cards_draw"":null,""energy_gain"":null,""hp_loss"":null,""vars"":{""Block"":2},""upgrade"":{""block"":""+1""}}"
SHRUG_IT_OFF,흘려보내기,Shrug It Off,ironclad,Common,E1,body,1,block,방어도,positive_or_mixed,False,Gain {n} Block.,Gain 8 Block.,방어도를 8 얻습니다.,8,"{""damage"":null,""block"":8,""hit_count"":null,""cards_draw"":1,""energy_gain"":null,""hp_loss"":null,""vars"":{""Block"":8,""Cards"":1},""upgrade"":{""block"":""+3""}}"
SHRUG_IT_OFF,흘려보내기,Shrug It Off,ironclad,Common,E1,body,2,draw,카드 뽑기,positive_or_mixed,False,Draw {n} card.,Draw 1 card.,카드를 1장 뽑습니다.,1,"{""damage"":null,""block"":8,""hit_count"":null,""cards_draw"":1,""energy_gain"":null,""hp_loss"":null,""vars"":{""Block"":8,""Cards"":1},""upgrade"":{""block"":""+3""}}"
SIC_EM,덮쳐!,Sic 'Em,necrobinder,Uncommon,E1,body,1,damage,피해,positive_or_mixed,False,Osty deals {n} damage.,Osty deals 5 damage.,골골이가 피해를 5 줍니다.,5,"{""damage"":5,""block"":null,""hit_count"":null,""cards_draw"":null,""energy_gain"":null,""hp_loss"":null,""vars"":{""OstyDamage"":5,""SicEmPower"":3,""SicEm"":3,""Damage"":5},""upgrade"":{""ostydamage"":""+1"",""sicempower"":""+1""}}"
SIC_EM,덮쳐!,Sic 'Em,necrobinder,Uncommon,E1,body,1,osty,오스티/소환,positive_or_mixed,False,Osty deals {n} damage.,Osty deals 5 damage.,골골이가 피해를 5 줍니다.,5,"{""damage"":5,""block"":null,""hit_count"":null,""cards_draw"":null,""energy_gain"":null,""hp_loss"":null,""vars"":{""OstyDamage"":5,""SicEmPower"":3,""SicEm"":3,""Damage"":5},""upgrade"":{""ostydamage"":""+1"",""sicempower"":""+1""}}"
SIC_EM,덮쳐!,Sic 'Em,necrobinder,Uncommon,E1,body,2,osty,오스티/소환,positive_or_mixed,False,"Whenever Osty hits this enemy this turn, Summon {n}.","Whenever Osty hits this enemy this turn, Summon 3.","이번 턴에 골골이가 이 적을 공격할 때마다, 소환 3.",3,"{""damage"":5,""block"":null,""hit_count"":null,""cards_draw"":null,""energy_gain"":null,""hp_loss"":null,""vars"":{""OstyDamage"":5,""SicEmPower"":3,""SicEm"":3,""Damage"":5},""upgrade"":{""ostydamage"":""+1"",""sicempower"":""+1""}}"
SIC_EM,덮쳐!,Sic 'Em,necrobinder,Uncommon,E1,body,2,trigger,지속/발동기,positive_or_mixed,False,"Whenever Osty hits this enemy this turn, Summon {n}.","Whenever Osty hits this enemy this turn, Summon 3.","이번 턴에 골골이가 이 적을 공격할 때마다, 소환 3.",3,"{""damage"":5,""block"":null,""hit_count"":null,""cards_draw"":null,""energy_gain"":null,""hp_loss"":null,""vars"":{""OstyDamage"":5,""SicEmPower"":3,""SicEm"":3,""Damage"":5},""upgrade"":{""ostydamage"":""+1"",""sicempower"":""+1""}}"
SIGNAL_BOOST,신호 증폭,Signal Boost,defect,Rare,E1,body,1,card_play,추가 사용/재사용,positive_or_mixed,False,The next Power you play is played an additional time.,The next Power you play is played an additional time.,다음에 사용하는 파워 카드가 1번 추가로 사용됩니다.,,"{""damage"":null,""block"":null,""hit_count"":null,""cards_draw"":null,""energy_gain"":null,""hp_loss"":null,""vars"":{""SignalBoostPower"":1,""SignalBoost"":1},""upgrade"":{""cost"":0}}"
SIGNAL_BOOST,신호 증폭,Signal Boost,defect,Rare,E1,keyword,,keyword,카드 키워드,contextual,False,Keyword: Exhaust,Keyword: Exhaust,키워드: 소멸,,"{""damage"":null,""block"":null,""hit_count"":null,""cards_draw"":null,""energy_gain"":null,""hp_loss"":null,""vars"":{""SignalBoostPower"":1,""SignalBoost"":1},""upgrade"":{""cost"":0}}"
SKEWER,꼬챙이,Skewer,silent,Uncommon,EX,body,1,damage,피해,positive_or_mixed,True,Deal {n} damage X times.,Deal 8 damage X times.,피해를 8만큼 X번 줍니다.,8,"{""damage"":8,""block"":null,""hit_count"":null,""cards_draw"":null,""energy_gain"":null,""hp_loss"":null,""vars"":{""Damage"":8},""upgrade"":{""damage"":""+3""}}"
SKEWER,꼬챙이,Skewer,silent,Uncommon,EX,body,1,scaling,가변/스케일링,positive_or_mixed,True,Deal {n} damage X times.,Deal 8 damage X times.,피해를 8만큼 X번 줍니다.,8,"{""damage"":8,""block"":null,""hit_count"":null,""cards_draw"":null,""energy_gain"":null,""hp_loss"":null,""vars"":{""Damage"":8},""upgrade"":{""damage"":""+3""}}"
SKIM,걷어내기,Skim,defect,Uncommon,E1,body,1,draw,카드 뽑기,positive_or_mixed,False,Draw {n} cards.,Draw 3 cards.,카드를 3장 뽑습니다.,3,"{""damage"":null,""block"":null,""hit_count"":null,""cards_draw"":3,""energy_gain"":null,""hp_loss"":null,""vars"":{""Cards"":3},""upgrade"":{""cards"":""+1""}}"
SLEIGHT_OF_FLESH,살점 재주,Sleight of Flesh,necrobinder,Uncommon,E2,body,1,damage,피해,negative_or_cost,False,"Whenever you apply a debuff to an enemy, they take {n} damage.","Whenever you apply a debuff to an enemy, they take 9 damage.","적에게 해로운 효과를 부여할 때마다, 대상 적이 피해를 9 받습니다.",9,"{""damage"":null,""block"":null,""hit_count"":null,""cards_draw"":null,""energy_gain"":null,""hp_loss"":null,""vars"":{""SleightOfFleshPower"":9,""SleightOfFlesh"":9},""upgrade"":{""sleightoffleshpower"":""+4""}}"
SLEIGHT_OF_FLESH,살점 재주,Sleight of Flesh,necrobinder,Uncommon,E2,body,1,debuff,약화 효과,negative_or_cost,False,"Whenever you apply a debuff to an enemy, they take {n} damage.","Whenever you apply a debuff to an enemy, they take 9 damage.","적에게 해로운 효과를 부여할 때마다, 대상 적이 피해를 9 받습니다.",9,"{""damage"":null,""block"":null,""hit_count"":null,""cards_draw"":null,""energy_gain"":null,""hp_loss"":null,""vars"":{""SleightOfFleshPower"":9,""SleightOfFlesh"":9},""upgrade"":{""sleightoffleshpower"":""+4""}}"
SLEIGHT_OF_FLESH,살점 재주,Sleight of Flesh,necrobinder,Uncommon,E2,body,1,trigger,지속/발동기,negative_or_cost,False,"Whenever you apply a debuff to an enemy, they take {n} damage.","Whenever you apply a debuff to an enemy, they take 9 damage.","적에게 해로운 효과를 부여할 때마다, 대상 적이 피해를 9 받습니다.",9,"{""damage"":null,""block"":null,""hit_count"":null,""cards_draw"":null,""energy_gain"":null,""hp_loss"":null,""vars"":{""SleightOfFleshPower"":9,""SleightOfFlesh"":9},""upgrade"":{""sleightoffleshpower"":""+4""}}"
SLICE,칼질,Slice,silent,Common,E0,body,1,damage,피해,positive_or_mixed,False,Deal {n} damage.,Deal 6 damage.,피해를 6 줍니다.,6,"{""damage"":6,""block"":null,""hit_count"":null,""cards_draw"":null,""energy_gain"":null,""hp_loss"":null,""vars"":{""Damage"":6},""upgrade"":{""damage"":""+3""}}"
SLIMED,점액투성이,Slimed,status,Status,E1,body,1,draw,카드 뽑기,positive_or_mixed,False,Draw {n} card.,Draw 1 card.,카드를 1장 뽑습니다.,1,"{""damage"":null,""block"":null,""hit_count"":null,""cards_draw"":1,""energy_gain"":null,""hp_loss"":null,""vars"":{""Cards"":1},""upgrade"":null}"
SLIMED,점액투성이,Slimed,status,Status,E1,keyword,,keyword,카드 키워드,contextual,False,Keyword: Exhaust,Keyword: Exhaust,키워드: 소멸,,"{""damage"":null,""block"":null,""hit_count"":null,""cards_draw"":1,""energy_gain"":null,""hp_loss"":null,""vars"":{""Cards"":1},""upgrade"":null}"
SLOTH,나태,Sloth,token,Status,E-1,body,1,card_play,추가 사용/재사용,negative_or_cost,False,You cannot play more than {n} cards each turn.,You cannot play more than 3 cards each turn.,매 턴마다 카드를 최대 3장까지만 사용할 수 있습니다.,3,"{""damage"":null,""block"":null,""hit_count"":null,""cards_draw"":null,""energy_gain"":null,""hp_loss"":null,""vars"":{""SlothPower"":3,""Sloth"":3},""upgrade"":null}"
SLOTH,나태,Sloth,token,Status,E-1,body,1,restriction,사용 제약,negative_or_cost,False,You cannot play more than {n} cards each turn.,You cannot play more than 3 cards each turn.,매 턴마다 카드를 최대 3장까지만 사용할 수 있습니다.,3,"{""damage"":null,""block"":null,""hit_count"":null,""cards_draw"":null,""energy_gain"":null,""hp_loss"":null,""vars"":{""SlothPower"":3,""Sloth"":3},""upgrade"":null}"
SMOKESTACK,배기 장치,Smokestack,defect,Uncommon,E1,body,1,damage,피해,positive_or_mixed,False,"Whenever you create a Status, deal {n} damage to ALL enemies.","Whenever you create a Status, deal 5 damage to ALL enemies.","상태이상 카드를 생성할 때마다, 모든 적에게 피해를 5 줍니다.",5,"{""damage"":null,""block"":null,""hit_count"":null,""cards_draw"":null,""energy_gain"":null,""hp_loss"":null,""vars"":{""SmokestackPower"":5,""Smokestack"":5},""upgrade"":{""smokestackpower"":""+2""}}"
SMOKESTACK,배기 장치,Smokestack,defect,Uncommon,E1,body,1,trigger,지속/발동기,positive_or_mixed,False,"Whenever you create a Status, deal {n} damage to ALL enemies.","Whenever you create a Status, deal 5 damage to ALL enemies.","상태이상 카드를 생성할 때마다, 모든 적에게 피해를 5 줍니다.",5,"{""damage"":null,""block"":null,""hit_count"":null,""cards_draw"":null,""energy_gain"":null,""hp_loss"":null,""vars"":{""SmokestackPower"":5,""Smokestack"":5},""upgrade"":{""smokestackpower"":""+2""}}"
SMOKESTACK,배기 장치,Smokestack,defect,Uncommon,E1,body,1,status_penalty,상태/저주 페널티,positive_or_mixed,False,"Whenever you create a Status, deal {n} damage to ALL enemies.","Whenever you create a Status, deal 5 damage to ALL enemies.","상태이상 카드를 생성할 때마다, 모든 적에게 피해를 5 줍니다.",5,"{""damage"":null,""block"":null,""hit_count"":null,""cards_draw"":null,""energy_gain"":null,""hp_loss"":null,""vars"":{""SmokestackPower"":5,""Smokestack"":5},""upgrade"":{""smokestackpower"":""+2""}}"
SNAKEBITE,뱀 물기,Snakebite,silent,Common,E2,body,1,debuff,약화 효과,positive_or_mixed,False,Apply {n} Poison.,Apply 7 Poison.,중독을 7 부여합니다.,7,"{""damage"":null,""block"":null,""hit_count"":null,""cards_draw"":null,""energy_gain"":null,""hp_loss"":null,""vars"":{""PoisonPower"":7,""Poison"":7},""upgrade"":{""poison"":""+3""}}"
SNAKEBITE,뱀 물기,Snakebite,silent,Common,E2,keyword,,keyword,카드 키워드,contextual,False,Keyword: Retain,Keyword: Retain,키워드: 보존,,"{""damage"":null,""block"":null,""hit_count"":null,""cards_draw"":null,""energy_gain"":null,""hp_loss"":null,""vars"":{""PoisonPower"":7,""Poison"":7},""upgrade"":{""poison"":""+3""}}"
SNAP,넘기기,Snap,necrobinder,Common,E1,body,1,damage,피해,positive_or_mixed,False,Osty deals {n} damage.,Osty deals 7 damage.,골골이가 피해를 7 줍니다.,7,"{""damage"":7,""block"":null,""hit_count"":null,""cards_draw"":null,""energy_gain"":null,""hp_loss"":null,""vars"":{""OstyDamage"":7,""Damage"":7},""upgrade"":{""ostydamage"":""+3""}}"
SNAP,넘기기,Snap,necrobinder,Common,E1,body,1,osty,오스티/소환,positive_or_mixed,False,Osty deals {n} damage.,Osty deals 7 damage.,골골이가 피해를 7 줍니다.,7,"{""damage"":7,""block"":null,""hit_count"":null,""cards_draw"":null,""energy_gain"":null,""hp_loss"":null,""vars"":{""OstyDamage"":7,""Damage"":7},""upgrade"":{""ostydamage"":""+3""}}"
SNAP,넘기기,Snap,necrobinder,Common,E1,body,2,retain,보존,positive_or_mixed,False,Add Retain to a card in your Hand.,Add Retain to a card in your Hand.,손에 있는 카드 1장에 보존을 추가합니다.,,"{""damage"":7,""block"":null,""hit_count"":null,""cards_draw"":null,""energy_gain"":null,""hp_loss"":null,""vars"":{""OstyDamage"":7,""Damage"":7},""upgrade"":{""ostydamage"":""+3""}}"
SNAP,넘기기,Snap,necrobinder,Common,E1,body,2,card_create,카드 생성,positive_or_mixed,False,Add Retain to a card in your Hand.,Add Retain to a card in your Hand.,손에 있는 카드 1장에 보존을 추가합니다.,,"{""damage"":7,""block"":null,""hit_count"":null,""cards_draw"":null,""energy_gain"":null,""hp_loss"":null,""vars"":{""OstyDamage"":7,""Damage"":7},""upgrade"":{""ostydamage"":""+3""}}"
SNEAKY,비열함,Sneaky,silent,Rare,E2,body,1,ally,협동,positive_or_mixed,False,"Whenever another player attacks an enemy, gain {n} Block.","Whenever another player attacks an enemy, gain 1 Block.","다른 플레이어가 적을 공격할 때마다, 방어도를 1 얻습니다.",1,"{""damage"":null,""block"":null,""hit_count"":null,""cards_draw"":null,""energy_gain"":null,""hp_loss"":null,""vars"":{""SneakyPower"":1,""Sneaky"":1},""upgrade"":{""sneakypower"":""+1""}}"
SNEAKY,비열함,Sneaky,silent,Rare,E2,body,1,block,방어도,positive_or_mixed,False,"Whenever another player attacks an enemy, gain {n} Block.","Whenever another player attacks an enemy, gain 1 Block.","다른 플레이어가 적을 공격할 때마다, 방어도를 1 얻습니다.",1,"{""damage"":null,""block"":null,""hit_count"":null,""cards_draw"":null,""energy_gain"":null,""hp_loss"":null,""vars"":{""SneakyPower"":1,""Sneaky"":1},""upgrade"":{""sneakypower"":""+1""}}"
SNEAKY,비열함,Sneaky,silent,Rare,E2,body,1,trigger,지속/발동기,positive_or_mixed,False,"Whenever another player attacks an enemy, gain {n} Block.","Whenever another player attacks an enemy, gain 1 Block.","다른 플레이어가 적을 공격할 때마다, 방어도를 1 얻습니다.",1,"{""damage"":null,""block"":null,""hit_count"":null,""cards_draw"":null,""energy_gain"":null,""hp_loss"":null,""vars"":{""SneakyPower"":1,""Sneaky"":1},""upgrade"":{""sneakypower"":""+1""}}"
SNEAKY,비열함,Sneaky,silent,Rare,E2,keyword,,keyword,카드 키워드,contextual,False,Keyword: Sly,Keyword: Sly,키워드: 교활,,"{""damage"":null,""block"":null,""hit_count"":null,""cards_draw"":null,""energy_gain"":null,""hp_loss"":null,""vars"":{""SneakyPower"":1,""Sneaky"":1},""upgrade"":{""sneakypower"":""+1""}}"
SOLAR_STRIKE,태양의 타격,Solar Strike,regent,Common,E1,body,1,damage,피해,positive_or_mixed,False,Deal {n} damage.,Deal 9 damage.,피해를 9 줍니다.,9,"{""damage"":9,""block"":null,""hit_count"":null,""cards_draw"":null,""energy_gain"":null,""hp_loss"":null,""vars"":{""Damage"":9,""Stars"":1},""upgrade"":{""damage"":""+1"",""stars"":""+1""}}"
SOLAR_STRIKE,태양의 타격,Solar Strike,regent,Common,E1,body,2,stars,별,positive_or_mixed,False,Gain {n} Stars.,Gain 1 Stars.,1 Stars을 얻습니다.,1,"{""damage"":9,""block"":null,""hit_count"":null,""cards_draw"":null,""energy_gain"":null,""hp_loss"":null,""vars"":{""Damage"":9,""Stars"":1},""upgrade"":{""damage"":""+1"",""stars"":""+1""}}"
SOOT,그을음,Soot,status,Status,E-1,body,1,empty,효과 없음,positive_or_mixed,False,(empty),,,,"{""damage"":null,""block"":null,""hit_count"":null,""cards_draw"":null,""energy_gain"":null,""hp_loss"":null,""vars"":null,""upgrade"":null}"
SOOT,그을음,Soot,status,Status,E-1,keyword,,keyword,카드 키워드,contextual,False,Keyword: Unplayable,Keyword: Unplayable,키워드: 사용불가,,"{""damage"":null,""block"":null,""hit_count"":null,""cards_draw"":null,""energy_gain"":null,""hp_loss"":null,""vars"":null,""upgrade"":null}"
SOUL,영혼,Soul,token,Token,E0,body,1,draw,카드 뽑기,positive_or_mixed,False,Draw {n} cards.,Draw 2 cards.,카드를 2장 뽑습니다.,2,"{""damage"":null,""block"":null,""hit_count"":null,""cards_draw"":2,""energy_gain"":null,""hp_loss"":null,""vars"":{""Cards"":2},""upgrade"":{""cards"":""+1""}}"
SOUL,영혼,Soul,token,Token,E0,keyword,,keyword,카드 키워드,contextual,False,Keyword: Exhaust,Keyword: Exhaust,키워드: 소멸,,"{""damage"":null,""block"":null,""hit_count"":null,""cards_draw"":2,""energy_gain"":null,""hp_loss"":null,""vars"":{""Cards"":2},""upgrade"":{""cards"":""+1""}}"
SOUL_STORM,영혼 폭풍,Soul Storm,necrobinder,Rare,E1,body,1,damage,피해,positive_or_mixed,False,Deal {n} damage.,Deal 9 damage.,피해를 9 줍니다.,9,"{""damage"":9,""block"":null,""hit_count"":null,""cards_draw"":null,""energy_gain"":null,""hp_loss"":null,""vars"":{""CalculationBase"":9,""ExtraDamage"":2,""CalculatedDamage"":9},""upgrade"":{""extradamage"":""+1""}}"
SOUL_STORM,영혼 폭풍,Soul Storm,necrobinder,Rare,E1,body,2,damage,피해,positive_or_mixed,True,Deals {n} additional damage for each Soul in your Exhaust Pile.,Deals 2 additional damage for each Soul in your Exhaust Pile.,소멸된 카드 더미에 있는 영혼 1장당 피해량이 2 증가합니다.,2,"{""damage"":9,""block"":null,""hit_count"":null,""cards_draw"":null,""energy_gain"":null,""hp_loss"":null,""vars"":{""CalculationBase"":9,""ExtraDamage"":2,""CalculatedDamage"":9},""upgrade"":{""extradamage"":""+1""}}"
SOUL_STORM,영혼 폭풍,Soul Storm,necrobinder,Rare,E1,body,2,exhaust,소멸시키기,positive_or_mixed,True,Deals {n} additional damage for each Soul in your Exhaust Pile.,Deals 2 additional damage for each Soul in your Exhaust Pile.,소멸된 카드 더미에 있는 영혼 1장당 피해량이 2 증가합니다.,2,"{""damage"":9,""block"":null,""hit_count"":null,""cards_draw"":null,""energy_gain"":null,""hp_loss"":null,""vars"":{""CalculationBase"":9,""ExtraDamage"":2,""CalculatedDamage"":9},""upgrade"":{""extradamage"":""+1""}}"
SOUL_STORM,영혼 폭풍,Soul Storm,necrobinder,Rare,E1,body,2,scaling,가변/스케일링,positive_or_mixed,True,Deals {n} additional damage for each Soul in your Exhaust Pile.,Deals 2 additional damage for each Soul in your Exhaust Pile.,소멸된 카드 더미에 있는 영혼 1장당 피해량이 2 증가합니다.,2,"{""damage"":9,""block"":null,""hit_count"":null,""cards_draw"":null,""energy_gain"":null,""hp_loss"":null,""vars"":{""CalculationBase"":9,""ExtraDamage"":2,""CalculatedDamage"":9},""upgrade"":{""extradamage"":""+1""}}"
SOVEREIGN_BLADE,군주의 칼날,Sovereign Blade,token,Token,E2,body,1,damage,피해,positive_or_mixed,False,Deal {n} damage.,Deal 10 damage.,피해를 10 줍니다.,10,"{""damage"":10,""block"":null,""hit_count"":1,""cards_draw"":null,""energy_gain"":null,""hp_loss"":null,""vars"":{""Damage"":10,""CalculationBase"":0,""CalculationExtra"":1,""Repeat"":1,""baseDamage"":10},""upgrade"":{""cost"":1}}"
SOVEREIGN_BLADE,군주의 칼날,Sovereign Blade,token,Token,E2,keyword,,keyword,카드 키워드,contextual,False,Keyword: Retain,Keyword: Retain,키워드: 보존,,"{""damage"":10,""block"":null,""hit_count"":1,""cards_draw"":null,""energy_gain"":null,""hp_loss"":null,""vars"":{""Damage"":10,""CalculationBase"":0,""CalculationExtra"":1,""Repeat"":1,""baseDamage"":10},""upgrade"":{""cost"":1}}"
SOW,파종,Sow,necrobinder,Common,E1,body,1,damage,피해,positive_or_mixed,False,Deal {n} damage to ALL enemies.,Deal 8 damage to ALL enemies.,모든 적에게 피해를 8 줍니다.,8,"{""damage"":8,""block"":null,""hit_count"":null,""cards_draw"":null,""energy_gain"":null,""hp_loss"":null,""vars"":{""Damage"":8},""upgrade"":{""damage"":""+3""}}"
SOW,파종,Sow,necrobinder,Common,E1,keyword,,keyword,카드 키워드,contextual,False,Keyword: Retain,Keyword: Retain,키워드: 보존,,"{""damage"":8,""block"":null,""hit_count"":null,""cards_draw"":null,""energy_gain"":null,""hp_loss"":null,""vars"":{""Damage"":8},""upgrade"":{""damage"":""+3""}}"
SPECTRUM_SHIFT,스펙트럼 이동,Spectrum Shift,regent,Uncommon,E2,body,1,card_create,카드 생성,positive_or_mixed,False,"At the start of your turn, add {n} random Colorless card into your Hand.","At the start of your turn, add 1 random Colorless card into your Hand.","내 턴 시작 시, 무작위 무색 카드를 1장 손으로 가져옵니다.",1,"{""damage"":null,""block"":null,""hit_count"":null,""cards_draw"":1,""energy_gain"":null,""hp_loss"":null,""vars"":{""Cards"":1},""upgrade"":{""cost"":1}}"
SPECTRUM_SHIFT,스펙트럼 이동,Spectrum Shift,regent,Uncommon,E2,body,1,card_move,카드 이동/탐색,positive_or_mixed,False,"At the start of your turn, add {n} random Colorless card into your Hand.","At the start of your turn, add 1 random Colorless card into your Hand.","내 턴 시작 시, 무작위 무색 카드를 1장 손으로 가져옵니다.",1,"{""damage"":null,""block"":null,""hit_count"":null,""cards_draw"":1,""energy_gain"":null,""hp_loss"":null,""vars"":{""Cards"":1},""upgrade"":{""cost"":1}}"
SPECTRUM_SHIFT,스펙트럼 이동,Spectrum Shift,regent,Uncommon,E2,body,1,trigger,지속/발동기,positive_or_mixed,False,"At the start of your turn, add {n} random Colorless card into your Hand.","At the start of your turn, add 1 random Colorless card into your Hand.","내 턴 시작 시, 무작위 무색 카드를 1장 손으로 가져옵니다.",1,"{""damage"":null,""block"":null,""hit_count"":null,""cards_draw"":1,""energy_gain"":null,""hp_loss"":null,""vars"":{""Cards"":1},""upgrade"":{""cost"":1}}"
SPEEDSTER,스피드스터,Speedster,silent,Uncommon,E2,body,1,damage,피해,positive_or_mixed,False,"Whenever you draw a card during your turn, deal {n} damage to ALL enemies.","Whenever you draw a card during your turn, deal 2 damage to ALL enemies.","내 턴 동안 카드를 뽑을 때마다, 모든 적에게 피해를 2 줍니다.",2,"{""damage"":null,""block"":null,""hit_count"":null,""cards_draw"":null,""energy_gain"":null,""hp_loss"":null,""vars"":{""SpeedsterPower"":2,""Speedster"":2},""upgrade"":{""add_innate"":1}}"
SPEEDSTER,스피드스터,Speedster,silent,Uncommon,E2,body,1,draw,카드 뽑기,positive_or_mixed,False,"Whenever you draw a card during your turn, deal {n} damage to ALL enemies.","Whenever you draw a card during your turn, deal 2 damage to ALL enemies.","내 턴 동안 카드를 뽑을 때마다, 모든 적에게 피해를 2 줍니다.",2,"{""damage"":null,""block"":null,""hit_count"":null,""cards_draw"":null,""energy_gain"":null,""hp_loss"":null,""vars"":{""SpeedsterPower"":2,""Speedster"":2},""upgrade"":{""add_innate"":1}}"
SPEEDSTER,스피드스터,Speedster,silent,Uncommon,E2,body,1,trigger,지속/발동기,positive_or_mixed,False,"Whenever you draw a card during your turn, deal {n} damage to ALL enemies.","Whenever you draw a card during your turn, deal 2 damage to ALL enemies.","내 턴 동안 카드를 뽑을 때마다, 모든 적에게 피해를 2 줍니다.",2,"{""damage"":null,""block"":null,""hit_count"":null,""cards_draw"":null,""energy_gain"":null,""hp_loss"":null,""vars"":{""SpeedsterPower"":2,""Speedster"":2},""upgrade"":{""add_innate"":1}}"
SPINNER,스피너,Spinner,defect,Rare,E1,body,1,orb,구체,positive_or_mixed,False,"At the start of your turn, Channel {n} Glass.","At the start of your turn, Channel 1 Glass.","내 턴 시작 시, 유리를 1번 영창합니다.",1,"{""damage"":null,""block"":null,""hit_count"":null,""cards_draw"":null,""energy_gain"":null,""hp_loss"":null,""vars"":{""SpinnerPower"":1,""Spinner"":1},""upgrade"":{""description_changed"":1}}"
SPINNER,스피너,Spinner,defect,Rare,E1,body,1,trigger,지속/발동기,positive_or_mixed,False,"At the start of your turn, Channel {n} Glass.","At the start of your turn, Channel 1 Glass.","내 턴 시작 시, 유리를 1번 영창합니다.",1,"{""damage"":null,""block"":null,""hit_count"":null,""cards_draw"":null,""energy_gain"":null,""hp_loss"":null,""vars"":{""SpinnerPower"":1,""Spinner"":1},""upgrade"":{""description_changed"":1}}"
SPIRIT_OF_ASH,잿빛 혼령,Spirit of Ash,necrobinder,Rare,E1,body,1,block,방어도,positive_or_mixed,False,"Whenever you play an Ethereal card, gain {n} Block.","Whenever you play an Ethereal card, gain 4 Block.","휘발성 카드를 사용할 때마다, 방어도를 4 얻습니다.",4,"{""damage"":null,""block"":null,""hit_count"":null,""cards_draw"":null,""energy_gain"":null,""hp_loss"":null,""vars"":{""BlockOnExhaust"":4},""upgrade"":{""blockonexhaust"":""+1""}}"
SPIRIT_OF_ASH,잿빛 혼령,Spirit of Ash,necrobinder,Rare,E1,body,1,card_play,추가 사용/재사용,positive_or_mixed,False,"Whenever you play an Ethereal card, gain {n} Block.","Whenever you play an Ethereal card, gain 4 Block.","휘발성 카드를 사용할 때마다, 방어도를 4 얻습니다.",4,"{""damage"":null,""block"":null,""hit_count"":null,""cards_draw"":null,""energy_gain"":null,""hp_loss"":null,""vars"":{""BlockOnExhaust"":4},""upgrade"":{""blockonexhaust"":""+1""}}"
SPIRIT_OF_ASH,잿빛 혼령,Spirit of Ash,necrobinder,Rare,E1,body,1,trigger,지속/발동기,positive_or_mixed,False,"Whenever you play an Ethereal card, gain {n} Block.","Whenever you play an Ethereal card, gain 4 Block.","휘발성 카드를 사용할 때마다, 방어도를 4 얻습니다.",4,"{""damage"":null,""block"":null,""hit_count"":null,""cards_draw"":null,""energy_gain"":null,""hp_loss"":null,""vars"":{""BlockOnExhaust"":4},""upgrade"":{""blockonexhaust"":""+1""}}"
SPITE,악의,Spite,ironclad,Uncommon,E0,body,1,damage,피해,positive_or_mixed,False,Deal {n} damage.,Deal 5 damage.,피해를 5 줍니다.,5,"{""damage"":5,""block"":null,""hit_count"":2,""cards_draw"":null,""energy_gain"":null,""hp_loss"":null,""vars"":{""Damage"":5,""Repeat"":2},""upgrade"":{""repeat"":""+1""}}"
SPITE,악의,Spite,ironclad,Uncommon,E0,body,2,hp,체력,positive_or_mixed,False,"If you lost HP this turn, hits {n} times.","If you lost HP this turn, hits 2 times.","이번 턴 동안 체력을 잃었다면, 2번 적중합니다.",2,"{""damage"":5,""block"":null,""hit_count"":2,""cards_draw"":null,""energy_gain"":null,""hp_loss"":null,""vars"":{""Damage"":5,""Repeat"":2},""upgrade"":{""repeat"":""+1""}}"
SPITE,악의,Spite,ironclad,Uncommon,E0,body,2,trigger,지속/발동기,positive_or_mixed,False,"If you lost HP this turn, hits {n} times.","If you lost HP this turn, hits 2 times.","이번 턴 동안 체력을 잃었다면, 2번 적중합니다.",2,"{""damage"":5,""block"":null,""hit_count"":2,""cards_draw"":null,""energy_gain"":null,""hp_loss"":null,""vars"":{""Damage"":5,""Repeat"":2},""upgrade"":{""repeat"":""+1""}}"
SPLASH,착수,Splash,colorless,Uncommon,E1,body,1,card_create,카드 생성,positive_or_mixed,False,Choose {n} of {n} random Attacks from another character to add into your Hand.,Choose 1 of 3 random Attacks from another character to add into your Hand.,다른 캐릭터의 무작위 공격 카드 3장 중 1장을 선택해 손으로 가져옵니다.,1|3,"{""damage"":null,""block"":null,""hit_count"":null,""cards_draw"":null,""energy_gain"":null,""hp_loss"":null,""vars"":null,""upgrade"":{""description_changed"":1}}"
SPLASH,착수,Splash,colorless,Uncommon,E1,body,1,card_move,카드 이동/탐색,positive_or_mixed,False,Choose {n} of {n} random Attacks from another character to add into your Hand.,Choose 1 of 3 random Attacks from another character to add into your Hand.,다른 캐릭터의 무작위 공격 카드 3장 중 1장을 선택해 손으로 가져옵니다.,1|3,"{""damage"":null,""block"":null,""hit_count"":null,""cards_draw"":null,""energy_gain"":null,""hp_loss"":null,""vars"":null,""upgrade"":{""description_changed"":1}}"
SPLASH,착수,Splash,colorless,Uncommon,E1,body,2,card_cost,비용 변화,positive_or_mixed,False,It's free to play this turn.,It's free to play this turn.,이번 턴 동안 그 카드를 비용 없이 사용할 수 있습니다.,,"{""damage"":null,""block"":null,""hit_count"":null,""cards_draw"":null,""energy_gain"":null,""hp_loss"":null,""vars"":null,""upgrade"":{""description_changed"":1}}"
SPLASH,착수,Splash,colorless,Uncommon,E1,body,2,card_play,추가 사용/재사용,positive_or_mixed,False,It's free to play this turn.,It's free to play this turn.,이번 턴 동안 그 카드를 비용 없이 사용할 수 있습니다.,,"{""damage"":null,""block"":null,""hit_count"":null,""cards_draw"":null,""energy_gain"":null,""hp_loss"":null,""vars"":null,""upgrade"":{""description_changed"":1}}"
SPOILS_MAP,보물 지도,Spoils Map,quest,Quest,E-1,body,1,reward_meta,전투 외/보상,positive_or_mixed,False,Marks a site of {n} extra Gold in the next Act.,Marks a site of 600 extra Gold in the next Act.,600 골드를 추가로 얻을 수 있는 장소를 다음 막에 표시합니다.,600,"{""damage"":null,""block"":null,""hit_count"":null,""cards_draw"":null,""energy_gain"":null,""hp_loss"":null,""vars"":{""Gold"":600},""upgrade"":null}"
SPOILS_MAP,보물 지도,Spoils Map,quest,Quest,E-1,keyword,,keyword,카드 키워드,contextual,False,Keyword: Unplayable,Keyword: Unplayable,키워드: 사용불가,,"{""damage"":null,""block"":null,""hit_count"":null,""cards_draw"":null,""energy_gain"":null,""hp_loss"":null,""vars"":{""Gold"":600},""upgrade"":null}"
SPOILS_OF_BATTLE,전투의 성과,Spoils of Battle,regent,Common,E1,body,1,forge,제련,positive_or_mixed,False,Forge {n}.,Forge 5.,단조 5.,5,"{""damage"":null,""block"":null,""hit_count"":null,""cards_draw"":2,""energy_gain"":null,""hp_loss"":null,""vars"":{""Forge"":5,""Cards"":2},""upgrade"":{""forge"":""+3""}}"
SPOILS_OF_BATTLE,전투의 성과,Spoils of Battle,regent,Common,E1,body,2,draw,카드 뽑기,positive_or_mixed,False,Draw {n} cards.,Draw 2 cards.,카드를 2장 뽑습니다.,2,"{""damage"":null,""block"":null,""hit_count"":null,""cards_draw"":2,""energy_gain"":null,""hp_loss"":null,""vars"":{""Forge"":5,""Cards"":2},""upgrade"":{""forge"":""+3""}}"
SPORE_MIND,포자 잠식,Spore Mind,curse,Curse,E1,body,1,empty,효과 없음,positive_or_mixed,False,(empty),,,,"{""damage"":null,""block"":null,""hit_count"":null,""cards_draw"":null,""energy_gain"":null,""hp_loss"":null,""vars"":null,""upgrade"":null}"
SPORE_MIND,포자 잠식,Spore Mind,curse,Curse,E1,keyword,,keyword,카드 키워드,contextual,False,Keyword: Exhaust,Keyword: Exhaust,키워드: 소멸,,"{""damage"":null,""block"":null,""hit_count"":null,""cards_draw"":null,""energy_gain"":null,""hp_loss"":null,""vars"":null,""upgrade"":null}"
SPUR,격려,Spur,necrobinder,Uncommon,E1,body,1,osty,오스티/소환,positive_or_mixed,False,Summon {n}.,Summon 3.,소환 3.,3,"{""damage"":null,""block"":null,""hit_count"":null,""cards_draw"":null,""energy_gain"":null,""hp_loss"":null,""vars"":{""Summon"":3,""Heal"":5},""upgrade"":{""summon"":""+2"",""heal"":""+2""}}"
SPUR,격려,Spur,necrobinder,Uncommon,E1,body,2,hp,체력,positive_or_mixed,False,Osty heals {n} HP.,Osty heals 5 HP.,골골이가 체력을 5 회복합니다.,5,"{""damage"":null,""block"":null,""hit_count"":null,""cards_draw"":null,""energy_gain"":null,""hp_loss"":null,""vars"":{""Summon"":3,""Heal"":5},""upgrade"":{""summon"":""+2"",""heal"":""+2""}}"
SPUR,격려,Spur,necrobinder,Uncommon,E1,body,2,osty,오스티/소환,positive_or_mixed,False,Osty heals {n} HP.,Osty heals 5 HP.,골골이가 체력을 5 회복합니다.,5,"{""damage"":null,""block"":null,""hit_count"":null,""cards_draw"":null,""energy_gain"":null,""hp_loss"":null,""vars"":{""Summon"":3,""Heal"":5},""upgrade"":{""summon"":""+2"",""heal"":""+2""}}"
SPUR,격려,Spur,necrobinder,Uncommon,E1,keyword,,keyword,카드 키워드,contextual,False,Keyword: Retain,Keyword: Retain,키워드: 보존,,"{""damage"":null,""block"":null,""hit_count"":null,""cards_draw"":null,""energy_gain"":null,""hp_loss"":null,""vars"":{""Summon"":3,""Heal"":5},""upgrade"":{""summon"":""+2"",""heal"":""+2""}}"
SQUASH,짓누르기,Squash,event,Event,E1,body,1,damage,피해,positive_or_mixed,False,Deal {n} damage.,Deal 10 damage.,피해를 10 줍니다.,10,"{""damage"":10,""block"":null,""hit_count"":null,""cards_draw"":null,""energy_gain"":null,""hp_loss"":null,""vars"":{""Damage"":10,""VulnerablePower"":2,""Vulnerable"":2},""upgrade"":{""damage"":""+2"",""vulnerable"":""+1""}}"
SQUASH,짓누르기,Squash,event,Event,E1,body,2,debuff,약화 효과,positive_or_mixed,False,Apply {n} Vulnerable.,Apply 2 Vulnerable.,취약을 2 부여합니다.,2,"{""damage"":10,""block"":null,""hit_count"":null,""cards_draw"":null,""energy_gain"":null,""hp_loss"":null,""vars"":{""Damage"":10,""VulnerablePower"":2,""Vulnerable"":2},""upgrade"":{""damage"":""+2"",""vulnerable"":""+1""}}"
SQUEEZE,쥐어짜기,Squeeze,necrobinder,Rare,E3,body,1,damage,피해,positive_or_mixed,False,Osty deals {n} damage.,Osty deals 25 damage.,골골이가 피해를 25 줍니다.,25,"{""damage"":25,""block"":null,""hit_count"":null,""cards_draw"":null,""energy_gain"":null,""hp_loss"":null,""vars"":{""CalculationBase"":25,""ExtraDamage"":5,""CalculatedDamage"":25},""upgrade"":{""calculationbase"":""+5"",""extradamage"":""+1""}}"
SQUEEZE,쥐어짜기,Squeeze,necrobinder,Rare,E3,body,1,osty,오스티/소환,positive_or_mixed,False,Osty deals {n} damage.,Osty deals 25 damage.,골골이가 피해를 25 줍니다.,25,"{""damage"":25,""block"":null,""hit_count"":null,""cards_draw"":null,""energy_gain"":null,""hp_loss"":null,""vars"":{""CalculationBase"":25,""ExtraDamage"":5,""CalculatedDamage"":25},""upgrade"":{""calculationbase"":""+5"",""extradamage"":""+1""}}"
SQUEEZE,쥐어짜기,Squeeze,necrobinder,Rare,E3,body,2,damage,피해,positive_or_mixed,True,Deals {n} additional damage for ALL your other Osty Attacks.,Deals 5 additional damage for ALL your other Osty Attacks.,다른 모든 골골이 공격 카드 1장당 피해량이 5 증가합니다.,5,"{""damage"":25,""block"":null,""hit_count"":null,""cards_draw"":null,""energy_gain"":null,""hp_loss"":null,""vars"":{""CalculationBase"":25,""ExtraDamage"":5,""CalculatedDamage"":25},""upgrade"":{""calculationbase"":""+5"",""extradamage"":""+1""}}"
SQUEEZE,쥐어짜기,Squeeze,necrobinder,Rare,E3,body,2,osty,오스티/소환,positive_or_mixed,True,Deals {n} additional damage for ALL your other Osty Attacks.,Deals 5 additional damage for ALL your other Osty Attacks.,다른 모든 골골이 공격 카드 1장당 피해량이 5 증가합니다.,5,"{""damage"":25,""block"":null,""hit_count"":null,""cards_draw"":null,""energy_gain"":null,""hp_loss"":null,""vars"":{""CalculationBase"":25,""ExtraDamage"":5,""CalculatedDamage"":25},""upgrade"":{""calculationbase"":""+5"",""extradamage"":""+1""}}"
SQUEEZE,쥐어짜기,Squeeze,necrobinder,Rare,E3,body,2,scaling,가변/스케일링,positive_or_mixed,True,Deals {n} additional damage for ALL your other Osty Attacks.,Deals 5 additional damage for ALL your other Osty Attacks.,다른 모든 골골이 공격 카드 1장당 피해량이 5 증가합니다.,5,"{""damage"":25,""block"":null,""hit_count"":null,""cards_draw"":null,""energy_gain"":null,""hp_loss"":null,""vars"":{""CalculationBase"":25,""ExtraDamage"":5,""CalculatedDamage"":25},""upgrade"":{""calculationbase"":""+5"",""extradamage"":""+1""}}"
STACK,스택,Stack,event,Event,E1,body,1,block,방어도,positive_or_mixed,True,Gain Block equal to the number of cards in your Discard Pile.,Gain Block equal to the number of cards in your Discard Pile.,버린 카드 더미에 있는 카드의 수만큼 방어도를 얻습니다.,,"{""damage"":0,""block"":null,""hit_count"":null,""cards_draw"":null,""energy_gain"":null,""hp_loss"":null,""vars"":{""CalculationBase"":0,""CalculationExtra"":1},""upgrade"":{""calculationbase"":""+3""}}"
STACK,스택,Stack,event,Event,E1,body,1,discard,버리기,positive_or_mixed,True,Gain Block equal to the number of cards in your Discard Pile.,Gain Block equal to the number of cards in your Discard Pile.,버린 카드 더미에 있는 카드의 수만큼 방어도를 얻습니다.,,"{""damage"":0,""block"":null,""hit_count"":null,""cards_draw"":null,""energy_gain"":null,""hp_loss"":null,""vars"":{""CalculationBase"":0,""CalculationExtra"":1},""upgrade"":{""calculationbase"":""+3""}}"
STACK,스택,Stack,event,Event,E1,body,1,scaling,가변/스케일링,positive_or_mixed,True,Gain Block equal to the number of cards in your Discard Pile.,Gain Block equal to the number of cards in your Discard Pile.,버린 카드 더미에 있는 카드의 수만큼 방어도를 얻습니다.,,"{""damage"":0,""block"":null,""hit_count"":null,""cards_draw"":null,""energy_gain"":null,""hp_loss"":null,""vars"":{""CalculationBase"":0,""CalculationExtra"":1},""upgrade"":{""calculationbase"":""+3""}}"
STAMPEDE,쇄도,Stampede,ironclad,Uncommon,E2,body,1,card_play,추가 사용/재사용,positive_or_mixed,False,"At the end of your turn, {n} random Attack in your Hand is played against a random enemy.","At the end of your turn, 1 random Attack in your Hand is played against a random enemy.","내 턴 종료 시, 손에 있는 무작위 공격 카드 1장이 무작위 적에게 사용됩니다.",1,"{""damage"":null,""block"":null,""hit_count"":null,""cards_draw"":null,""energy_gain"":null,""hp_loss"":null,""vars"":{""Power"":1},""upgrade"":{""cost"":1}}"
STAMPEDE,쇄도,Stampede,ironclad,Uncommon,E2,body,1,trigger,지속/발동기,positive_or_mixed,False,"At the end of your turn, {n} random Attack in your Hand is played against a random enemy.","At the end of your turn, 1 random Attack in your Hand is played against a random enemy.","내 턴 종료 시, 손에 있는 무작위 공격 카드 1장이 무작위 적에게 사용됩니다.",1,"{""damage"":null,""block"":null,""hit_count"":null,""cards_draw"":null,""energy_gain"":null,""hp_loss"":null,""vars"":{""Power"":1},""upgrade"":{""cost"":1}}"
STARDUST,우주 먼지,Stardust,regent,Uncommon,E0+SX,body,1,damage,피해,positive_or_mixed,True,Deal {n} damage to a random enemy X times.,Deal 5 damage to a random enemy X times.,무작위 적에게 피해를 5만큼 X번 줍니다.,5,"{""damage"":5,""block"":null,""hit_count"":null,""cards_draw"":null,""energy_gain"":null,""hp_loss"":null,""vars"":{""Damage"":5},""upgrade"":{""damage"":""+2""}}"
STARDUST,우주 먼지,Stardust,regent,Uncommon,E0+SX,body,1,scaling,가변/스케일링,positive_or_mixed,True,Deal {n} damage to a random enemy X times.,Deal 5 damage to a random enemy X times.,무작위 적에게 피해를 5만큼 X번 줍니다.,5,"{""damage"":5,""block"":null,""hit_count"":null,""cards_draw"":null,""energy_gain"":null,""hp_loss"":null,""vars"":{""Damage"":5},""upgrade"":{""damage"":""+2""}}"
STOKE,화력 증폭,Stoke,ironclad,Rare,E1,body,1,exhaust,소멸시키기,positive_or_mixed,False,Exhaust your Hand.,Exhaust your Hand.,손에 있는 모든 카드를 소멸시킵니다.,,"{""damage"":null,""block"":null,""hit_count"":null,""cards_draw"":null,""energy_gain"":null,""hp_loss"":null,""vars"":null,""upgrade"":{""description_changed"":1}}"
STOKE,화력 증폭,Stoke,ironclad,Rare,E1,body,2,exhaust,소멸시키기,positive_or_mixed,True,Add {n} random card into your Hand for each card Exhausted.,Add 1 random card into your Hand for each card Exhausted.,소멸시킨 카드의 수만큼 무작위 카드를 1장 손으로 가져옵니다.,1,"{""damage"":null,""block"":null,""hit_count"":null,""cards_draw"":null,""energy_gain"":null,""hp_loss"":null,""vars"":null,""upgrade"":{""description_changed"":1}}"
STOKE,화력 증폭,Stoke,ironclad,Rare,E1,body,2,card_create,카드 생성,positive_or_mixed,True,Add {n} random card into your Hand for each card Exhausted.,Add 1 random card into your Hand for each card Exhausted.,소멸시킨 카드의 수만큼 무작위 카드를 1장 손으로 가져옵니다.,1,"{""damage"":null,""block"":null,""hit_count"":null,""cards_draw"":null,""energy_gain"":null,""hp_loss"":null,""vars"":null,""upgrade"":{""description_changed"":1}}"
STOKE,화력 증폭,Stoke,ironclad,Rare,E1,body,2,card_move,카드 이동/탐색,positive_or_mixed,True,Add {n} random card into your Hand for each card Exhausted.,Add 1 random card into your Hand for each card Exhausted.,소멸시킨 카드의 수만큼 무작위 카드를 1장 손으로 가져옵니다.,1,"{""damage"":null,""block"":null,""hit_count"":null,""cards_draw"":null,""energy_gain"":null,""hp_loss"":null,""vars"":null,""upgrade"":{""description_changed"":1}}"
STOKE,화력 증폭,Stoke,ironclad,Rare,E1,body,2,scaling,가변/스케일링,positive_or_mixed,True,Add {n} random card into your Hand for each card Exhausted.,Add 1 random card into your Hand for each card Exhausted.,소멸시킨 카드의 수만큼 무작위 카드를 1장 손으로 가져옵니다.,1,"{""damage"":null,""block"":null,""hit_count"":null,""cards_draw"":null,""energy_gain"":null,""hp_loss"":null,""vars"":null,""upgrade"":{""description_changed"":1}}"
STOMP,짓밟기,Stomp,ironclad,Uncommon,E3,body,1,damage,피해,positive_or_mixed,False,Deal {n} damage to ALL enemies.,Deal 12 damage to ALL enemies.,모든 적에게 피해를 12 줍니다.,12,"{""damage"":12,""block"":null,""hit_count"":null,""cards_draw"":null,""energy_gain"":null,""hp_loss"":null,""vars"":{""Damage"":12},""upgrade"":{""damage"":""+3""}}"
STOMP,짓밟기,Stomp,ironclad,Uncommon,E3,body,2,card_cost,비용 변화,positive_or_mixed,True,Costs {n} less Energy for each Attack played this turn.,Costs 1 less Energy for each Attack played this turn.,이번 턴 동안 사용한 공격 카드 1장당 1 Energy 비용이 1 감소합니다.,1,"{""damage"":12,""block"":null,""hit_count"":null,""cards_draw"":null,""energy_gain"":null,""hp_loss"":null,""vars"":{""Damage"":12},""upgrade"":{""damage"":""+3""}}"
STOMP,짓밟기,Stomp,ironclad,Uncommon,E3,body,2,card_play,추가 사용/재사용,positive_or_mixed,True,Costs {n} less Energy for each Attack played this turn.,Costs 1 less Energy for each Attack played this turn.,이번 턴 동안 사용한 공격 카드 1장당 1 Energy 비용이 1 감소합니다.,1,"{""damage"":12,""block"":null,""hit_count"":null,""cards_draw"":null,""energy_gain"":null,""hp_loss"":null,""vars"":{""Damage"":12},""upgrade"":{""damage"":""+3""}}"
STOMP,짓밟기,Stomp,ironclad,Uncommon,E3,body,2,energy,에너지,positive_or_mixed,True,Costs {n} less Energy for each Attack played this turn.,Costs 1 less Energy for each Attack played this turn.,이번 턴 동안 사용한 공격 카드 1장당 1 Energy 비용이 1 감소합니다.,1,"{""damage"":12,""block"":null,""hit_count"":null,""cards_draw"":null,""energy_gain"":null,""hp_loss"":null,""vars"":{""Damage"":12},""upgrade"":{""damage"":""+3""}}"
STOMP,짓밟기,Stomp,ironclad,Uncommon,E3,body,2,scaling,가변/스케일링,positive_or_mixed,True,Costs {n} less Energy for each Attack played this turn.,Costs 1 less Energy for each Attack played this turn.,이번 턴 동안 사용한 공격 카드 1장당 1 Energy 비용이 1 감소합니다.,1,"{""damage"":12,""block"":null,""hit_count"":null,""cards_draw"":null,""energy_gain"":null,""hp_loss"":null,""vars"":{""Damage"":12},""upgrade"":{""damage"":""+3""}}"
STONE_ARMOR,돌 갑옷,Stone Armor,ironclad,Uncommon,E1,body,1,buff,강화 효과,positive_or_mixed,False,Gain {n} Plating.,Gain 4 Plating.,판금을 4 얻습니다.,4,"{""damage"":null,""block"":null,""hit_count"":null,""cards_draw"":null,""energy_gain"":null,""hp_loss"":null,""vars"":{""PlatingPower"":4,""Plating"":4},""upgrade"":{""platingpower"":""+2""}}"
STORM,폭풍,Storm,defect,Uncommon,E1,body,1,card_play,추가 사용/재사용,positive_or_mixed,False,"Whenever you play a Power, Channel {n} Lightning.","Whenever you play a Power, Channel 1 Lightning.","파워 카드를 사용할 때마다, 전기를 1번 영창합니다.",1,"{""damage"":null,""block"":null,""hit_count"":null,""cards_draw"":null,""energy_gain"":null,""hp_loss"":null,""vars"":{""StormPower"":1,""Storm"":1},""upgrade"":{""stormpower"":""+1""}}"
STORM,폭풍,Storm,defect,Uncommon,E1,body,1,orb,구체,positive_or_mixed,False,"Whenever you play a Power, Channel {n} Lightning.","Whenever you play a Power, Channel 1 Lightning.","파워 카드를 사용할 때마다, 전기를 1번 영창합니다.",1,"{""damage"":null,""block"":null,""hit_count"":null,""cards_draw"":null,""energy_gain"":null,""hp_loss"":null,""vars"":{""StormPower"":1,""Storm"":1},""upgrade"":{""stormpower"":""+1""}}"
STORM,폭풍,Storm,defect,Uncommon,E1,body,1,trigger,지속/발동기,positive_or_mixed,False,"Whenever you play a Power, Channel {n} Lightning.","Whenever you play a Power, Channel 1 Lightning.","파워 카드를 사용할 때마다, 전기를 1번 영창합니다.",1,"{""damage"":null,""block"":null,""hit_count"":null,""cards_draw"":null,""energy_gain"":null,""hp_loss"":null,""vars"":{""StormPower"":1,""Storm"":1},""upgrade"":{""stormpower"":""+1""}}"
STORM_OF_STEEL,강철의 폭풍,Storm of Steel,silent,Rare,E1,body,1,discard,버리기,positive_or_mixed,False,Discard your Hand.,Discard your Hand.,손에 있는 모든 카드를 버립니다.,,"{""damage"":null,""block"":null,""hit_count"":null,""cards_draw"":null,""energy_gain"":null,""hp_loss"":null,""vars"":null,""upgrade"":{""description_changed"":1}}"
STORM_OF_STEEL,강철의 폭풍,Storm of Steel,silent,Rare,E1,body,2,discard,버리기,positive_or_mixed,True,Add {n} Shiv into your Hand for each card discarded.,Add 1 Shiv into your Hand for each card discarded.,버린 카드의 수만큼 단도를 손으로 가져옵니다.,1,"{""damage"":null,""block"":null,""hit_count"":null,""cards_draw"":null,""energy_gain"":null,""hp_loss"":null,""vars"":null,""upgrade"":{""description_changed"":1}}"
STORM_OF_STEEL,강철의 폭풍,Storm of Steel,silent,Rare,E1,body,2,card_create,카드 생성,positive_or_mixed,True,Add {n} Shiv into your Hand for each card discarded.,Add 1 Shiv into your Hand for each card discarded.,버린 카드의 수만큼 단도를 손으로 가져옵니다.,1,"{""damage"":null,""block"":null,""hit_count"":null,""cards_draw"":null,""energy_gain"":null,""hp_loss"":null,""vars"":null,""upgrade"":{""description_changed"":1}}"
STORM_OF_STEEL,강철의 폭풍,Storm of Steel,silent,Rare,E1,body,2,card_move,카드 이동/탐색,positive_or_mixed,True,Add {n} Shiv into your Hand for each card discarded.,Add 1 Shiv into your Hand for each card discarded.,버린 카드의 수만큼 단도를 손으로 가져옵니다.,1,"{""damage"":null,""block"":null,""hit_count"":null,""cards_draw"":null,""energy_gain"":null,""hp_loss"":null,""vars"":null,""upgrade"":{""description_changed"":1}}"
STORM_OF_STEEL,강철의 폭풍,Storm of Steel,silent,Rare,E1,body,2,scaling,가변/스케일링,positive_or_mixed,True,Add {n} Shiv into your Hand for each card discarded.,Add 1 Shiv into your Hand for each card discarded.,버린 카드의 수만큼 단도를 손으로 가져옵니다.,1,"{""damage"":null,""block"":null,""hit_count"":null,""cards_draw"":null,""energy_gain"":null,""hp_loss"":null,""vars"":null,""upgrade"":{""description_changed"":1}}"
STRANGLE,목 조르기,Strangle,silent,Uncommon,E1,body,1,damage,피해,positive_or_mixed,False,Deal {n} damage.,Deal 8 damage.,피해를 8 줍니다.,8,"{""damage"":8,""block"":null,""hit_count"":null,""cards_draw"":null,""energy_gain"":null,""hp_loss"":null,""vars"":{""Damage"":8,""StranglePower"":2,""Strangle"":2},""upgrade"":{""damage"":""+2"",""stranglepower"":""+1""}}"
STRANGLE,목 조르기,Strangle,silent,Uncommon,E1,body,2,card_play,추가 사용/재사용,positive_or_mixed,False,"Whenever you play a card this turn, the enemy loses {n} HP.","Whenever you play a card this turn, the enemy loses 2 HP.","이번 턴에 카드를 사용할 때마다, 대상 적이 체력을 2 잃습니다.",2,"{""damage"":8,""block"":null,""hit_count"":null,""cards_draw"":null,""energy_gain"":null,""hp_loss"":null,""vars"":{""Damage"":8,""StranglePower"":2,""Strangle"":2},""upgrade"":{""damage"":""+2"",""stranglepower"":""+1""}}"
STRANGLE,목 조르기,Strangle,silent,Uncommon,E1,body,2,hp,체력,positive_or_mixed,False,"Whenever you play a card this turn, the enemy loses {n} HP.","Whenever you play a card this turn, the enemy loses 2 HP.","이번 턴에 카드를 사용할 때마다, 대상 적이 체력을 2 잃습니다.",2,"{""damage"":8,""block"":null,""hit_count"":null,""cards_draw"":null,""energy_gain"":null,""hp_loss"":null,""vars"":{""Damage"":8,""StranglePower"":2,""Strangle"":2},""upgrade"":{""damage"":""+2"",""stranglepower"":""+1""}}"
STRANGLE,목 조르기,Strangle,silent,Uncommon,E1,body,2,debuff,약화 효과,positive_or_mixed,False,"Whenever you play a card this turn, the enemy loses {n} HP.","Whenever you play a card this turn, the enemy loses 2 HP.","이번 턴에 카드를 사용할 때마다, 대상 적이 체력을 2 잃습니다.",2,"{""damage"":8,""block"":null,""hit_count"":null,""cards_draw"":null,""energy_gain"":null,""hp_loss"":null,""vars"":{""Damage"":8,""StranglePower"":2,""Strangle"":2},""upgrade"":{""damage"":""+2"",""stranglepower"":""+1""}}"
STRANGLE,목 조르기,Strangle,silent,Uncommon,E1,body,2,trigger,지속/발동기,positive_or_mixed,False,"Whenever you play a card this turn, the enemy loses {n} HP.","Whenever you play a card this turn, the enemy loses 2 HP.","이번 턴에 카드를 사용할 때마다, 대상 적이 체력을 2 잃습니다.",2,"{""damage"":8,""block"":null,""hit_count"":null,""cards_draw"":null,""energy_gain"":null,""hp_loss"":null,""vars"":{""Damage"":8,""StranglePower"":2,""Strangle"":2},""upgrade"":{""damage"":""+2"",""stranglepower"":""+1""}}"
STRATAGEM,책략,Stratagem,colorless,Uncommon,E1,body,1,draw,카드 뽑기,positive_or_mixed,False,"Whenever you shuffle your Draw Pile, choose a card from it to put into your Hand.","Whenever you shuffle your Draw Pile, choose a card from it to put into your Hand.","뽑을 카드 더미를 섞을 때마다, 카드를 1장 선택해 손으로 가져옵니다.",,"{""damage"":null,""block"":null,""hit_count"":null,""cards_draw"":null,""energy_gain"":null,""hp_loss"":null,""vars"":null,""upgrade"":{""cost"":0}}"
STRATAGEM,책략,Stratagem,colorless,Uncommon,E1,body,1,card_move,카드 이동/탐색,positive_or_mixed,False,"Whenever you shuffle your Draw Pile, choose a card from it to put into your Hand.","Whenever you shuffle your Draw Pile, choose a card from it to put into your Hand.","뽑을 카드 더미를 섞을 때마다, 카드를 1장 선택해 손으로 가져옵니다.",,"{""damage"":null,""block"":null,""hit_count"":null,""cards_draw"":null,""energy_gain"":null,""hp_loss"":null,""vars"":null,""upgrade"":{""cost"":0}}"
STRATAGEM,책략,Stratagem,colorless,Uncommon,E1,body,1,trigger,지속/발동기,positive_or_mixed,False,"Whenever you shuffle your Draw Pile, choose a card from it to put into your Hand.","Whenever you shuffle your Draw Pile, choose a card from it to put into your Hand.","뽑을 카드 더미를 섞을 때마다, 카드를 1장 선택해 손으로 가져옵니다.",,"{""damage"":null,""block"":null,""hit_count"":null,""cards_draw"":null,""energy_gain"":null,""hp_loss"":null,""vars"":null,""upgrade"":{""cost"":0}}"
STRIKE_DEFECT,타격,Strike,defect,Basic,E1,body,1,damage,피해,positive_or_mixed,False,Deal {n} damage.,Deal 6 damage.,피해를 6 줍니다.,6,"{""damage"":6,""block"":null,""hit_count"":null,""cards_draw"":null,""energy_gain"":null,""hp_loss"":null,""vars"":{""Damage"":6},""upgrade"":{""damage"":""+3""}}"
STRIKE_IRONCLAD,타격,Strike,ironclad,Basic,E1,body,1,damage,피해,positive_or_mixed,False,Deal {n} damage.,Deal 6 damage.,피해를 6 줍니다.,6,"{""damage"":6,""block"":null,""hit_count"":null,""cards_draw"":null,""energy_gain"":null,""hp_loss"":null,""vars"":{""Damage"":6},""upgrade"":{""damage"":""+3""}}"
STRIKE_NECROBINDER,타격,Strike,necrobinder,Basic,E1,body,1,damage,피해,positive_or_mixed,False,Deal {n} damage.,Deal 6 damage.,피해를 6 줍니다.,6,"{""damage"":6,""block"":null,""hit_count"":null,""cards_draw"":null,""energy_gain"":null,""hp_loss"":null,""vars"":{""Damage"":6},""upgrade"":{""damage"":""+3""}}"
STRIKE_REGENT,타격,Strike,regent,Basic,E1,body,1,damage,피해,positive_or_mixed,False,Deal {n} damage.,Deal 6 damage.,피해를 6 줍니다.,6,"{""damage"":6,""block"":null,""hit_count"":null,""cards_draw"":null,""energy_gain"":null,""hp_loss"":null,""vars"":{""Damage"":6},""upgrade"":{""damage"":""+3""}}"
STRIKE_SILENT,타격,Strike,silent,Basic,E1,body,1,damage,피해,positive_or_mixed,False,Deal {n} damage.,Deal 6 damage.,피해를 6 줍니다.,6,"{""damage"":6,""block"":null,""hit_count"":null,""cards_draw"":null,""energy_gain"":null,""hp_loss"":null,""vars"":{""Damage"":6},""upgrade"":{""damage"":""+3""}}"
SUBROUTINE,서브루틴,Subroutine,defect,Uncommon,E1,body,1,card_play,추가 사용/재사용,positive_or_mixed,False,"Whenever you play a Power, gain {n} Energy.","Whenever you play a Power, gain 1 Energy.","파워 카드를 사용할 때마다, 1 Energy를 얻습니다.",1,"{""damage"":null,""block"":null,""hit_count"":null,""cards_draw"":null,""energy_gain"":null,""hp_loss"":null,""vars"":null,""upgrade"":{""cost"":0}}"
SUBROUTINE,서브루틴,Subroutine,defect,Uncommon,E1,body,1,energy,에너지,positive_or_mixed,False,"Whenever you play a Power, gain {n} Energy.","Whenever you play a Power, gain 1 Energy.","파워 카드를 사용할 때마다, 1 Energy를 얻습니다.",1,"{""damage"":null,""block"":null,""hit_count"":null,""cards_draw"":null,""energy_gain"":null,""hp_loss"":null,""vars"":null,""upgrade"":{""cost"":0}}"
SUBROUTINE,서브루틴,Subroutine,defect,Uncommon,E1,body,1,trigger,지속/발동기,positive_or_mixed,False,"Whenever you play a Power, gain {n} Energy.","Whenever you play a Power, gain 1 Energy.","파워 카드를 사용할 때마다, 1 Energy를 얻습니다.",1,"{""damage"":null,""block"":null,""hit_count"":null,""cards_draw"":null,""energy_gain"":null,""hp_loss"":null,""vars"":null,""upgrade"":{""cost"":0}}"
SUCKER_PUNCH,불의의 일격,Sucker Punch,silent,Common,E1,body,1,damage,피해,positive_or_mixed,False,Deal {n} damage.,Deal 8 damage.,피해를 8 줍니다.,8,"{""damage"":8,""block"":null,""hit_count"":null,""cards_draw"":null,""energy_gain"":null,""hp_loss"":null,""vars"":{""Damage"":8,""WeakPower"":1,""Weak"":1},""upgrade"":{""damage"":""+2"",""weak"":""+1""}}"
SUCKER_PUNCH,불의의 일격,Sucker Punch,silent,Common,E1,body,2,debuff,약화 효과,positive_or_mixed,False,Apply {n} Weak.,Apply 1 Weak.,약화를 1 부여합니다.,1,"{""damage"":8,""block"":null,""hit_count"":null,""cards_draw"":null,""energy_gain"":null,""hp_loss"":null,""vars"":{""Damage"":8,""WeakPower"":1,""Weak"":1},""upgrade"":{""damage"":""+2"",""weak"":""+1""}}"
SUMMON_FORTH,대령하라,Summon Forth,regent,Uncommon,E1,body,1,card_move,카드 이동/탐색,positive_or_mixed,False,Put Sovereign Blade into your Hand from anywhere.,Put Sovereign Blade into your Hand from anywhere.,군주의 칼날이 어디에 있든 손으로 가져옵니다.,,"{""damage"":null,""block"":null,""hit_count"":null,""cards_draw"":null,""energy_gain"":null,""hp_loss"":null,""vars"":{""Forge"":8},""upgrade"":{""forge"":""+3""}}"
SUMMON_FORTH,대령하라,Summon Forth,regent,Uncommon,E1,body,1,forge,제련,positive_or_mixed,False,Put Sovereign Blade into your Hand from anywhere.,Put Sovereign Blade into your Hand from anywhere.,군주의 칼날이 어디에 있든 손으로 가져옵니다.,,"{""damage"":null,""block"":null,""hit_count"":null,""cards_draw"":null,""energy_gain"":null,""hp_loss"":null,""vars"":{""Forge"":8},""upgrade"":{""forge"":""+3""}}"
SUMMON_FORTH,대령하라,Summon Forth,regent,Uncommon,E1,body,2,forge,제련,positive_or_mixed,False,Forge {n}.,Forge 8.,단조 8.,8,"{""damage"":null,""block"":null,""hit_count"":null,""cards_draw"":null,""energy_gain"":null,""hp_loss"":null,""vars"":{""Forge"":8},""upgrade"":{""forge"":""+3""}}"
SUNDER,찢기,Sunder,defect,Uncommon,E3,body,1,damage,피해,positive_or_mixed,False,Deal {n} damage.,Deal 24 damage.,피해를 24 줍니다.,24,"{""damage"":24,""block"":null,""hit_count"":null,""cards_draw"":null,""energy_gain"":3,""hp_loss"":null,""vars"":{""Damage"":24,""Energy"":3},""upgrade"":{""damage"":""+8""}}"
SUNDER,찢기,Sunder,defect,Uncommon,E3,body,2,energy,에너지,positive_or_mixed,False,"If this kills an enemy, gain {n} Energy.","If this kills an enemy, gain 3 Energy.","이 카드로 적을 처치 시, 3 Energy을 얻습니다.",3,"{""damage"":24,""block"":null,""hit_count"":null,""cards_draw"":null,""energy_gain"":3,""hp_loss"":null,""vars"":{""Damage"":24,""Energy"":3},""upgrade"":{""damage"":""+8""}}"
SUNDER,찢기,Sunder,defect,Uncommon,E3,body,2,trigger,지속/발동기,positive_or_mixed,False,"If this kills an enemy, gain {n} Energy.","If this kills an enemy, gain 3 Energy.","이 카드로 적을 처치 시, 3 Energy을 얻습니다.",3,"{""damage"":24,""block"":null,""hit_count"":null,""cards_draw"":null,""energy_gain"":3,""hp_loss"":null,""vars"":{""Damage"":24,""Energy"":3},""upgrade"":{""damage"":""+8""}}"
SUPERCRITICAL,임계 초과,Supercritical,defect,Rare,E0,body,1,energy,에너지,positive_or_mixed,False,Gain {n} Energy.,Gain 4 Energy.,4 Energy를 얻습니다.,4,"{""damage"":null,""block"":null,""hit_count"":null,""cards_draw"":null,""energy_gain"":4,""hp_loss"":null,""vars"":{""Energy"":4},""upgrade"":{""energy"":""+2""}}"
SUPERCRITICAL,임계 초과,Supercritical,defect,Rare,E0,keyword,,keyword,카드 키워드,contextual,False,Keyword: Exhaust,Keyword: Exhaust,키워드: 소멸,,"{""damage"":null,""block"":null,""hit_count"":null,""cards_draw"":null,""energy_gain"":4,""hp_loss"":null,""vars"":{""Energy"":4},""upgrade"":{""energy"":""+2""}}"
SUPERMASSIVE,초질량,Supermassive,regent,Uncommon,E1,body,1,damage,피해,positive_or_mixed,False,Deal {n} damage.,Deal 5 damage.,피해를 5 줍니다.,5,"{""damage"":5,""block"":null,""hit_count"":null,""cards_draw"":null,""energy_gain"":null,""hp_loss"":null,""vars"":{""CalculationBase"":5,""ExtraDamage"":3,""CalculatedDamage"":5},""upgrade"":{""extradamage"":""+1""}}"
SUPERMASSIVE,초질량,Supermassive,regent,Uncommon,E1,body,2,damage,피해,positive_or_mixed,True,Deals {n} additional damage for each card you created this combat.,Deals 3 additional damage for each card you created this combat.,이번 전투 동안 생성한 카드 1장당 피해량이 3 증가합니다.,3,"{""damage"":5,""block"":null,""hit_count"":null,""cards_draw"":null,""energy_gain"":null,""hp_loss"":null,""vars"":{""CalculationBase"":5,""ExtraDamage"":3,""CalculatedDamage"":5},""upgrade"":{""extradamage"":""+1""}}"
SUPERMASSIVE,초질량,Supermassive,regent,Uncommon,E1,body,2,scaling,가변/스케일링,positive_or_mixed,True,Deals {n} additional damage for each card you created this combat.,Deals 3 additional damage for each card you created this combat.,이번 전투 동안 생성한 카드 1장당 피해량이 3 증가합니다.,3,"{""damage"":5,""block"":null,""hit_count"":null,""cards_draw"":null,""energy_gain"":null,""hp_loss"":null,""vars"":{""CalculationBase"":5,""ExtraDamage"":3,""CalculatedDamage"":5},""upgrade"":{""extradamage"":""+1""}}"
SUPPRESS,진압,Suppress,silent,Ancient,E0,body,1,damage,피해,positive_or_mixed,False,Deal {n} damage.,Deal 11 damage.,피해를 11 줍니다.,11,"{""damage"":11,""block"":null,""hit_count"":null,""cards_draw"":null,""energy_gain"":null,""hp_loss"":null,""vars"":{""Damage"":11,""WeakPower"":3,""Weak"":3},""upgrade"":{""damage"":""+6"",""weak"":""+2""}}"
SUPPRESS,진압,Suppress,silent,Ancient,E0,body,2,debuff,약화 효과,positive_or_mixed,False,Apply {n} Weak.,Apply 3 Weak.,약화를 3 부여합니다.,3,"{""damage"":11,""block"":null,""hit_count"":null,""cards_draw"":null,""energy_gain"":null,""hp_loss"":null,""vars"":{""Damage"":11,""WeakPower"":3,""Weak"":3},""upgrade"":{""damage"":""+6"",""weak"":""+2""}}"
SUPPRESS,진압,Suppress,silent,Ancient,E0,keyword,,keyword,카드 키워드,contextual,False,Keyword: Innate,Keyword: Innate,키워드: 선천성,,"{""damage"":11,""block"":null,""hit_count"":null,""cards_draw"":null,""energy_gain"":null,""hp_loss"":null,""vars"":{""Damage"":11,""WeakPower"":3,""Weak"":3},""upgrade"":{""damage"":""+6"",""weak"":""+2""}}"
SURVIVOR,생존자,Survivor,silent,Basic,E1,body,1,block,방어도,positive_or_mixed,False,Gain {n} Block.,Gain 8 Block.,방어도를 8 얻습니다.,8,"{""damage"":null,""block"":8,""hit_count"":null,""cards_draw"":null,""energy_gain"":null,""hp_loss"":null,""vars"":{""Block"":8},""upgrade"":{""block"":""+3""}}"
SURVIVOR,생존자,Survivor,silent,Basic,E1,body,2,discard,버리기,positive_or_mixed,False,Discard {n} card.,Discard 1 card.,카드를 1장 버립니다.,1,"{""damage"":null,""block"":8,""hit_count"":null,""cards_draw"":null,""energy_gain"":null,""hp_loss"":null,""vars"":{""Block"":8},""upgrade"":{""block"":""+3""}}"
SWEEPING_BEAM,광선 휩쓸기,Sweeping Beam,defect,Common,E1,body,1,damage,피해,positive_or_mixed,False,Deal {n} damage to ALL enemies.,Deal 6 damage to ALL enemies.,모든 적에게 피해를 6 줍니다.,6,"{""damage"":6,""block"":null,""hit_count"":null,""cards_draw"":1,""energy_gain"":null,""hp_loss"":null,""vars"":{""Damage"":6,""Cards"":1},""upgrade"":{""damage"":""+3""}}"
SWEEPING_BEAM,광선 휩쓸기,Sweeping Beam,defect,Common,E1,body,2,draw,카드 뽑기,positive_or_mixed,False,Draw {n} card.,Draw 1 card.,카드를 1장 뽑습니다.,1,"{""damage"":6,""block"":null,""hit_count"":null,""cards_draw"":1,""energy_gain"":null,""hp_loss"":null,""vars"":{""Damage"":6,""Cards"":1},""upgrade"":{""damage"":""+3""}}"
SWEEPING_GAZE,훑어보기,Sweeping Gaze,token,Token,E0,body,1,damage,피해,positive_or_mixed,False,Osty deals {n} damage to a random enemy.,Osty deals 10 damage to a random enemy.,골골이가 무작위 적에게 피해를 10 줍니다.,10,"{""damage"":10,""block"":null,""hit_count"":null,""cards_draw"":null,""energy_gain"":null,""hp_loss"":null,""vars"":{""OstyDamage"":10,""Damage"":10},""upgrade"":{""ostydamage"":""+5""}}"
SWEEPING_GAZE,훑어보기,Sweeping Gaze,token,Token,E0,body,1,osty,오스티/소환,positive_or_mixed,False,Osty deals {n} damage to a random enemy.,Osty deals 10 damage to a random enemy.,골골이가 무작위 적에게 피해를 10 줍니다.,10,"{""damage"":10,""block"":null,""hit_count"":null,""cards_draw"":null,""energy_gain"":null,""hp_loss"":null,""vars"":{""OstyDamage"":10,""Damage"":10},""upgrade"":{""ostydamage"":""+5""}}"
SWEEPING_GAZE,훑어보기,Sweeping Gaze,token,Token,E0,keyword,,keyword,카드 키워드,contextual,False,Keyword: Exhaust,Keyword: Exhaust,키워드: 소멸,,"{""damage"":10,""block"":null,""hit_count"":null,""cards_draw"":null,""energy_gain"":null,""hp_loss"":null,""vars"":{""OstyDamage"":10,""Damage"":10},""upgrade"":{""ostydamage"":""+5""}}"
SWEEPING_GAZE,훑어보기,Sweeping Gaze,token,Token,E0,keyword,,keyword,카드 키워드,contextual,False,Keyword: Ethereal,Keyword: Ethereal,키워드: 휘발성,,"{""damage"":10,""block"":null,""hit_count"":null,""cards_draw"":null,""energy_gain"":null,""hp_loss"":null,""vars"":{""OstyDamage"":10,""Damage"":10},""upgrade"":{""ostydamage"":""+5""}}"
SWORD_BOOMERANG,부메랑 칼날,Sword Boomerang,ironclad,Common,E1,body,1,damage,피해,positive_or_mixed,False,Deal {n} damage to a random enemy {n} times.,Deal 3 damage to a random enemy 3 times.,무작위 적에게 피해를 3만큼 3번 줍니다.,3|3,"{""damage"":3,""block"":null,""hit_count"":3,""cards_draw"":null,""energy_gain"":null,""hp_loss"":null,""vars"":{""Damage"":3,""Repeat"":3},""upgrade"":{""repeat"":""+1""}}"
SWORD_SAGE,검성,Sword Sage,regent,Rare,E2,body,1,card_play,추가 사용/재사용,positive_or_mixed,False,Sovereign Blade gains Replay {n}.,Sovereign Blade gains Replay 1.,군주의 칼날이 재사용을 1 얻습니다.,1,"{""damage"":null,""block"":null,""hit_count"":null,""cards_draw"":null,""energy_gain"":null,""hp_loss"":null,""vars"":{""SwordSagePower"":1,""SwordSage"":1},""upgrade"":{""cost"":1}}"
SWORD_SAGE,검성,Sword Sage,regent,Rare,E2,body,1,forge,제련,positive_or_mixed,False,Sovereign Blade gains Replay {n}.,Sovereign Blade gains Replay 1.,군주의 칼날이 재사용을 1 얻습니다.,1,"{""damage"":null,""block"":null,""hit_count"":null,""cards_draw"":null,""energy_gain"":null,""hp_loss"":null,""vars"":{""SwordSagePower"":1,""SwordSage"":1},""upgrade"":{""cost"":1}}"
SYNCHRONIZE,동기화,Synchronize,defect,Uncommon,E1,body,1,orb,구체,positive_or_mixed,True,Gain {n} Focus this turn for each unique Orb you have.,Gain 2 Focus this turn for each unique Orb you have.,영창된 구체의 종류 하나당 이번 턴에 밀집을 2 얻습니다.,2,"{""damage"":0,""block"":null,""hit_count"":null,""cards_draw"":null,""energy_gain"":null,""hp_loss"":null,""vars"":{""CalculationBase"":0,""CalculationExtra"":2},""upgrade"":{""remove_exhaust"":1}}"
SYNCHRONIZE,동기화,Synchronize,defect,Uncommon,E1,body,1,scaling,가변/스케일링,positive_or_mixed,True,Gain {n} Focus this turn for each unique Orb you have.,Gain 2 Focus this turn for each unique Orb you have.,영창된 구체의 종류 하나당 이번 턴에 밀집을 2 얻습니다.,2,"{""damage"":0,""block"":null,""hit_count"":null,""cards_draw"":null,""energy_gain"":null,""hp_loss"":null,""vars"":{""CalculationBase"":0,""CalculationExtra"":2},""upgrade"":{""remove_exhaust"":1}}"
SYNCHRONIZE,동기화,Synchronize,defect,Uncommon,E1,keyword,,keyword,카드 키워드,contextual,False,Keyword: Exhaust,Keyword: Exhaust,키워드: 소멸,,"{""damage"":0,""block"":null,""hit_count"":null,""cards_draw"":null,""energy_gain"":null,""hp_loss"":null,""vars"":{""CalculationBase"":0,""CalculationExtra"":2},""upgrade"":{""remove_exhaust"":1}}"
SYNTHESIS,합성,Synthesis,defect,Uncommon,E2,body,1,damage,피해,positive_or_mixed,False,Deal {n} damage.,Deal 14 damage.,피해를 14 줍니다.,14,"{""damage"":14,""block"":null,""hit_count"":null,""cards_draw"":null,""energy_gain"":null,""hp_loss"":null,""vars"":{""Damage"":14},""upgrade"":{""damage"":""+6""}}"
SYNTHESIS,합성,Synthesis,defect,Uncommon,E2,body,2,card_cost,비용 변화,positive_or_mixed,False,The next Power you play costs {n} Energy.,The next Power you play costs 0 Energy.,다음에 사용하는 파워 카드의 비용이 0 Energy이 됩니다.,0,"{""damage"":14,""block"":null,""hit_count"":null,""cards_draw"":null,""energy_gain"":null,""hp_loss"":null,""vars"":{""Damage"":14},""upgrade"":{""damage"":""+6""}}"
SYNTHESIS,합성,Synthesis,defect,Uncommon,E2,body,2,card_play,추가 사용/재사용,positive_or_mixed,False,The next Power you play costs {n} Energy.,The next Power you play costs 0 Energy.,다음에 사용하는 파워 카드의 비용이 0 Energy이 됩니다.,0,"{""damage"":14,""block"":null,""hit_count"":null,""cards_draw"":null,""energy_gain"":null,""hp_loss"":null,""vars"":{""Damage"":14},""upgrade"":{""damage"":""+6""}}"
SYNTHESIS,합성,Synthesis,defect,Uncommon,E2,body,2,energy,에너지,positive_or_mixed,False,The next Power you play costs {n} Energy.,The next Power you play costs 0 Energy.,다음에 사용하는 파워 카드의 비용이 0 Energy이 됩니다.,0,"{""damage"":14,""block"":null,""hit_count"":null,""cards_draw"":null,""energy_gain"":null,""hp_loss"":null,""vars"":{""Damage"":14},""upgrade"":{""damage"":""+6""}}"
TACTICIAN,전략가,Tactician,silent,Uncommon,E3,body,1,energy,에너지,positive_or_mixed,False,Gain {n} Energy.,Gain 1 Energy.,1 Energy를 얻습니다.,1,"{""damage"":null,""block"":null,""hit_count"":null,""cards_draw"":null,""energy_gain"":1,""hp_loss"":null,""vars"":{""Energy"":1},""upgrade"":{""energy"":""+1""}}"
TACTICIAN,전략가,Tactician,silent,Uncommon,E3,keyword,,keyword,카드 키워드,contextual,False,Keyword: Sly,Keyword: Sly,키워드: 교활,,"{""damage"":null,""block"":null,""hit_count"":null,""cards_draw"":null,""energy_gain"":1,""hp_loss"":null,""vars"":{""Energy"":1},""upgrade"":{""energy"":""+1""}}"
TAG_TEAM,태그 팀,Tag Team,colorless,Uncommon,E2,body,1,damage,피해,positive_or_mixed,False,Deal {n} damage.,Deal 11 damage.,피해를 11 줍니다.,11,"{""damage"":11,""block"":null,""hit_count"":null,""cards_draw"":null,""energy_gain"":null,""hp_loss"":null,""vars"":{""Damage"":11},""upgrade"":{""damage"":""+4""}}"
TAG_TEAM,태그 팀,Tag Team,colorless,Uncommon,E2,body,2,ally,협동,positive_or_mixed,False,The next Attack another player plays on the enemy is played an extra time.,The next Attack another player plays on the enemy is played an extra time.,다른 플레이어가 다음에 대상 적에게 사용하는 공격 카드가 1번 추가로 사용됩니다.,,"{""damage"":11,""block"":null,""hit_count"":null,""cards_draw"":null,""energy_gain"":null,""hp_loss"":null,""vars"":{""Damage"":11},""upgrade"":{""damage"":""+4""}}"
TAG_TEAM,태그 팀,Tag Team,colorless,Uncommon,E2,body,2,card_play,추가 사용/재사용,positive_or_mixed,False,The next Attack another player plays on the enemy is played an extra time.,The next Attack another player plays on the enemy is played an extra time.,다른 플레이어가 다음에 대상 적에게 사용하는 공격 카드가 1번 추가로 사용됩니다.,,"{""damage"":11,""block"":null,""hit_count"":null,""cards_draw"":null,""energy_gain"":null,""hp_loss"":null,""vars"":{""Damage"":11},""upgrade"":{""damage"":""+4""}}"
TANK,탱커,Tank,ironclad,Rare,E1,body,1,damage,피해,negative_or_cost,True,Take double damage from enemies.,Take double damage from enemies.,적에게 받는 피해가 2배가 됩니다.,,"{""damage"":null,""block"":null,""hit_count"":null,""cards_draw"":null,""energy_gain"":null,""hp_loss"":null,""vars"":null,""upgrade"":{""cost"":0}}"
TANK,탱커,Tank,ironclad,Rare,E1,body,1,restriction,사용 제약,negative_or_cost,True,Take double damage from enemies.,Take double damage from enemies.,적에게 받는 피해가 2배가 됩니다.,,"{""damage"":null,""block"":null,""hit_count"":null,""cards_draw"":null,""energy_gain"":null,""hp_loss"":null,""vars"":null,""upgrade"":{""cost"":0}}"
TANK,탱커,Tank,ironclad,Rare,E1,body,1,scaling,가변/스케일링,negative_or_cost,True,Take double damage from enemies.,Take double damage from enemies.,적에게 받는 피해가 2배가 됩니다.,,"{""damage"":null,""block"":null,""hit_count"":null,""cards_draw"":null,""energy_gain"":null,""hp_loss"":null,""vars"":null,""upgrade"":{""cost"":0}}"
TANK,탱커,Tank,ironclad,Rare,E1,body,2,ally,협동,negative_or_cost,True,Allies take half damage from enemies.,Allies take half damage from enemies.,아군이 적에게 받는 피해가 절반이 됩니다.,,"{""damage"":null,""block"":null,""hit_count"":null,""cards_draw"":null,""energy_gain"":null,""hp_loss"":null,""vars"":null,""upgrade"":{""cost"":0}}"
TANK,탱커,Tank,ironclad,Rare,E1,body,2,damage,피해,negative_or_cost,True,Allies take half damage from enemies.,Allies take half damage from enemies.,아군이 적에게 받는 피해가 절반이 됩니다.,,"{""damage"":null,""block"":null,""hit_count"":null,""cards_draw"":null,""energy_gain"":null,""hp_loss"":null,""vars"":null,""upgrade"":{""cost"":0}}"
TANK,탱커,Tank,ironclad,Rare,E1,body,2,scaling,가변/스케일링,negative_or_cost,True,Allies take half damage from enemies.,Allies take half damage from enemies.,아군이 적에게 받는 피해가 절반이 됩니다.,,"{""damage"":null,""block"":null,""hit_count"":null,""cards_draw"":null,""energy_gain"":null,""hp_loss"":null,""vars"":null,""upgrade"":{""cost"":0}}"
TAUNT,도발,Taunt,ironclad,Uncommon,E1,body,1,block,방어도,positive_or_mixed,False,Gain {n} Block.,Gain 7 Block.,방어도를 7 얻습니다.,7,"{""damage"":null,""block"":7,""hit_count"":null,""cards_draw"":null,""energy_gain"":null,""hp_loss"":null,""vars"":{""Block"":7,""VulnerablePower"":1,""Vulnerable"":1},""upgrade"":{""block"":""+1"",""vulnerable"":""+1""}}"
TAUNT,도발,Taunt,ironclad,Uncommon,E1,body,2,debuff,약화 효과,positive_or_mixed,False,Apply {n} Vulnerable.,Apply 1 Vulnerable.,취약을 1 부여합니다.,1,"{""damage"":null,""block"":7,""hit_count"":null,""cards_draw"":null,""energy_gain"":null,""hp_loss"":null,""vars"":{""Block"":7,""VulnerablePower"":1,""Vulnerable"":1},""upgrade"":{""block"":""+1"",""vulnerable"":""+1""}}"
TEAR_ASUNDER,갈가리 찢기,Tear Asunder,ironclad,Rare,E2,body,1,damage,피해,positive_or_mixed,False,Deal {n} damage.,Deal 5 damage.,피해를 5 줍니다.,5,"{""damage"":5,""block"":null,""hit_count"":1,""cards_draw"":null,""energy_gain"":null,""hp_loss"":null,""vars"":{""Damage"":5,""Repeat"":1,""CalculationBase"":0,""CalculationExtra"":1},""upgrade"":{""damage"":""+2""}}"
TEAR_ASUNDER,갈가리 찢기,Tear Asunder,ironclad,Rare,E2,body,2,card_play,추가 사용/재사용,positive_or_mixed,True,Hits an additional time for each time you lost HP this combat.,Hits an additional time for each time you lost HP this combat.,이번 전투 동안 체력을 잃은 횟수만큼 반복합니다.,,"{""damage"":5,""block"":null,""hit_count"":1,""cards_draw"":null,""energy_gain"":null,""hp_loss"":null,""vars"":{""Damage"":5,""Repeat"":1,""CalculationBase"":0,""CalculationExtra"":1},""upgrade"":{""damage"":""+2""}}"
TEAR_ASUNDER,갈가리 찢기,Tear Asunder,ironclad,Rare,E2,body,2,hp,체력,positive_or_mixed,True,Hits an additional time for each time you lost HP this combat.,Hits an additional time for each time you lost HP this combat.,이번 전투 동안 체력을 잃은 횟수만큼 반복합니다.,,"{""damage"":5,""block"":null,""hit_count"":1,""cards_draw"":null,""energy_gain"":null,""hp_loss"":null,""vars"":{""Damage"":5,""Repeat"":1,""CalculationBase"":0,""CalculationExtra"":1},""upgrade"":{""damage"":""+2""}}"
TEAR_ASUNDER,갈가리 찢기,Tear Asunder,ironclad,Rare,E2,body,2,scaling,가변/스케일링,positive_or_mixed,True,Hits an additional time for each time you lost HP this combat.,Hits an additional time for each time you lost HP this combat.,이번 전투 동안 체력을 잃은 횟수만큼 반복합니다.,,"{""damage"":5,""block"":null,""hit_count"":1,""cards_draw"":null,""energy_gain"":null,""hp_loss"":null,""vars"":{""Damage"":5,""Repeat"":1,""CalculationBase"":0,""CalculationExtra"":1},""upgrade"":{""damage"":""+2""}}"
TEMPEST,뇌우,Tempest,defect,Uncommon,EX,body,1,orb,구체,positive_or_mixed,True,Channel X Lightning.,Channel X Lightning.,전기를 X번 영창합니다.,,"{""damage"":null,""block"":null,""hit_count"":null,""cards_draw"":null,""energy_gain"":null,""hp_loss"":null,""vars"":null,""upgrade"":{""description_changed"":1}}"
TEMPEST,뇌우,Tempest,defect,Uncommon,EX,body,1,scaling,가변/스케일링,positive_or_mixed,True,Channel X Lightning.,Channel X Lightning.,전기를 X번 영창합니다.,,"{""damage"":null,""block"":null,""hit_count"":null,""cards_draw"":null,""energy_gain"":null,""hp_loss"":null,""vars"":null,""upgrade"":{""description_changed"":1}}"
TERRAFORMING,테라포밍,Terraforming,regent,Uncommon,E1,body,1,buff,강화 효과,positive_or_mixed,False,Gain {n} Vigor.,Gain 6 Vigor.,활력을 6 얻습니다.,6,"{""damage"":null,""block"":null,""hit_count"":null,""cards_draw"":null,""energy_gain"":null,""hp_loss"":null,""vars"":{""VigorPower"":6,""Vigor"":6},""upgrade"":{""vigorpower"":""+2""}}"
TESLA_COIL,테슬라 코일,Tesla Coil,defect,Uncommon,E0,body,1,damage,피해,positive_or_mixed,False,Deal {n} damage.,Deal 3 damage.,피해를 3 줍니다.,3,"{""damage"":3,""block"":null,""hit_count"":null,""cards_draw"":null,""energy_gain"":null,""hp_loss"":null,""vars"":{""Damage"":3},""upgrade"":{""damage"":""+1""}}"
TESLA_COIL,테슬라 코일,Tesla Coil,defect,Uncommon,E0,body,2,bespoke_rule,고유 규칙,contextual,False,Trigger all Lightning against the enemy.,Trigger all Lightning against the enemy.,대상 적을 상대로 모든 전기를 발동시킵니다.,,"{""damage"":3,""block"":null,""hit_count"":null,""cards_draw"":null,""energy_gain"":null,""hp_loss"":null,""vars"":{""Damage"":3},""upgrade"":{""damage"":""+1""}}"
THE_BOMB,폭탄,The Bomb,colorless,Uncommon,E2,body,1,damage,피해,positive_or_mixed,False,"At the end of {n} turns, deal {n} damage to ALL enemies.","At the end of 3 turns, deal 40 damage to ALL enemies.","3턴 후 턴 종료 시, 모든 적에게 피해를 40 줍니다.",3|40,"{""damage"":null,""block"":null,""hit_count"":null,""cards_draw"":null,""energy_gain"":null,""hp_loss"":null,""vars"":{""Turns"":3,""BombDamage"":40},""upgrade"":{""bombdamage"":""+10""}}"
THE_BOMB,폭탄,The Bomb,colorless,Uncommon,E2,body,1,trigger,지속/발동기,positive_or_mixed,False,"At the end of {n} turns, deal {n} damage to ALL enemies.","At the end of 3 turns, deal 40 damage to ALL enemies.","3턴 후 턴 종료 시, 모든 적에게 피해를 40 줍니다.",3|40,"{""damage"":null,""block"":null,""hit_count"":null,""cards_draw"":null,""energy_gain"":null,""hp_loss"":null,""vars"":{""Turns"":3,""BombDamage"":40},""upgrade"":{""bombdamage"":""+10""}}"
THE_GAMBIT,포석,The Gambit,colorless,Rare,E0,body,1,block,방어도,positive_or_mixed,False,Gain {n} Block.,Gain 50 Block.,방어도를 50 얻습니다.,50,"{""damage"":null,""block"":50,""hit_count"":null,""cards_draw"":null,""energy_gain"":null,""hp_loss"":null,""vars"":{""Block"":50},""upgrade"":{""block"":""+25""}}"
THE_GAMBIT,포석,The Gambit,colorless,Rare,E0,body,2,damage,피해,negative_or_cost,False,"If you take unblocked attack damage this combat, die.","If you take unblocked attack damage this combat, die.","이번 전투 동안 막히지 않은 공격 피해를 받는다면, 죽습니다.",,"{""damage"":null,""block"":50,""hit_count"":null,""cards_draw"":null,""energy_gain"":null,""hp_loss"":null,""vars"":{""Block"":50},""upgrade"":{""block"":""+25""}}"
THE_GAMBIT,포석,The Gambit,colorless,Rare,E0,body,2,enemy_control,적 제어,negative_or_cost,False,"If you take unblocked attack damage this combat, die.","If you take unblocked attack damage this combat, die.","이번 전투 동안 막히지 않은 공격 피해를 받는다면, 죽습니다.",,"{""damage"":null,""block"":50,""hit_count"":null,""cards_draw"":null,""energy_gain"":null,""hp_loss"":null,""vars"":{""Block"":50},""upgrade"":{""block"":""+25""}}"
THE_GAMBIT,포석,The Gambit,colorless,Rare,E0,body,2,restriction,사용 제약,negative_or_cost,False,"If you take unblocked attack damage this combat, die.","If you take unblocked attack damage this combat, die.","이번 전투 동안 막히지 않은 공격 피해를 받는다면, 죽습니다.",,"{""damage"":null,""block"":50,""hit_count"":null,""cards_draw"":null,""energy_gain"":null,""hp_loss"":null,""vars"":{""Block"":50},""upgrade"":{""block"":""+25""}}"
THE_GAMBIT,포석,The Gambit,colorless,Rare,E0,body,2,trigger,지속/발동기,negative_or_cost,False,"If you take unblocked attack damage this combat, die.","If you take unblocked attack damage this combat, die.","이번 전투 동안 막히지 않은 공격 피해를 받는다면, 죽습니다.",,"{""damage"":null,""block"":50,""hit_count"":null,""cards_draw"":null,""energy_gain"":null,""hp_loss"":null,""vars"":{""Block"":50},""upgrade"":{""block"":""+25""}}"
THE_HUNT,사냥,The Hunt,silent,Rare,E1,body,1,damage,피해,positive_or_mixed,False,Deal {n} damage.,Deal 10 damage.,피해를 10 줍니다.,10,"{""damage"":10,""block"":null,""hit_count"":null,""cards_draw"":null,""energy_gain"":null,""hp_loss"":null,""vars"":{""Damage"":10},""upgrade"":{""damage"":""+5""}}"
THE_HUNT,사냥,The Hunt,silent,Rare,E1,body,2,reward_meta,전투 외/보상,positive_or_mixed,False,"If Fatal, gain an additional card reward.","If Fatal, gain an additional card reward.","치명타라면, 카드 보상을 추가로 얻습니다.",,"{""damage"":10,""block"":null,""hit_count"":null,""cards_draw"":null,""energy_gain"":null,""hp_loss"":null,""vars"":{""Damage"":10},""upgrade"":{""damage"":""+5""}}"
THE_HUNT,사냥,The Hunt,silent,Rare,E1,body,2,trigger,지속/발동기,positive_or_mixed,False,"If Fatal, gain an additional card reward.","If Fatal, gain an additional card reward.","치명타라면, 카드 보상을 추가로 얻습니다.",,"{""damage"":10,""block"":null,""hit_count"":null,""cards_draw"":null,""energy_gain"":null,""hp_loss"":null,""vars"":{""Damage"":10},""upgrade"":{""damage"":""+5""}}"
THE_HUNT,사냥,The Hunt,silent,Rare,E1,keyword,,keyword,카드 키워드,contextual,False,Keyword: Exhaust,Keyword: Exhaust,키워드: 소멸,,"{""damage"":10,""block"":null,""hit_count"":null,""cards_draw"":null,""energy_gain"":null,""hp_loss"":null,""vars"":{""Damage"":10},""upgrade"":{""damage"":""+5""}}"
THE_SCYTHE,사신의 낫,The Scythe,necrobinder,Rare,E2,body,1,damage,피해,positive_or_mixed,False,Deal {n} damage.,Deal 13 damage.,피해를 13 줍니다.,13,"{""damage"":13,""block"":null,""hit_count"":null,""cards_draw"":null,""energy_gain"":null,""hp_loss"":null,""vars"":{""Increase"":4,""Damage"":13,""baseDamage"":13},""upgrade"":{""increase"":""+1""}}"
THE_SCYTHE,사신의 낫,The Scythe,necrobinder,Rare,E2,body,2,damage,피해,positive_or_mixed,False,Permanently increase this card's damage by {n}.,Permanently increase this card's damage by 4.,이 카드의 피해량이 영구적으로 4 증가합니다.,4,"{""damage"":13,""block"":null,""hit_count"":null,""cards_draw"":null,""energy_gain"":null,""hp_loss"":null,""vars"":{""Increase"":4,""Damage"":13,""baseDamage"":13},""upgrade"":{""increase"":""+1""}}"
THE_SCYTHE,사신의 낫,The Scythe,necrobinder,Rare,E2,keyword,,keyword,카드 키워드,contextual,False,Keyword: Exhaust,Keyword: Exhaust,키워드: 소멸,,"{""damage"":13,""block"":null,""hit_count"":null,""cards_draw"":null,""energy_gain"":null,""hp_loss"":null,""vars"":{""Increase"":4,""Damage"":13,""baseDamage"":13},""upgrade"":{""increase"":""+1""}}"
THE_SEALED_THRONE,봉인된 왕좌,The Sealed Throne,regent,Ancient,E1+S3,body,1,card_play,추가 사용/재사용,positive_or_mixed,False,"Whenever you play a card, gain {n} Stars.","Whenever you play a card, gain 1 Stars.","카드를 사용할 때마다, 1 Stars을 얻습니다.",1,"{""damage"":null,""block"":null,""hit_count"":null,""cards_draw"":null,""energy_gain"":null,""hp_loss"":null,""vars"":{""StarCost"":3},""upgrade"":{""cost"":0}}"
THE_SEALED_THRONE,봉인된 왕좌,The Sealed Throne,regent,Ancient,E1+S3,body,1,stars,별,positive_or_mixed,False,"Whenever you play a card, gain {n} Stars.","Whenever you play a card, gain 1 Stars.","카드를 사용할 때마다, 1 Stars을 얻습니다.",1,"{""damage"":null,""block"":null,""hit_count"":null,""cards_draw"":null,""energy_gain"":null,""hp_loss"":null,""vars"":{""StarCost"":3},""upgrade"":{""cost"":0}}"
THE_SEALED_THRONE,봉인된 왕좌,The Sealed Throne,regent,Ancient,E1+S3,body,1,trigger,지속/발동기,positive_or_mixed,False,"Whenever you play a card, gain {n} Stars.","Whenever you play a card, gain 1 Stars.","카드를 사용할 때마다, 1 Stars을 얻습니다.",1,"{""damage"":null,""block"":null,""hit_count"":null,""cards_draw"":null,""energy_gain"":null,""hp_loss"":null,""vars"":{""StarCost"":3},""upgrade"":{""cost"":0}}"
THE_SMITH,위대한 재련,The Smith,regent,Rare,E1+S4,body,1,forge,제련,positive_or_mixed,False,Forge {n}.,Forge 30.,단조 30.,30,"{""damage"":null,""block"":null,""hit_count"":null,""cards_draw"":null,""energy_gain"":null,""hp_loss"":null,""vars"":{""Forge"":30,""StarCost"":4},""upgrade"":{""forge"":""+10""}}"
THINKING_AHEAD,미래 예지,Thinking Ahead,colorless,Uncommon,E0,body,1,draw,카드 뽑기,positive_or_mixed,False,Draw {n} cards.,Draw 2 cards.,카드를 2장 뽑습니다.,2,"{""damage"":null,""block"":null,""hit_count"":null,""cards_draw"":2,""energy_gain"":null,""hp_loss"":null,""vars"":{""Cards"":2},""upgrade"":{""remove_exhaust"":1}}"
THINKING_AHEAD,미래 예지,Thinking Ahead,colorless,Uncommon,E0,body,2,draw,카드 뽑기,positive_or_mixed,False,Put {n} card from your Hand on top of your Draw Pile.,Put 1 card from your Hand on top of your Draw Pile.,손에 있는 카드를 1장 뽑을 카드 더미 맨 위에 놓습니다.,1,"{""damage"":null,""block"":null,""hit_count"":null,""cards_draw"":2,""energy_gain"":null,""hp_loss"":null,""vars"":{""Cards"":2},""upgrade"":{""remove_exhaust"":1}}"
THINKING_AHEAD,미래 예지,Thinking Ahead,colorless,Uncommon,E0,body,2,card_move,카드 이동/탐색,positive_or_mixed,False,Put {n} card from your Hand on top of your Draw Pile.,Put 1 card from your Hand on top of your Draw Pile.,손에 있는 카드를 1장 뽑을 카드 더미 맨 위에 놓습니다.,1,"{""damage"":null,""block"":null,""hit_count"":null,""cards_draw"":2,""energy_gain"":null,""hp_loss"":null,""vars"":{""Cards"":2},""upgrade"":{""remove_exhaust"":1}}"
THINKING_AHEAD,미래 예지,Thinking Ahead,colorless,Uncommon,E0,keyword,,keyword,카드 키워드,contextual,False,Keyword: Exhaust,Keyword: Exhaust,키워드: 소멸,,"{""damage"":null,""block"":null,""hit_count"":null,""cards_draw"":2,""energy_gain"":null,""hp_loss"":null,""vars"":{""Cards"":2},""upgrade"":{""remove_exhaust"":1}}"
THRASH,난타,Thrash,ironclad,Rare,E1,body,1,damage,피해,positive_or_mixed,False,Deal {n} damage twice.,Deal 4 damage twice.,피해를 4만큼 2번 줍니다.,4,"{""damage"":4,""block"":null,""hit_count"":2,""cards_draw"":null,""energy_gain"":null,""hp_loss"":null,""vars"":{""Damage"":4},""upgrade"":{""damage"":""+2""}}"
THRASH,난타,Thrash,ironclad,Rare,E1,body,2,damage,피해,positive_or_mixed,False,Exhaust a random Attack in your Hand and add its damage to this card.,Exhaust a random Attack in your Hand and add its damage to this card.,"손에 있는 무작위 공격 카드를 1장 소멸시키고, 그 카드의 피해량을 이 카드에 추가합니다.",,"{""damage"":4,""block"":null,""hit_count"":2,""cards_draw"":null,""energy_gain"":null,""hp_loss"":null,""vars"":{""Damage"":4},""upgrade"":{""damage"":""+2""}}"
THRASH,난타,Thrash,ironclad,Rare,E1,body,2,exhaust,소멸시키기,positive_or_mixed,False,Exhaust a random Attack in your Hand and add its damage to this card.,Exhaust a random Attack in your Hand and add its damage to this card.,"손에 있는 무작위 공격 카드를 1장 소멸시키고, 그 카드의 피해량을 이 카드에 추가합니다.",,"{""damage"":4,""block"":null,""hit_count"":2,""cards_draw"":null,""energy_gain"":null,""hp_loss"":null,""vars"":{""Damage"":4},""upgrade"":{""damage"":""+2""}}"
THRASH,난타,Thrash,ironclad,Rare,E1,body,2,card_create,카드 생성,positive_or_mixed,False,Exhaust a random Attack in your Hand and add its damage to this card.,Exhaust a random Attack in your Hand and add its damage to this card.,"손에 있는 무작위 공격 카드를 1장 소멸시키고, 그 카드의 피해량을 이 카드에 추가합니다.",,"{""damage"":4,""block"":null,""hit_count"":2,""cards_draw"":null,""energy_gain"":null,""hp_loss"":null,""vars"":{""Damage"":4},""upgrade"":{""damage"":""+2""}}"
THRUMMING_HATCHET,고동치는 도끼,Thrumming Hatchet,colorless,Uncommon,E1,body,1,damage,피해,positive_or_mixed,False,Deal {n} damage.,Deal 11 damage.,피해를 11 줍니다.,11,"{""damage"":11,""block"":null,""hit_count"":null,""cards_draw"":null,""energy_gain"":null,""hp_loss"":null,""vars"":{""Damage"":11},""upgrade"":{""damage"":""+3""}}"
THRUMMING_HATCHET,고동치는 도끼,Thrumming Hatchet,colorless,Uncommon,E1,body,2,card_move,카드 이동/탐색,positive_or_mixed,False,"At the start of your next turn, return this to your Hand.","At the start of your next turn, return this to your Hand.","다음 턴 시작 시, 이 카드를 다시 손으로 가져옵니다.",,"{""damage"":11,""block"":null,""hit_count"":null,""cards_draw"":null,""energy_gain"":null,""hp_loss"":null,""vars"":{""Damage"":11},""upgrade"":{""damage"":""+3""}}"
THRUMMING_HATCHET,고동치는 도끼,Thrumming Hatchet,colorless,Uncommon,E1,body,2,trigger,지속/발동기,positive_or_mixed,False,"At the start of your next turn, return this to your Hand.","At the start of your next turn, return this to your Hand.","다음 턴 시작 시, 이 카드를 다시 손으로 가져옵니다.",,"{""damage"":11,""block"":null,""hit_count"":null,""cards_draw"":null,""energy_gain"":null,""hp_loss"":null,""vars"":{""Damage"":11},""upgrade"":{""damage"":""+3""}}"
THUNDER,벼락,Thunder,defect,Uncommon,E1,body,1,damage,피해,positive_or_mixed,False,"Whenever you Evoke Lightning, deal {n} damage to each enemy hit.","Whenever you Evoke Lightning, deal 6 damage to each enemy hit.","전기를 발현할 때마다, 적중한 적에게 피해를 6 줍니다.",6,"{""damage"":null,""block"":null,""hit_count"":null,""cards_draw"":null,""energy_gain"":null,""hp_loss"":null,""vars"":{""ThunderPower"":6,""Thunder"":6},""upgrade"":{""thunderpower"":""+2""}}"
THUNDER,벼락,Thunder,defect,Uncommon,E1,body,1,orb,구체,positive_or_mixed,False,"Whenever you Evoke Lightning, deal {n} damage to each enemy hit.","Whenever you Evoke Lightning, deal 6 damage to each enemy hit.","전기를 발현할 때마다, 적중한 적에게 피해를 6 줍니다.",6,"{""damage"":null,""block"":null,""hit_count"":null,""cards_draw"":null,""energy_gain"":null,""hp_loss"":null,""vars"":{""ThunderPower"":6,""Thunder"":6},""upgrade"":{""thunderpower"":""+2""}}"
THUNDER,벼락,Thunder,defect,Uncommon,E1,body,1,trigger,지속/발동기,positive_or_mixed,False,"Whenever you Evoke Lightning, deal {n} damage to each enemy hit.","Whenever you Evoke Lightning, deal 6 damage to each enemy hit.","전기를 발현할 때마다, 적중한 적에게 피해를 6 줍니다.",6,"{""damage"":null,""block"":null,""hit_count"":null,""cards_draw"":null,""energy_gain"":null,""hp_loss"":null,""vars"":{""ThunderPower"":6,""Thunder"":6},""upgrade"":{""thunderpower"":""+2""}}"
THUNDERCLAP,천둥,Thunderclap,ironclad,Common,E1,body,1,damage,피해,positive_or_mixed,False,Deal {n} damage and apply {n} Vulnerable to ALL enemies.,Deal 4 damage and apply 1 Vulnerable to ALL enemies.,모든 적에게 피해를 4 주고 취약을 1 부여합니다.,4|1,"{""damage"":4,""block"":null,""hit_count"":null,""cards_draw"":null,""energy_gain"":null,""hp_loss"":null,""vars"":{""Damage"":4,""VulnerablePower"":1,""Vulnerable"":1},""upgrade"":{""damage"":""+3""}}"
THUNDERCLAP,천둥,Thunderclap,ironclad,Common,E1,body,1,debuff,약화 효과,positive_or_mixed,False,Deal {n} damage and apply {n} Vulnerable to ALL enemies.,Deal 4 damage and apply 1 Vulnerable to ALL enemies.,모든 적에게 피해를 4 주고 취약을 1 부여합니다.,4|1,"{""damage"":4,""block"":null,""hit_count"":null,""cards_draw"":null,""energy_gain"":null,""hp_loss"":null,""vars"":{""Damage"":4,""VulnerablePower"":1,""Vulnerable"":1},""upgrade"":{""damage"":""+3""}}"
TIMES_UP,때가 되었다,Time's Up,necrobinder,Rare,E2,body,1,damage,피해,positive_or_mixed,True,Deal damage equal to the enemy's Doom.,Deal damage equal to the enemy's Doom.,대상 적이 보유한 종말만큼 피해를 줍니다.,,"{""damage"":0,""block"":null,""hit_count"":null,""cards_draw"":null,""energy_gain"":null,""hp_loss"":null,""vars"":{""CalculationBase"":0,""ExtraDamage"":1,""CalculatedDamage"":0},""upgrade"":{""add_retain"":1}}"
TIMES_UP,때가 되었다,Time's Up,necrobinder,Rare,E2,body,1,debuff,약화 효과,positive_or_mixed,True,Deal damage equal to the enemy's Doom.,Deal damage equal to the enemy's Doom.,대상 적이 보유한 종말만큼 피해를 줍니다.,,"{""damage"":0,""block"":null,""hit_count"":null,""cards_draw"":null,""energy_gain"":null,""hp_loss"":null,""vars"":{""CalculationBase"":0,""ExtraDamage"":1,""CalculatedDamage"":0},""upgrade"":{""add_retain"":1}}"
TIMES_UP,때가 되었다,Time's Up,necrobinder,Rare,E2,body,1,scaling,가변/스케일링,positive_or_mixed,True,Deal damage equal to the enemy's Doom.,Deal damage equal to the enemy's Doom.,대상 적이 보유한 종말만큼 피해를 줍니다.,,"{""damage"":0,""block"":null,""hit_count"":null,""cards_draw"":null,""energy_gain"":null,""hp_loss"":null,""vars"":{""CalculationBase"":0,""ExtraDamage"":1,""CalculatedDamage"":0},""upgrade"":{""add_retain"":1}}"
TIMES_UP,때가 되었다,Time's Up,necrobinder,Rare,E2,keyword,,keyword,카드 키워드,contextual,False,Keyword: Exhaust,Keyword: Exhaust,키워드: 소멸,,"{""damage"":0,""block"":null,""hit_count"":null,""cards_draw"":null,""energy_gain"":null,""hp_loss"":null,""vars"":{""CalculationBase"":0,""ExtraDamage"":1,""CalculatedDamage"":0},""upgrade"":{""add_retain"":1}}"
TOOLS_OF_THE_TRADE,작업 도구,Tools of the Trade,silent,Rare,E1,body,1,draw,카드 뽑기,positive_or_mixed,False,"At the start of your turn, draw {n} card and discard {n} card.","At the start of your turn, draw 1 card and discard 1 card.","내 턴 시작 시, 카드를 1장 뽑고 카드를 1장 버립니다.",1|1,"{""damage"":null,""block"":null,""hit_count"":null,""cards_draw"":null,""energy_gain"":null,""hp_loss"":null,""vars"":null,""upgrade"":{""cost"":0}}"
TOOLS_OF_THE_TRADE,작업 도구,Tools of the Trade,silent,Rare,E1,body,1,discard,버리기,positive_or_mixed,False,"At the start of your turn, draw {n} card and discard {n} card.","At the start of your turn, draw 1 card and discard 1 card.","내 턴 시작 시, 카드를 1장 뽑고 카드를 1장 버립니다.",1|1,"{""damage"":null,""block"":null,""hit_count"":null,""cards_draw"":null,""energy_gain"":null,""hp_loss"":null,""vars"":null,""upgrade"":{""cost"":0}}"
TOOLS_OF_THE_TRADE,작업 도구,Tools of the Trade,silent,Rare,E1,body,1,trigger,지속/발동기,positive_or_mixed,False,"At the start of your turn, draw {n} card and discard {n} card.","At the start of your turn, draw 1 card and discard 1 card.","내 턴 시작 시, 카드를 1장 뽑고 카드를 1장 버립니다.",1|1,"{""damage"":null,""block"":null,""hit_count"":null,""cards_draw"":null,""energy_gain"":null,""hp_loss"":null,""vars"":null,""upgrade"":{""cost"":0}}"
TORIC_TOUGHNESS,고리형 강인함,Toric Toughness,event,Event,E2,body,1,block,방어도,positive_or_mixed,False,Gain {n} Block.,Gain 5 Block.,방어도를 5 얻습니다.,5,"{""damage"":null,""block"":5,""hit_count"":null,""cards_draw"":null,""energy_gain"":null,""hp_loss"":null,""vars"":{""Turns"":2,""Block"":5},""upgrade"":{""block"":""+2""}}"
TORIC_TOUGHNESS,고리형 강인함,Toric Toughness,event,Event,E2,body,2,block,방어도,positive_or_mixed,False,Gain {n} Block at the start of the next {n} turns.,Gain 5 Block at the start of the next 2 turns.,"다음 2턴 동안, 턴 시작 시 방어도를 5 얻습니다.",5|2,"{""damage"":null,""block"":5,""hit_count"":null,""cards_draw"":null,""energy_gain"":null,""hp_loss"":null,""vars"":{""Turns"":2,""Block"":5},""upgrade"":{""block"":""+2""}}"
TOXIC,유독성,Toxic,status,Status,E1,body,1,damage,피해,negative_or_cost,False,"At the end of your turn, if this is in your Hand, take {n} damage.","At the end of your turn, if this is in your Hand, take 5 damage.","내 턴 종료 시 이 카드가 손에 있다면, 피해를 5 받습니다.",5,"{""damage"":5,""block"":null,""hit_count"":null,""cards_draw"":null,""energy_gain"":null,""hp_loss"":null,""vars"":{""Damage"":5},""upgrade"":null}"
TOXIC,유독성,Toxic,status,Status,E1,body,1,trigger,지속/발동기,negative_or_cost,False,"At the end of your turn, if this is in your Hand, take {n} damage.","At the end of your turn, if this is in your Hand, take 5 damage.","내 턴 종료 시 이 카드가 손에 있다면, 피해를 5 받습니다.",5,"{""damage"":5,""block"":null,""hit_count"":null,""cards_draw"":null,""energy_gain"":null,""hp_loss"":null,""vars"":{""Damage"":5},""upgrade"":null}"
TOXIC,유독성,Toxic,status,Status,E1,keyword,,keyword,카드 키워드,contextual,False,Keyword: Exhaust,Keyword: Exhaust,키워드: 소멸,,"{""damage"":5,""block"":null,""hit_count"":null,""cards_draw"":null,""energy_gain"":null,""hp_loss"":null,""vars"":{""Damage"":5},""upgrade"":null}"
TRACKING,추적,Tracking,silent,Rare,E2,body,1,damage,피해,negative_or_cost,True,Weak enemies take double damage from Attacks.,Weak enemies take double damage from Attacks.,약화 상태의 적이 공격 카드로 받는 피해가 2배가 됩니다.,,"{""damage"":null,""block"":null,""hit_count"":null,""cards_draw"":null,""energy_gain"":null,""hp_loss"":null,""vars"":null,""upgrade"":{""cost"":1}}"
TRACKING,추적,Tracking,silent,Rare,E2,body,1,debuff,약화 효과,negative_or_cost,True,Weak enemies take double damage from Attacks.,Weak enemies take double damage from Attacks.,약화 상태의 적이 공격 카드로 받는 피해가 2배가 됩니다.,,"{""damage"":null,""block"":null,""hit_count"":null,""cards_draw"":null,""energy_gain"":null,""hp_loss"":null,""vars"":null,""upgrade"":{""cost"":1}}"
TRACKING,추적,Tracking,silent,Rare,E2,body,1,restriction,사용 제약,negative_or_cost,True,Weak enemies take double damage from Attacks.,Weak enemies take double damage from Attacks.,약화 상태의 적이 공격 카드로 받는 피해가 2배가 됩니다.,,"{""damage"":null,""block"":null,""hit_count"":null,""cards_draw"":null,""energy_gain"":null,""hp_loss"":null,""vars"":null,""upgrade"":{""cost"":1}}"
TRACKING,추적,Tracking,silent,Rare,E2,body,1,scaling,가변/스케일링,negative_or_cost,True,Weak enemies take double damage from Attacks.,Weak enemies take double damage from Attacks.,약화 상태의 적이 공격 카드로 받는 피해가 2배가 됩니다.,,"{""damage"":null,""block"":null,""hit_count"":null,""cards_draw"":null,""energy_gain"":null,""hp_loss"":null,""vars"":null,""upgrade"":{""cost"":1}}"
TRANSFIGURE,변형,Transfigure,necrobinder,Rare,E1,body,1,card_create,카드 생성,positive_or_mixed,False,Add Replay to a card in your Hand.,Add Replay to a card in your Hand.,손에 있는 카드 1장에 재사용을 1 추가합니다.,,"{""damage"":null,""block"":null,""hit_count"":null,""cards_draw"":null,""energy_gain"":1,""hp_loss"":null,""vars"":{""Energy"":1},""upgrade"":{""remove_exhaust"":1}}"
TRANSFIGURE,변형,Transfigure,necrobinder,Rare,E1,body,1,card_play,추가 사용/재사용,positive_or_mixed,False,Add Replay to a card in your Hand.,Add Replay to a card in your Hand.,손에 있는 카드 1장에 재사용을 1 추가합니다.,,"{""damage"":null,""block"":null,""hit_count"":null,""cards_draw"":null,""energy_gain"":1,""hp_loss"":null,""vars"":{""Energy"":1},""upgrade"":{""remove_exhaust"":1}}"
TRANSFIGURE,변형,Transfigure,necrobinder,Rare,E1,body,2,card_cost,비용 변화,positive_or_mixed,False,It costs an extra {n} Energy.,It costs an extra 1 Energy.,그 카드의 비용이 1 Energy 증가합니다.,1,"{""damage"":null,""block"":null,""hit_count"":null,""cards_draw"":null,""energy_gain"":1,""hp_loss"":null,""vars"":{""Energy"":1},""upgrade"":{""remove_exhaust"":1}}"
TRANSFIGURE,변형,Transfigure,necrobinder,Rare,E1,body,2,energy,에너지,positive_or_mixed,False,It costs an extra {n} Energy.,It costs an extra 1 Energy.,그 카드의 비용이 1 Energy 증가합니다.,1,"{""damage"":null,""block"":null,""hit_count"":null,""cards_draw"":null,""energy_gain"":1,""hp_loss"":null,""vars"":{""Energy"":1},""upgrade"":{""remove_exhaust"":1}}"
TRANSFIGURE,변형,Transfigure,necrobinder,Rare,E1,keyword,,keyword,카드 키워드,contextual,False,Keyword: Exhaust,Keyword: Exhaust,키워드: 소멸,,"{""damage"":null,""block"":null,""hit_count"":null,""cards_draw"":null,""energy_gain"":1,""hp_loss"":null,""vars"":{""Energy"":1},""upgrade"":{""remove_exhaust"":1}}"
TRASH_TO_TREASURE,고철을 보물로,Trash to Treasure,defect,Rare,E1,body,1,orb,구체,positive_or_mixed,False,"Whenever you create a Status, Channel {n} random Orb.","Whenever you create a Status, Channel 1 random Orb.","상태이상 카드를 생성할 때마다, 무작위 구체를 1번 영창합니다.",1,"{""damage"":null,""block"":null,""hit_count"":null,""cards_draw"":null,""energy_gain"":null,""hp_loss"":null,""vars"":null,""upgrade"":{""add_innate"":1}}"
TRASH_TO_TREASURE,고철을 보물로,Trash to Treasure,defect,Rare,E1,body,1,trigger,지속/발동기,positive_or_mixed,False,"Whenever you create a Status, Channel {n} random Orb.","Whenever you create a Status, Channel 1 random Orb.","상태이상 카드를 생성할 때마다, 무작위 구체를 1번 영창합니다.",1,"{""damage"":null,""block"":null,""hit_count"":null,""cards_draw"":null,""energy_gain"":null,""hp_loss"":null,""vars"":null,""upgrade"":{""add_innate"":1}}"
TRASH_TO_TREASURE,고철을 보물로,Trash to Treasure,defect,Rare,E1,body,1,status_penalty,상태/저주 페널티,positive_or_mixed,False,"Whenever you create a Status, Channel {n} random Orb.","Whenever you create a Status, Channel 1 random Orb.","상태이상 카드를 생성할 때마다, 무작위 구체를 1번 영창합니다.",1,"{""damage"":null,""block"":null,""hit_count"":null,""cards_draw"":null,""energy_gain"":null,""hp_loss"":null,""vars"":null,""upgrade"":{""add_innate"":1}}"
TREMBLE,떨림,Tremble,ironclad,Common,E1,body,1,debuff,약화 효과,positive_or_mixed,False,Apply {n} Vulnerable.,Apply 3 Vulnerable.,취약을 3 부여합니다.,3,"{""damage"":null,""block"":null,""hit_count"":null,""cards_draw"":null,""energy_gain"":null,""hp_loss"":null,""vars"":{""VulnerablePower"":3,""Vulnerable"":3},""upgrade"":{""vulnerable"":""+1""}}"
TREMBLE,떨림,Tremble,ironclad,Common,E1,keyword,,keyword,카드 키워드,contextual,False,Keyword: Exhaust,Keyword: Exhaust,키워드: 소멸,,"{""damage"":null,""block"":null,""hit_count"":null,""cards_draw"":null,""energy_gain"":null,""hp_loss"":null,""vars"":{""VulnerablePower"":3,""Vulnerable"":3},""upgrade"":{""vulnerable"":""+1""}}"
TRUE_GRIT,진정한 끈기,True Grit,ironclad,Common,E1,body,1,block,방어도,positive_or_mixed,False,Gain {n} Block.,Gain 7 Block.,방어도를 7 얻습니다.,7,"{""damage"":null,""block"":7,""hit_count"":null,""cards_draw"":null,""energy_gain"":null,""hp_loss"":null,""vars"":{""Block"":7},""upgrade"":{""block"":""+2""}}"
TRUE_GRIT,진정한 끈기,True Grit,ironclad,Common,E1,body,2,exhaust,소멸시키기,positive_or_mixed,False,Exhaust {n} card at random.,Exhaust 1 card at random.,무작위 카드를 1장 소멸시킵니다.,1,"{""damage"":null,""block"":7,""hit_count"":null,""cards_draw"":null,""energy_gain"":null,""hp_loss"":null,""vars"":{""Block"":7},""upgrade"":{""block"":""+2""}}"
TURBO,터보,TURBO,defect,Common,E0,body,1,energy,에너지,positive_or_mixed,False,Gain {n} Energy.,Gain 2 Energy.,2 Energy를 얻습니다.,2,"{""damage"":null,""block"":null,""hit_count"":null,""cards_draw"":null,""energy_gain"":2,""hp_loss"":null,""vars"":{""Energy"":2},""upgrade"":{""energy"":""+1""}}"
TURBO,터보,TURBO,defect,Common,E0,body,2,discard,버리기,positive_or_mixed,False,Add a Void into your Discard Pile.,Add a Void into your Discard Pile.,버린 카드 더미에 공허를 1장 추가합니다.,,"{""damage"":null,""block"":null,""hit_count"":null,""cards_draw"":null,""energy_gain"":2,""hp_loss"":null,""vars"":{""Energy"":2},""upgrade"":{""energy"":""+1""}}"
TURBO,터보,TURBO,defect,Common,E0,body,2,card_create,카드 생성,positive_or_mixed,False,Add a Void into your Discard Pile.,Add a Void into your Discard Pile.,버린 카드 더미에 공허를 1장 추가합니다.,,"{""damage"":null,""block"":null,""hit_count"":null,""cards_draw"":null,""energy_gain"":2,""hp_loss"":null,""vars"":{""Energy"":2},""upgrade"":{""energy"":""+1""}}"
TURBO,터보,TURBO,defect,Common,E0,body,2,status_penalty,상태/저주 페널티,positive_or_mixed,False,Add a Void into your Discard Pile.,Add a Void into your Discard Pile.,버린 카드 더미에 공허를 1장 추가합니다.,,"{""damage"":null,""block"":null,""hit_count"":null,""cards_draw"":null,""energy_gain"":2,""hp_loss"":null,""vars"":{""Energy"":2},""upgrade"":{""energy"":""+1""}}"
TWIN_STRIKE,이중 타격,Twin Strike,ironclad,Common,E1,body,1,damage,피해,positive_or_mixed,False,Deal {n} damage twice.,Deal 5 damage twice.,피해를 5만큼 2번 줍니다.,5,"{""damage"":5,""block"":null,""hit_count"":2,""cards_draw"":null,""energy_gain"":null,""hp_loss"":null,""vars"":{""Damage"":5},""upgrade"":{""damage"":""+2""}}"
TYRANNY,독재,Tyranny,regent,Rare,E1,body,1,draw,카드 뽑기,positive_or_mixed,False,"At the start of your turn, draw {n} card and Exhaust {n} card from your Hand.","At the start of your turn, draw 1 card and Exhaust 1 card from your Hand.","내 턴 시작 시, 카드를 1장 뽑고 손에 있는 카드를 1장 소멸시킵니다.",1|1,"{""damage"":null,""block"":null,""hit_count"":null,""cards_draw"":null,""energy_gain"":null,""hp_loss"":null,""vars"":null,""upgrade"":{""add_innate"":1}}"
TYRANNY,독재,Tyranny,regent,Rare,E1,body,1,exhaust,소멸시키기,positive_or_mixed,False,"At the start of your turn, draw {n} card and Exhaust {n} card from your Hand.","At the start of your turn, draw 1 card and Exhaust 1 card from your Hand.","내 턴 시작 시, 카드를 1장 뽑고 손에 있는 카드를 1장 소멸시킵니다.",1|1,"{""damage"":null,""block"":null,""hit_count"":null,""cards_draw"":null,""energy_gain"":null,""hp_loss"":null,""vars"":null,""upgrade"":{""add_innate"":1}}"
TYRANNY,독재,Tyranny,regent,Rare,E1,body,1,trigger,지속/발동기,positive_or_mixed,False,"At the start of your turn, draw {n} card and Exhaust {n} card from your Hand.","At the start of your turn, draw 1 card and Exhaust 1 card from your Hand.","내 턴 시작 시, 카드를 1장 뽑고 손에 있는 카드를 1장 소멸시킵니다.",1|1,"{""damage"":null,""block"":null,""hit_count"":null,""cards_draw"":null,""energy_gain"":null,""hp_loss"":null,""vars"":null,""upgrade"":{""add_innate"":1}}"
TYRANNY,독재,Tyranny,regent,Rare,E1,keyword,,keyword,카드 키워드,contextual,False,Keyword: Exhaust,Keyword: Exhaust,키워드: 소멸,,"{""damage"":null,""block"":null,""hit_count"":null,""cards_draw"":null,""energy_gain"":null,""hp_loss"":null,""vars"":null,""upgrade"":{""add_innate"":1}}"
ULTIMATE_DEFEND,궁극의 수비,Ultimate Defend,colorless,Uncommon,E1,body,1,block,방어도,positive_or_mixed,False,Gain {n} Block.,Gain 11 Block.,방어도를 11 얻습니다.,11,"{""damage"":null,""block"":11,""hit_count"":null,""cards_draw"":null,""energy_gain"":null,""hp_loss"":null,""vars"":{""Block"":11},""upgrade"":{""block"":""+4""}}"
ULTIMATE_STRIKE,궁극의 타격,Ultimate Strike,colorless,Uncommon,E1,body,1,damage,피해,positive_or_mixed,False,Deal {n} damage.,Deal 14 damage.,피해를 14 줍니다.,14,"{""damage"":14,""block"":null,""hit_count"":null,""cards_draw"":null,""energy_gain"":null,""hp_loss"":null,""vars"":{""Damage"":14},""upgrade"":{""damage"":""+6""}}"
UNDEATH,불사,Undeath,necrobinder,Rare,E0,body,1,block,방어도,positive_or_mixed,False,Gain {n} Block.,Gain 7 Block.,방어도를 7 얻습니다.,7,"{""damage"":null,""block"":7,""hit_count"":null,""cards_draw"":null,""energy_gain"":null,""hp_loss"":null,""vars"":{""Block"":7},""upgrade"":{""block"":""+2""}}"
UNDEATH,불사,Undeath,necrobinder,Rare,E0,body,2,discard,버리기,positive_or_mixed,False,Add a copy of this card into your Discard Pile.,Add a copy of this card into your Discard Pile.,이 카드의 복사본을 1장 버린 카드 더미에 추가합니다.,,"{""damage"":null,""block"":7,""hit_count"":null,""cards_draw"":null,""energy_gain"":null,""hp_loss"":null,""vars"":{""Block"":7},""upgrade"":{""block"":""+2""}}"
UNDEATH,불사,Undeath,necrobinder,Rare,E0,body,2,card_create,카드 생성,positive_or_mixed,False,Add a copy of this card into your Discard Pile.,Add a copy of this card into your Discard Pile.,이 카드의 복사본을 1장 버린 카드 더미에 추가합니다.,,"{""damage"":null,""block"":7,""hit_count"":null,""cards_draw"":null,""energy_gain"":null,""hp_loss"":null,""vars"":{""Block"":7},""upgrade"":{""block"":""+2""}}"
UNLEASH,풀어놓기,Unleash,necrobinder,Basic,E1,body,1,damage,피해,positive_or_mixed,False,Osty deals {n} damage.,Osty deals 6 damage.,골골이가 피해를 6 줍니다.,6,"{""damage"":6,""block"":null,""hit_count"":null,""cards_draw"":null,""energy_gain"":null,""hp_loss"":null,""vars"":{""CalculationBase"":6,""ExtraDamage"":1,""CalculatedDamage"":6},""upgrade"":{""calculationbase"":""+3""}}"
UNLEASH,풀어놓기,Unleash,necrobinder,Basic,E1,body,1,osty,오스티/소환,positive_or_mixed,False,Osty deals {n} damage.,Osty deals 6 damage.,골골이가 피해를 6 줍니다.,6,"{""damage"":6,""block"":null,""hit_count"":null,""cards_draw"":null,""energy_gain"":null,""hp_loss"":null,""vars"":{""CalculationBase"":6,""ExtraDamage"":1,""CalculatedDamage"":6},""upgrade"":{""calculationbase"":""+3""}}"
UNLEASH,풀어놓기,Unleash,necrobinder,Basic,E1,body,2,damage,피해,positive_or_mixed,True,Deals additional damage equal to Osty's current HP.,Deals additional damage equal to Osty's current HP.,골골이의 현재 체력만큼 피해량이 증가합니다.,,"{""damage"":6,""block"":null,""hit_count"":null,""cards_draw"":null,""energy_gain"":null,""hp_loss"":null,""vars"":{""CalculationBase"":6,""ExtraDamage"":1,""CalculatedDamage"":6},""upgrade"":{""calculationbase"":""+3""}}"
UNLEASH,풀어놓기,Unleash,necrobinder,Basic,E1,body,2,hp,체력,positive_or_mixed,True,Deals additional damage equal to Osty's current HP.,Deals additional damage equal to Osty's current HP.,골골이의 현재 체력만큼 피해량이 증가합니다.,,"{""damage"":6,""block"":null,""hit_count"":null,""cards_draw"":null,""energy_gain"":null,""hp_loss"":null,""vars"":{""CalculationBase"":6,""ExtraDamage"":1,""CalculatedDamage"":6},""upgrade"":{""calculationbase"":""+3""}}"
UNLEASH,풀어놓기,Unleash,necrobinder,Basic,E1,body,2,osty,오스티/소환,positive_or_mixed,True,Deals additional damage equal to Osty's current HP.,Deals additional damage equal to Osty's current HP.,골골이의 현재 체력만큼 피해량이 증가합니다.,,"{""damage"":6,""block"":null,""hit_count"":null,""cards_draw"":null,""energy_gain"":null,""hp_loss"":null,""vars"":{""CalculationBase"":6,""ExtraDamage"":1,""CalculatedDamage"":6},""upgrade"":{""calculationbase"":""+3""}}"
UNLEASH,풀어놓기,Unleash,necrobinder,Basic,E1,body,2,scaling,가변/스케일링,positive_or_mixed,True,Deals additional damage equal to Osty's current HP.,Deals additional damage equal to Osty's current HP.,골골이의 현재 체력만큼 피해량이 증가합니다.,,"{""damage"":6,""block"":null,""hit_count"":null,""cards_draw"":null,""energy_gain"":null,""hp_loss"":null,""vars"":{""CalculationBase"":6,""ExtraDamage"":1,""CalculatedDamage"":6},""upgrade"":{""calculationbase"":""+3""}}"
UNMOVABLE,요지부동,Unmovable,ironclad,Rare,E2,body,1,block,방어도,positive_or_mixed,True,"The first time you gain Block from a card each turn, double the amount gained.","The first time you gain Block from a card each turn, double the amount gained.",매 턴마다 처음으로 카드를 통해 얻는 방어도가 2배가 됩니다.,,"{""damage"":null,""block"":null,""hit_count"":null,""cards_draw"":null,""energy_gain"":null,""hp_loss"":null,""vars"":null,""upgrade"":{""cost"":1}}"
UNMOVABLE,요지부동,Unmovable,ironclad,Rare,E2,body,1,scaling,가변/스케일링,positive_or_mixed,True,"The first time you gain Block from a card each turn, double the amount gained.","The first time you gain Block from a card each turn, double the amount gained.",매 턴마다 처음으로 카드를 통해 얻는 방어도가 2배가 됩니다.,,"{""damage"":null,""block"":null,""hit_count"":null,""cards_draw"":null,""energy_gain"":null,""hp_loss"":null,""vars"":null,""upgrade"":{""cost"":1}}"
UNMOVABLE,요지부동,Unmovable,ironclad,Rare,E2,body,1,trigger,지속/발동기,positive_or_mixed,True,"The first time you gain Block from a card each turn, double the amount gained.","The first time you gain Block from a card each turn, double the amount gained.",매 턴마다 처음으로 카드를 통해 얻는 방어도가 2배가 됩니다.,,"{""damage"":null,""block"":null,""hit_count"":null,""cards_draw"":null,""energy_gain"":null,""hp_loss"":null,""vars"":null,""upgrade"":{""cost"":1}}"
UNRELENTING,무자비,Unrelenting,ironclad,Uncommon,E2,body,1,damage,피해,positive_or_mixed,False,Deal {n} damage.,Deal 14 damage.,피해를 14 줍니다.,14,"{""damage"":14,""block"":null,""hit_count"":null,""cards_draw"":null,""energy_gain"":null,""hp_loss"":null,""vars"":{""Damage"":14},""upgrade"":{""damage"":""+6""}}"
UNRELENTING,무자비,Unrelenting,ironclad,Uncommon,E2,body,2,card_cost,비용 변화,positive_or_mixed,False,The next Attack you play costs {n} Energy.,The next Attack you play costs 0 Energy.,다음에 사용하는 공격 카드의 비용이 0 Energy이 됩니다.,0,"{""damage"":14,""block"":null,""hit_count"":null,""cards_draw"":null,""energy_gain"":null,""hp_loss"":null,""vars"":{""Damage"":14},""upgrade"":{""damage"":""+6""}}"
UNRELENTING,무자비,Unrelenting,ironclad,Uncommon,E2,body,2,card_play,추가 사용/재사용,positive_or_mixed,False,The next Attack you play costs {n} Energy.,The next Attack you play costs 0 Energy.,다음에 사용하는 공격 카드의 비용이 0 Energy이 됩니다.,0,"{""damage"":14,""block"":null,""hit_count"":null,""cards_draw"":null,""energy_gain"":null,""hp_loss"":null,""vars"":{""Damage"":14},""upgrade"":{""damage"":""+6""}}"
UNRELENTING,무자비,Unrelenting,ironclad,Uncommon,E2,body,2,energy,에너지,positive_or_mixed,False,The next Attack you play costs {n} Energy.,The next Attack you play costs 0 Energy.,다음에 사용하는 공격 카드의 비용이 0 Energy이 됩니다.,0,"{""damage"":14,""block"":null,""hit_count"":null,""cards_draw"":null,""energy_gain"":null,""hp_loss"":null,""vars"":{""Damage"":14},""upgrade"":{""damage"":""+6""}}"
UNTOUCHABLE,범접 불가,Untouchable,silent,Common,E2,body,1,block,방어도,positive_or_mixed,False,Gain {n} Block.,Gain 6 Block.,방어도를 6 얻습니다.,6,"{""damage"":null,""block"":6,""hit_count"":null,""cards_draw"":null,""energy_gain"":null,""hp_loss"":null,""vars"":{""Block"":6},""upgrade"":{""block"":""+3""}}"
UNTOUCHABLE,범접 불가,Untouchable,silent,Common,E2,keyword,,keyword,카드 키워드,contextual,False,Keyword: Sly,Keyword: Sly,키워드: 교활,,"{""damage"":null,""block"":6,""hit_count"":null,""cards_draw"":null,""energy_gain"":null,""hp_loss"":null,""vars"":{""Block"":6},""upgrade"":{""block"":""+3""}}"
UPPERCUT,어퍼컷,Uppercut,ironclad,Uncommon,E2,body,1,damage,피해,positive_or_mixed,False,Deal {n} damage.,Deal 13 damage.,피해를 13 줍니다.,13,"{""damage"":13,""block"":null,""hit_count"":null,""cards_draw"":null,""energy_gain"":null,""hp_loss"":null,""vars"":{""Power"":1,""Damage"":13},""upgrade"":{""power"":""+1""}}"
UPPERCUT,어퍼컷,Uppercut,ironclad,Uncommon,E2,body,2,debuff,약화 효과,positive_or_mixed,False,Apply {n} Weak.,Apply 1 Weak.,약화을 1 부여합니다.,1,"{""damage"":13,""block"":null,""hit_count"":null,""cards_draw"":null,""energy_gain"":null,""hp_loss"":null,""vars"":{""Power"":1,""Damage"":13},""upgrade"":{""power"":""+1""}}"
UPPERCUT,어퍼컷,Uppercut,ironclad,Uncommon,E2,body,3,debuff,약화 효과,positive_or_mixed,False,Apply {n} Vulnerable.,Apply 1 Vulnerable.,취약을 1 부여합니다.,1,"{""damage"":13,""block"":null,""hit_count"":null,""cards_draw"":null,""energy_gain"":null,""hp_loss"":null,""vars"":{""Power"":1,""Damage"":13},""upgrade"":{""power"":""+1""}}"
UPROAR,난동,Uproar,defect,Common,E2,body,1,damage,피해,positive_or_mixed,False,Deal {n} damage twice.,Deal 6 damage twice.,피해를 6만큼 2번 줍니다.,6,"{""damage"":6,""block"":null,""hit_count"":2,""cards_draw"":null,""energy_gain"":null,""hp_loss"":null,""vars"":{""Damage"":6},""upgrade"":{""damage"":""+2""}}"
UPROAR,난동,Uproar,defect,Common,E2,body,2,draw,카드 뽑기,positive_or_mixed,False,Play a random Attack from your Draw Pile.,Play a random Attack from your Draw Pile.,뽑을 카드 더미에서 무작위 공격 카드를 1장 사용합니다.,,"{""damage"":6,""block"":null,""hit_count"":2,""cards_draw"":null,""energy_gain"":null,""hp_loss"":null,""vars"":{""Damage"":6},""upgrade"":{""damage"":""+2""}}"
UPROAR,난동,Uproar,defect,Common,E2,body,2,card_move,카드 이동/탐색,positive_or_mixed,False,Play a random Attack from your Draw Pile.,Play a random Attack from your Draw Pile.,뽑을 카드 더미에서 무작위 공격 카드를 1장 사용합니다.,,"{""damage"":6,""block"":null,""hit_count"":2,""cards_draw"":null,""energy_gain"":null,""hp_loss"":null,""vars"":{""Damage"":6},""upgrade"":{""damage"":""+2""}}"
UPROAR,난동,Uproar,defect,Common,E2,body,2,card_play,추가 사용/재사용,positive_or_mixed,False,Play a random Attack from your Draw Pile.,Play a random Attack from your Draw Pile.,뽑을 카드 더미에서 무작위 공격 카드를 1장 사용합니다.,,"{""damage"":6,""block"":null,""hit_count"":2,""cards_draw"":null,""energy_gain"":null,""hp_loss"":null,""vars"":{""Damage"":6},""upgrade"":{""damage"":""+2""}}"
UP_MY_SLEEVE,비책,Up My Sleeve,silent,Uncommon,E2,body,1,card_create,카드 생성,positive_or_mixed,False,Add {n} Shivs into your Hand.,Add 3 Shivs into your Hand.,단도를 3장 손으로 가져옵니다.,3,"{""damage"":null,""block"":null,""hit_count"":null,""cards_draw"":3,""energy_gain"":null,""hp_loss"":null,""vars"":{""Cards"":3},""upgrade"":{""cards"":""+1""}}"
UP_MY_SLEEVE,비책,Up My Sleeve,silent,Uncommon,E2,body,1,card_move,카드 이동/탐색,positive_or_mixed,False,Add {n} Shivs into your Hand.,Add 3 Shivs into your Hand.,단도를 3장 손으로 가져옵니다.,3,"{""damage"":null,""block"":null,""hit_count"":null,""cards_draw"":3,""energy_gain"":null,""hp_loss"":null,""vars"":{""Cards"":3},""upgrade"":{""cards"":""+1""}}"
UP_MY_SLEEVE,비책,Up My Sleeve,silent,Uncommon,E2,body,2,card_cost,비용 변화,positive_or_mixed,False,Reduce this card's cost by {n}.,Reduce this card's cost by 1.,이 카드의 비용이 1 감소합니다.,1,"{""damage"":null,""block"":null,""hit_count"":null,""cards_draw"":3,""energy_gain"":null,""hp_loss"":null,""vars"":{""Cards"":3},""upgrade"":{""cards"":""+1""}}"
VEILPIERCER,장막 관통자,Veilpiercer,necrobinder,Uncommon,E1,body,1,damage,피해,positive_or_mixed,False,Deal {n} damage.,Deal 10 damage.,피해를 10 줍니다.,10,"{""damage"":10,""block"":null,""hit_count"":null,""cards_draw"":null,""energy_gain"":null,""hp_loss"":null,""vars"":{""Damage"":10},""upgrade"":{""damage"":""+3""}}"
VEILPIERCER,장막 관통자,Veilpiercer,necrobinder,Uncommon,E1,body,2,card_cost,비용 변화,positive_or_mixed,False,The next Ethereal card you play costs {n} Energy.,The next Ethereal card you play costs 0 Energy.,다음에 사용하는 휘발성 카드의 비용이 0 Energy이 됩니다.,0,"{""damage"":10,""block"":null,""hit_count"":null,""cards_draw"":null,""energy_gain"":null,""hp_loss"":null,""vars"":{""Damage"":10},""upgrade"":{""damage"":""+3""}}"
VEILPIERCER,장막 관통자,Veilpiercer,necrobinder,Uncommon,E1,body,2,card_play,추가 사용/재사용,positive_or_mixed,False,The next Ethereal card you play costs {n} Energy.,The next Ethereal card you play costs 0 Energy.,다음에 사용하는 휘발성 카드의 비용이 0 Energy이 됩니다.,0,"{""damage"":10,""block"":null,""hit_count"":null,""cards_draw"":null,""energy_gain"":null,""hp_loss"":null,""vars"":{""Damage"":10},""upgrade"":{""damage"":""+3""}}"
VEILPIERCER,장막 관통자,Veilpiercer,necrobinder,Uncommon,E1,body,2,energy,에너지,positive_or_mixed,False,The next Ethereal card you play costs {n} Energy.,The next Ethereal card you play costs 0 Energy.,다음에 사용하는 휘발성 카드의 비용이 0 Energy이 됩니다.,0,"{""damage"":10,""block"":null,""hit_count"":null,""cards_draw"":null,""energy_gain"":null,""hp_loss"":null,""vars"":{""Damage"":10},""upgrade"":{""damage"":""+3""}}"
VENERATE,추앙,Venerate,regent,Basic,E1,body,1,stars,별,positive_or_mixed,False,Gain {n} Stars.,Gain 2 Stars.,2 Stars을 얻습니다.,2,"{""damage"":null,""block"":null,""hit_count"":null,""cards_draw"":null,""energy_gain"":null,""hp_loss"":null,""vars"":{""Stars"":2},""upgrade"":{""stars"":""+1""}}"
VICIOUS,포악함,Vicious,ironclad,Uncommon,E1,body,1,draw,카드 뽑기,positive_or_mixed,False,"Whenever you apply Vulnerable, draw {n} card.","Whenever you apply Vulnerable, draw 1 card.","취약을 부여할 때마다, 카드를 1장 뽑습니다.",1,"{""damage"":null,""block"":null,""hit_count"":null,""cards_draw"":1,""energy_gain"":null,""hp_loss"":null,""vars"":{""Cards"":1},""upgrade"":{""cards"":""+1""}}"
VICIOUS,포악함,Vicious,ironclad,Uncommon,E1,body,1,debuff,약화 효과,positive_or_mixed,False,"Whenever you apply Vulnerable, draw {n} card.","Whenever you apply Vulnerable, draw 1 card.","취약을 부여할 때마다, 카드를 1장 뽑습니다.",1,"{""damage"":null,""block"":null,""hit_count"":null,""cards_draw"":1,""energy_gain"":null,""hp_loss"":null,""vars"":{""Cards"":1},""upgrade"":{""cards"":""+1""}}"
VICIOUS,포악함,Vicious,ironclad,Uncommon,E1,body,1,trigger,지속/발동기,positive_or_mixed,False,"Whenever you apply Vulnerable, draw {n} card.","Whenever you apply Vulnerable, draw 1 card.","취약을 부여할 때마다, 카드를 1장 뽑습니다.",1,"{""damage"":null,""block"":null,""hit_count"":null,""cards_draw"":1,""energy_gain"":null,""hp_loss"":null,""vars"":{""Cards"":1},""upgrade"":{""cards"":""+1""}}"
VOID,공허,Void,status,Status,E-1,body,1,draw,카드 뽑기,negative_or_cost,False,"Whenever you draw this card, lose {n} Energy.","Whenever you draw this card, lose 1 Energy.","이 카드를 뽑을 때마다, 1 Energy를 잃습니다.",1,"{""damage"":null,""block"":null,""hit_count"":null,""cards_draw"":null,""energy_gain"":1,""hp_loss"":null,""vars"":{""Energy"":1},""upgrade"":null}"
VOID,공허,Void,status,Status,E-1,body,1,energy,에너지,negative_or_cost,False,"Whenever you draw this card, lose {n} Energy.","Whenever you draw this card, lose 1 Energy.","이 카드를 뽑을 때마다, 1 Energy를 잃습니다.",1,"{""damage"":null,""block"":null,""hit_count"":null,""cards_draw"":null,""energy_gain"":1,""hp_loss"":null,""vars"":{""Energy"":1},""upgrade"":null}"
VOID,공허,Void,status,Status,E-1,body,1,trigger,지속/발동기,negative_or_cost,False,"Whenever you draw this card, lose {n} Energy.","Whenever you draw this card, lose 1 Energy.","이 카드를 뽑을 때마다, 1 Energy를 잃습니다.",1,"{""damage"":null,""block"":null,""hit_count"":null,""cards_draw"":null,""energy_gain"":1,""hp_loss"":null,""vars"":{""Energy"":1},""upgrade"":null}"
VOID,공허,Void,status,Status,E-1,keyword,,keyword,카드 키워드,contextual,False,Keyword: Ethereal,Keyword: Ethereal,키워드: 휘발성,,"{""damage"":null,""block"":null,""hit_count"":null,""cards_draw"":null,""energy_gain"":1,""hp_loss"":null,""vars"":{""Energy"":1},""upgrade"":null}"
VOID,공허,Void,status,Status,E-1,keyword,,keyword,카드 키워드,contextual,False,Keyword: Unplayable,Keyword: Unplayable,키워드: 사용불가,,"{""damage"":null,""block"":null,""hit_count"":null,""cards_draw"":null,""energy_gain"":1,""hp_loss"":null,""vars"":{""Energy"":1},""upgrade"":null}"
VOID_FORM,공허의 형상,Void Form,regent,Rare,E3,body,1,restriction,사용 제약,positive_or_mixed,False,End your turn.,End your turn.,내 턴을 종료합니다.,,"{""damage"":null,""block"":null,""hit_count"":null,""cards_draw"":null,""energy_gain"":null,""hp_loss"":null,""vars"":{""VoidFormPower"":2,""VoidForm"":2},""upgrade"":{""remove_ethereal"":1}}"
VOID_FORM,공허의 형상,Void Form,regent,Rare,E3,body,2,card_cost,비용 변화,positive_or_mixed,False,The first {n} cards you play each turn are free to play.,The first 2 cards you play each turn are free to play.,매 턴마다 처음으로 사용하는 카드 2장을 비용 없이 사용합니다.,2,"{""damage"":null,""block"":null,""hit_count"":null,""cards_draw"":null,""energy_gain"":null,""hp_loss"":null,""vars"":{""VoidFormPower"":2,""VoidForm"":2},""upgrade"":{""remove_ethereal"":1}}"
VOID_FORM,공허의 형상,Void Form,regent,Rare,E3,body,2,card_play,추가 사용/재사용,positive_or_mixed,False,The first {n} cards you play each turn are free to play.,The first 2 cards you play each turn are free to play.,매 턴마다 처음으로 사용하는 카드 2장을 비용 없이 사용합니다.,2,"{""damage"":null,""block"":null,""hit_count"":null,""cards_draw"":null,""energy_gain"":null,""hp_loss"":null,""vars"":{""VoidFormPower"":2,""VoidForm"":2},""upgrade"":{""remove_ethereal"":1}}"
VOID_FORM,공허의 형상,Void Form,regent,Rare,E3,body,2,trigger,지속/발동기,positive_or_mixed,False,The first {n} cards you play each turn are free to play.,The first 2 cards you play each turn are free to play.,매 턴마다 처음으로 사용하는 카드 2장을 비용 없이 사용합니다.,2,"{""damage"":null,""block"":null,""hit_count"":null,""cards_draw"":null,""energy_gain"":null,""hp_loss"":null,""vars"":{""VoidFormPower"":2,""VoidForm"":2},""upgrade"":{""remove_ethereal"":1}}"
VOID_FORM,공허의 형상,Void Form,regent,Rare,E3,keyword,,keyword,카드 키워드,contextual,False,Keyword: Ethereal,Keyword: Ethereal,키워드: 휘발성,,"{""damage"":null,""block"":null,""hit_count"":null,""cards_draw"":null,""energy_gain"":null,""hp_loss"":null,""vars"":{""VoidFormPower"":2,""VoidForm"":2},""upgrade"":{""remove_ethereal"":1}}"
VOLLEY,난사,Volley,colorless,Uncommon,EX,body,1,damage,피해,positive_or_mixed,True,Deal {n} damage to a random enemy X times.,Deal 10 damage to a random enemy X times.,무작위 적에게 피해를 10만큼 X번 줍니다.,10,"{""damage"":10,""block"":null,""hit_count"":null,""cards_draw"":null,""energy_gain"":null,""hp_loss"":null,""vars"":{""Damage"":10},""upgrade"":{""damage"":""+4""}}"
VOLLEY,난사,Volley,colorless,Uncommon,EX,body,1,scaling,가변/스케일링,positive_or_mixed,True,Deal {n} damage to a random enemy X times.,Deal 10 damage to a random enemy X times.,무작위 적에게 피해를 10만큼 X번 줍니다.,10,"{""damage"":10,""block"":null,""hit_count"":null,""cards_draw"":null,""energy_gain"":null,""hp_loss"":null,""vars"":{""Damage"":10},""upgrade"":{""damage"":""+4""}}"
VOLTAIC,동전기,Voltaic,defect,Rare,E3,body,1,orb,구체,positive_or_mixed,True,Channel Lightning equal to the Lightning already Channeled this combat.,Channel Lightning equal to the Lightning already Channeled this combat.,이번 전투 동안 영창한 전기의 수만큼 전기를 영창합니다.,,"{""damage"":0,""block"":null,""hit_count"":null,""cards_draw"":null,""energy_gain"":null,""hp_loss"":null,""vars"":{""CalculationBase"":0,""CalculationExtra"":1},""upgrade"":{""remove_exhaust"":1}}"
VOLTAIC,동전기,Voltaic,defect,Rare,E3,body,1,scaling,가변/스케일링,positive_or_mixed,True,Channel Lightning equal to the Lightning already Channeled this combat.,Channel Lightning equal to the Lightning already Channeled this combat.,이번 전투 동안 영창한 전기의 수만큼 전기를 영창합니다.,,"{""damage"":0,""block"":null,""hit_count"":null,""cards_draw"":null,""energy_gain"":null,""hp_loss"":null,""vars"":{""CalculationBase"":0,""CalculationExtra"":1},""upgrade"":{""remove_exhaust"":1}}"
VOLTAIC,동전기,Voltaic,defect,Rare,E3,keyword,,keyword,카드 키워드,contextual,False,Keyword: Exhaust,Keyword: Exhaust,키워드: 소멸,,"{""damage"":0,""block"":null,""hit_count"":null,""cards_draw"":null,""energy_gain"":null,""hp_loss"":null,""vars"":{""CalculationBase"":0,""CalculationExtra"":1},""upgrade"":{""remove_exhaust"":1}}"
WASTE_AWAY,쇠퇴,Waste Away,token,Status,E-1,body,1,energy,에너지,positive_or_mixed,False,Gain {n} less Energy per turn.,Gain 1 less Energy per turn.,매 턴마다 얻는 1 Energy가 1 감소합니다.,1,"{""damage"":null,""block"":null,""hit_count"":null,""cards_draw"":null,""energy_gain"":null,""hp_loss"":null,""vars"":{""WasteAwayPower"":1,""WasteAway"":1},""upgrade"":null}"
WELL_LAID_PLANS,괜찮은 전략,Well-Laid Plans,silent,Uncommon,E1,body,1,retain,보존,positive_or_mixed,False,"At the end of your turn, Retain up to {n} card.","At the end of your turn, Retain up to 1 card.","내 턴 종료 시, 카드를 최대 1장까지 보존합니다.",1,"{""damage"":null,""block"":null,""hit_count"":null,""cards_draw"":null,""energy_gain"":null,""hp_loss"":null,""vars"":{""RetainAmount"":1},""upgrade"":{""retainamount"":""+1""}}"
WELL_LAID_PLANS,괜찮은 전략,Well-Laid Plans,silent,Uncommon,E1,body,1,trigger,지속/발동기,positive_or_mixed,False,"At the end of your turn, Retain up to {n} card.","At the end of your turn, Retain up to 1 card.","내 턴 종료 시, 카드를 최대 1장까지 보존합니다.",1,"{""damage"":null,""block"":null,""hit_count"":null,""cards_draw"":null,""energy_gain"":null,""hp_loss"":null,""vars"":{""RetainAmount"":1},""upgrade"":{""retainamount"":""+1""}}"
WHIRLWIND,소용돌이,Whirlwind,ironclad,Uncommon,EX,body,1,damage,피해,positive_or_mixed,True,Deal {n} damage to ALL enemies X times.,Deal 5 damage to ALL enemies X times.,모든 적에게 피해를 5만큼 X번 줍니다.,5,"{""damage"":5,""block"":null,""hit_count"":null,""cards_draw"":null,""energy_gain"":null,""hp_loss"":null,""vars"":{""Damage"":5},""upgrade"":{""damage"":""+3""}}"
WHIRLWIND,소용돌이,Whirlwind,ironclad,Uncommon,EX,body,1,scaling,가변/스케일링,positive_or_mixed,True,Deal {n} damage to ALL enemies X times.,Deal 5 damage to ALL enemies X times.,모든 적에게 피해를 5만큼 X번 줍니다.,5,"{""damage"":5,""block"":null,""hit_count"":null,""cards_draw"":null,""energy_gain"":null,""hp_loss"":null,""vars"":{""Damage"":5},""upgrade"":{""damage"":""+3""}}"
WHISTLE,호각 불기,Whistle,event,Ancient,E3,body,1,damage,피해,positive_or_mixed,False,Deal {n} damage.,Deal 33 damage.,피해를 33 줍니다.,33,"{""damage"":33,""block"":null,""hit_count"":null,""cards_draw"":null,""energy_gain"":null,""hp_loss"":null,""vars"":{""Damage"":33},""upgrade"":{""damage"":""+11""}}"
WHISTLE,호각 불기,Whistle,event,Ancient,E3,body,2,enemy_control,적 제어,positive_or_mixed,False,Stun the enemy.,Stun the enemy.,적을 기절시킵니다.,,"{""damage"":33,""block"":null,""hit_count"":null,""cards_draw"":null,""energy_gain"":null,""hp_loss"":null,""vars"":{""Damage"":33},""upgrade"":{""damage"":""+11""}}"
WHISTLE,호각 불기,Whistle,event,Ancient,E3,keyword,,keyword,카드 키워드,contextual,False,Keyword: Exhaust,Keyword: Exhaust,키워드: 소멸,,"{""damage"":33,""block"":null,""hit_count"":null,""cards_draw"":null,""energy_gain"":null,""hp_loss"":null,""vars"":{""Damage"":33},""upgrade"":{""damage"":""+11""}}"
WHITE_NOISE,백색 소음,White Noise,defect,Uncommon,E1,body,1,card_create,카드 생성,positive_or_mixed,False,Add a random Power into your Hand.,Add a random Power into your Hand.,무작위 파워 카드를 1장 손으로 가져옵니다.,,"{""damage"":null,""block"":null,""hit_count"":null,""cards_draw"":null,""energy_gain"":null,""hp_loss"":null,""vars"":null,""upgrade"":{""cost"":0}}"
WHITE_NOISE,백색 소음,White Noise,defect,Uncommon,E1,body,1,card_move,카드 이동/탐색,positive_or_mixed,False,Add a random Power into your Hand.,Add a random Power into your Hand.,무작위 파워 카드를 1장 손으로 가져옵니다.,,"{""damage"":null,""block"":null,""hit_count"":null,""cards_draw"":null,""energy_gain"":null,""hp_loss"":null,""vars"":null,""upgrade"":{""cost"":0}}"
WHITE_NOISE,백색 소음,White Noise,defect,Uncommon,E1,body,2,card_cost,비용 변화,positive_or_mixed,False,It's free to play this turn.,It's free to play this turn.,이번 턴 동안 그 카드를 비용 없이 사용할 수 있습니다.,,"{""damage"":null,""block"":null,""hit_count"":null,""cards_draw"":null,""energy_gain"":null,""hp_loss"":null,""vars"":null,""upgrade"":{""cost"":0}}"
WHITE_NOISE,백색 소음,White Noise,defect,Uncommon,E1,body,2,card_play,추가 사용/재사용,positive_or_mixed,False,It's free to play this turn.,It's free to play this turn.,이번 턴 동안 그 카드를 비용 없이 사용할 수 있습니다.,,"{""damage"":null,""block"":null,""hit_count"":null,""cards_draw"":null,""energy_gain"":null,""hp_loss"":null,""vars"":null,""upgrade"":{""cost"":0}}"
WHITE_NOISE,백색 소음,White Noise,defect,Uncommon,E1,keyword,,keyword,카드 키워드,contextual,False,Keyword: Exhaust,Keyword: Exhaust,키워드: 소멸,,"{""damage"":null,""block"":null,""hit_count"":null,""cards_draw"":null,""energy_gain"":null,""hp_loss"":null,""vars"":null,""upgrade"":{""cost"":0}}"
WISH,염원,Wish,event,Ancient,E0,body,1,draw,카드 뽑기,positive_or_mixed,False,Put a card from your Draw Pile into your Hand.,Put a card from your Draw Pile into your Hand.,뽑을 카드 더미에서 카드를 1장 손으로 가져옵니다.,,"{""damage"":null,""block"":null,""hit_count"":null,""cards_draw"":null,""energy_gain"":null,""hp_loss"":null,""vars"":null,""upgrade"":{""add_retain"":1}}"
WISH,염원,Wish,event,Ancient,E0,body,1,card_move,카드 이동/탐색,positive_or_mixed,False,Put a card from your Draw Pile into your Hand.,Put a card from your Draw Pile into your Hand.,뽑을 카드 더미에서 카드를 1장 손으로 가져옵니다.,,"{""damage"":null,""block"":null,""hit_count"":null,""cards_draw"":null,""energy_gain"":null,""hp_loss"":null,""vars"":null,""upgrade"":{""add_retain"":1}}"
WISH,염원,Wish,event,Ancient,E0,keyword,,keyword,카드 키워드,contextual,False,Keyword: Exhaust,Keyword: Exhaust,키워드: 소멸,,"{""damage"":null,""block"":null,""hit_count"":null,""cards_draw"":null,""energy_gain"":null,""hp_loss"":null,""vars"":null,""upgrade"":{""add_retain"":1}}"
WISP,위습,Wisp,necrobinder,Common,E0,body,1,energy,에너지,positive_or_mixed,False,Gain {n} Energy.,Gain 1 Energy.,1 Energy를 얻습니다.,1,"{""damage"":null,""block"":null,""hit_count"":null,""cards_draw"":null,""energy_gain"":1,""hp_loss"":null,""vars"":{""Energy"":1},""upgrade"":{""add_retain"":1}}"
WISP,위습,Wisp,necrobinder,Common,E0,keyword,,keyword,카드 키워드,contextual,False,Keyword: Exhaust,Keyword: Exhaust,키워드: 소멸,,"{""damage"":null,""block"":null,""hit_count"":null,""cards_draw"":null,""energy_gain"":1,""hp_loss"":null,""vars"":{""Energy"":1},""upgrade"":{""add_retain"":1}}"
WITHER,침체,Wither,status,Status,E-1,body,1,damage,피해,negative_or_cost,False,"At the end of your turn, if this is in your Hand, take {n} damage.","At the end of your turn, if this is in your Hand, take 3 damage.","내 턴 종료 시 이 카드가 손에 있다면, 피해를 3 받습니다.",3,"{""damage"":3,""block"":null,""hit_count"":null,""cards_draw"":null,""energy_gain"":null,""hp_loss"":null,""vars"":{""Damage"":3},""upgrade"":{""damage"":""+3""}}"
WITHER,침체,Wither,status,Status,E-1,body,1,trigger,지속/발동기,negative_or_cost,False,"At the end of your turn, if this is in your Hand, take {n} damage.","At the end of your turn, if this is in your Hand, take 3 damage.","내 턴 종료 시 이 카드가 손에 있다면, 피해를 3 받습니다.",3,"{""damage"":3,""block"":null,""hit_count"":null,""cards_draw"":null,""energy_gain"":null,""hp_loss"":null,""vars"":{""Damage"":3},""upgrade"":{""damage"":""+3""}}"
WITHER,침체,Wither,status,Status,E-1,keyword,,keyword,카드 키워드,contextual,False,Keyword: Unplayable,Keyword: Unplayable,키워드: 사용불가,,"{""damage"":3,""block"":null,""hit_count"":null,""cards_draw"":null,""energy_gain"":null,""hp_loss"":null,""vars"":{""Damage"":3},""upgrade"":{""damage"":""+3""}}"
WOUND,부상,Wound,status,Status,E-1,body,1,empty,효과 없음,positive_or_mixed,False,(empty),,,,"{""damage"":null,""block"":null,""hit_count"":null,""cards_draw"":null,""energy_gain"":null,""hp_loss"":null,""vars"":null,""upgrade"":null}"
WOUND,부상,Wound,status,Status,E-1,keyword,,keyword,카드 키워드,contextual,False,Keyword: Unplayable,Keyword: Unplayable,키워드: 사용불가,,"{""damage"":null,""block"":null,""hit_count"":null,""cards_draw"":null,""energy_gain"":null,""hp_loss"":null,""vars"":null,""upgrade"":null}"
WRAITH_FORM,유령의 형상,Wraith Form,silent,Ancient,E3,body,1,buff,강화 효과,positive_or_mixed,False,Gain {n} Intangible.,Gain 2 Intangible.,불가침을 2 얻습니다.,2,"{""damage"":null,""block"":null,""hit_count"":null,""cards_draw"":null,""energy_gain"":null,""hp_loss"":null,""vars"":{""IntangiblePower"":2,""Intangible"":2,""WraithFormPower"":1,""WraithForm"":1},""upgrade"":{""intangiblepower"":""+1""}}"
WRAITH_FORM,유령의 형상,Wraith Form,silent,Ancient,E3,body,2,buff,강화 효과,negative_or_cost,False,"At the start of your turn, lose {n} Dexterity.","At the start of your turn, lose 1 Dexterity.","내 턴 시작 시, 민첩을 1 잃습니다.",1,"{""damage"":null,""block"":null,""hit_count"":null,""cards_draw"":null,""energy_gain"":null,""hp_loss"":null,""vars"":{""IntangiblePower"":2,""Intangible"":2,""WraithFormPower"":1,""WraithForm"":1},""upgrade"":{""intangiblepower"":""+1""}}"
WRAITH_FORM,유령의 형상,Wraith Form,silent,Ancient,E3,body,2,trigger,지속/발동기,negative_or_cost,False,"At the start of your turn, lose {n} Dexterity.","At the start of your turn, lose 1 Dexterity.","내 턴 시작 시, 민첩을 1 잃습니다.",1,"{""damage"":null,""block"":null,""hit_count"":null,""cards_draw"":null,""energy_gain"":null,""hp_loss"":null,""vars"":{""IntangiblePower"":2,""Intangible"":2,""WraithFormPower"":1,""WraithForm"":1},""upgrade"":{""intangiblepower"":""+1""}}"
WRITHE,몸부림,Writhe,curse,Curse,E-1,body,1,empty,효과 없음,positive_or_mixed,False,(empty),,,,"{""damage"":null,""block"":null,""hit_count"":null,""cards_draw"":null,""energy_gain"":null,""hp_loss"":null,""vars"":null,""upgrade"":null}"
WRITHE,몸부림,Writhe,curse,Curse,E-1,keyword,,keyword,카드 키워드,contextual,False,Keyword: Innate,Keyword: Innate,키워드: 선천성,,"{""damage"":null,""block"":null,""hit_count"":null,""cards_draw"":null,""energy_gain"":null,""hp_loss"":null,""vars"":null,""upgrade"":null}"
WRITHE,몸부림,Writhe,curse,Curse,E-1,keyword,,keyword,카드 키워드,contextual,False,Keyword: Unplayable,Keyword: Unplayable,키워드: 사용불가,,"{""damage"":null,""block"":null,""hit_count"":null,""cards_draw"":null,""energy_gain"":null,""hp_loss"":null,""vars"":null,""upgrade"":null}"
WROUGHT_IN_WAR,전장의 생존자,Wrought in War,regent,Common,E1,body,1,damage,피해,positive_or_mixed,False,Deal {n} damage.,Deal 7 damage.,피해를 7 줍니다.,7,"{""damage"":7,""block"":null,""hit_count"":null,""cards_draw"":null,""energy_gain"":null,""hp_loss"":null,""vars"":{""Damage"":7,""Forge"":7},""upgrade"":{""damage"":""+2"",""forge"":""+2""}}"
WROUGHT_IN_WAR,전장의 생존자,Wrought in War,regent,Common,E1,body,2,forge,제련,positive_or_mixed,False,Forge {n}.,Forge 7.,단조 7.,7,"{""damage"":7,""block"":null,""hit_count"":null,""cards_draw"":null,""energy_gain"":null,""hp_loss"":null,""vars"":{""Damage"":7,""Forge"":7},""upgrade"":{""damage"":""+2"",""forge"":""+2""}}"
ZAP,파지직,Zap,defect,Basic,E1,body,1,orb,구체,positive_or_mixed,False,Channel {n} Lightning.,Channel 1 Lightning.,전기를 1번 영창합니다.,1,"{""damage"":null,""block"":null,""hit_count"":null,""cards_draw"":null,""energy_gain"":null,""hp_loss"":null,""vars"":null,""upgrade"":{""cost"":0}}"
