card_id,name_ko,name_en,pool,rarity,cost,type,score_low,score_baseline,score_high,score_width,confidence_score,confidence_grade,low_confidence_effects,fallback_effects,benchmark_v4,benchmark_method,benchmark_comparable,residual_low,residual_baseline,residual_high,rank_low_scenario,rank_baseline_scenario,rank_high_scenario,rank_span,rank_stability,rules,description_en
ABRASIVE,연마,Abrasive,silent,Rare,E3,Power,5.25,9.65,13.25,8.0,0.678,C,1,0,20.0,v3_table,False,,,,24,15,32,17,0.805,atomic_fixed|keyword_sly,Gain 1 Dexterity. Gain 4 Thorns.
ACCELERANT,촉진제,Accelerant,silent,Rare,E1,Power,2.0,6.0,15.0,13.0,0.42,C,1,0,6.5,v3_table,True,-4.5,-0.5,8.5,61,50,28,33,0.621,extra_poison_trigger,Poison is triggered 1 additional time.
ACCURACY,정밀,Accuracy,silent,Uncommon,E1,Power,2.0,8.0,20.0,18.0,0.42,C,1,0,6.5,v3_table,True,-4.5,1.5,13.5,62,26,16,46,0.471,shiv_damage_aura,Shivs deal 4 additional damage.
ACROBATICS,곡예,Acrobatics,silent,Uncommon,E1,Skill,5.8,5.8,5.8,0.0,0.743,B,0,0,6.5,v3_table,True,-0.7,-0.7,-0.7,20,54,68,48,0.448,atomic_fixed,Draw 3 cards. Discard 1 card.
ADAPTIVE_STRIKE,적응형 타격,Adaptive Strike,defect,Rare,E2,Attack,8.5,13.0,18.0,9.5,0.822,C,1,0,17.0,v3_table,True,-8.5,-4.0,1.0,14,10,29,19,0.782,atomic_fixed|copy_self_discard_zero,Deal 18 damage. Add a 0 Energy copy of this card into your Discard Pile.
ADRENALINE,아드레날린,Adrenaline,silent,Rare,E0,Skill,4.9,4.9,4.9,0.0,0.72,B,0,0,6.5,v3_table,True,-1.6,-1.6,-1.6,33,68,76,43,0.506,atomic_fixed|keyword_exhaust,Gain 1 Energy. Draw 2 cards.
AFTERIMAGE,잔상,Afterimage,silent,Rare,E1,Power,0.6,2.1,10.8,10.2,0.72,C,0,0,6.5,v3_table,True,-5.9,-4.4,4.3,76,85,43,42,0.517,atomic_fixed+event_triggers,"Whenever you play a card, gain 1 Block."
AFTERLIFE,내세,Afterlife,necrobinder,Common,E1,Skill,5.6,5.6,5.6,0.0,0.963,A,0,0,5.3,v3_table,True,0.3,0.3,0.3,29,54,68,39,0.552,atomic_fixed|keyword_exhaust,Summon 6.
AGGRESSION,공격성,Aggression,ironclad,Rare,E1,Power,3.0,12.0,24.0,21.0,0.42,C,1,0,6.5,v3_table,True,-3.5,5.5,17.5,57,16,22,41,0.523,recurring_upgraded_attack_retrieval,"At the start of your turn, put a random Attack from your Discard Pile into your Hand and Upgrade it."
ALCHEMIZE,연금,Alchemize,colorless,Rare,E1,Skill,2.0,6.0,11.0,9.0,0.458,C,1,0,9.0,v3_table,True,-7.0,-3.0,2.0,45,39,32,13,0.794,keyword_exhaust|meta_random_potion,Procure a random potion.
ALIGNMENT,정렬,Alignment,regent,Uncommon,E0+S3,Skill,-1.0,-1.0,-1.0,0.0,0.556,C,1,0,4.3,energy_table_star_cost_separated,True,-5.3,-5.3,-5.3,82,88,88,6,0.931,atomic_fixed|cost_star_spend,Gain 2 Energy.
ALL_FOR_ONE,하나를 위한 모두,All for One,defect,Rare,E2,Attack,8.0,12.0,19.0,11.0,0.662,C,1,0,17.0,v3_table,True,-9.0,-5.0,2.0,15,15,27,12,0.862,atomic_fixed|bulk_tutor_to_hand,Deal 10 damage. Put ALL 0 Energy cards from your Discard Pile into your Hand.
ANGER,분노,Anger,ironclad,Common,E0,Attack,2.5,3.5,5.5,3.0,0.884,B,1,0,2.7,v3_table,True,-0.2,0.8,2.8,65,81,74,16,0.814,atomic_copy_self_discard|atomic_fixed,Deal 6 damage. Add a copy of this card into your Discard Pile.
ANOINTED,임명,Anointed,colorless,Rare,E1,Skill,2.0,6.0,13.0,11.0,0.458,C,1,0,9.0,v3_table,True,-7.0,-3.0,4.0,46,40,25,21,0.667,bulk_tutor_to_hand|keyword_exhaust,Put every Rare card from your Draw Pile into your Hand.
ANTICIPATE,예측,Anticipate,silent,Common,E0,Skill,1.6,1.6,1.6,0.0,1.0,A,0,0,2.7,v3_table,True,-1.1,-1.1,-1.1,70,87,87,17,0.805,atomic_temporary_stat,Gain 2 Dexterity this turn.
APOTHEOSIS,신성,Apotheosis,event,Ancient,E2,Skill,11.5,24.5,44.5,33.0,0.437,C,1,0,,special_pool_raw_score,False,,,,3,1,1,2,0.923,keyword_exhaust|keyword_innate|upgrade_all_cards,Upgrade ALL your cards.
APPARITION,영체화,Apparition,event,Ancient,E1,Skill,10.0,10.0,10.0,0.0,0.96,A,0,0,,special_pool_raw_score,False,,,,4,5,11,7,0.731,atomic_intangible|keyword_ethereal|keyword_exhaust,Gain 1 Intangible.
ARMAMENTS,전투장비,Armaments,ironclad,Common,E1,Skill,5.0,5.0,5.0,0.0,0.888,B,0,0,5.3,v3_table,True,-0.3,-0.3,-0.3,32,66,78,46,0.465,atomic_fixed|atomic_upgrade,Gain 5 Block. Upgrade a card in your Hand.
ARSENAL,무기고,Arsenal,regent,Rare,E1,Power,3.25,11.375,58.5,55.25,0.72,C,0,0,6.5,v3_table,True,-3.25,4.875,52.0,49,13,2,47,0.46,atomic_fixed+event_triggers,"Whenever you create a card, gain 1 Strength."
ASCENDERS_BANE,등반자의 골칫거리,Ascender's Bane,curse,Curse,E-1,Curse,-2.0,-1.25,-0.75,1.25,0.72,B,0,0,,special_pool_raw_score,False,,,,7,7,7,0,1.0,keyword_eternal_meta|keyword_ethereal_cleanup|keyword_unplayable,
ASHEN_STRIKE,잿빛 타격,Ashen Strike,ironclad,Uncommon,E1,Attack,4.5,6.3,18.0,13.5,0.852,C,0,0,6.5,v3_table,True,-2.0,-0.2,11.5,43,50,30,20,0.767,additional_damage_scaling|atomic_fixed,Deal 6 damage. Deals 3 additional damage for each card in your Exhaust Pile.
ASSASSINATE,암살,Assassinate,silent,Rare,E0,Attack,6.5,6.5,6.5,0.0,0.885,B,0,0,6.5,v3_table,True,0.0,0.0,0.0,11,41,60,49,0.437,atomic_fixed|keyword_exhaust|keyword_innate,Deal 10 damage. Apply 1 Vulnerable.
ASTRAL_PULSE,별의 파동,Astral Pulse,regent,Common,E0+S3,Attack,1.8,2.05,2.55,0.75,0.747,B,1,0,2.7,energy_table_star_cost_separated,True,-0.9,-0.65,-0.15,74,82,82,8,0.908,atomic_fixed|cost_star_spend|multi_hit_strength_synergy,Deal 6 damage to ALL enemies twice.
AUTOMATION,자동화,Automation,colorless,Uncommon,E1,Power,0.0,4.5,10.0,10.0,0.42,C,1,0,6.8,v3_table,True,-6.8,-2.3,3.2,58,48,33,25,0.603,atomic_fixed+threshold_triggers,"Every 10 cards you draw, gain 1 Energy."
BACKFLIP,공중제비,Backflip,silent,Common,E1,Skill,6.4,6.4,6.4,0.0,0.851,B,0,0,5.3,v3_table,True,1.1,1.1,1.1,15,43,62,47,0.46,atomic_fixed,Gain 5 Block. Draw 2 cards.
BACKSTAB,배신,Backstab,silent,Uncommon,E0,Attack,5.0,5.0,5.0,0.0,0.94,A,0,0,4.3,v3_table,True,0.7,0.7,0.7,29,64,73,44,0.494,atomic_fixed|keyword_exhaust|keyword_innate,Deal 11 damage.
BAD_LUCK,불운,Bad Luck,curse,Curse,E-1,Curse,-45.9,-20.768,-1.75,44.15,0.72,C,0,0,,special_pool_raw_score,False,,,,18,18,15,3,0.824,atomic_fixed+condition_probability+recurring_turns|keyword_eternal_meta|keyword_unplayable,"At the end of your turn, if this is in your Hand, lose 13 HP."
BALL_LIGHTNING,번개 구체,Ball Lightning,defect,Common,E1,Attack,5.7,5.7,5.7,0.0,0.892,B,0,0,5.3,v3_table,True,0.4,0.4,0.4,28,52,65,37,0.575,atomic_fixed,Deal 7 damage. Channel 1 Lightning.
BANSHEES_CRY,밴시의 외침,Banshee's Cry,necrobinder,Rare,E9,Attack,26.45,32.45,43.95,17.5,0.905,C,0,0,,unsupported_high_energy_cost,False,,,,1,1,4,3,0.966,atomic_fixed|cost_reduction_scaling_capped,Deal 33 damage to ALL enemies. Costs 2 Energy less for each Ethereal card played this combat.
BARRAGE,일제 사격,Barrage,defect,Common,E1,Attack,2.5,5.5,25.0,22.5,0.72,C,0,0,5.3,v3_table,True,-2.8,0.2,19.7,61,55,16,45,0.483,atomic_fixed+scaling_count,Deal 5 damage for each Channeled Orb.
BARRICADE,바리케이드,Barricade,ironclad,Rare,E3,Power,6.0,15.0,30.0,24.0,0.42,C,1,0,20.0,v3_table,True,-14.0,-5.0,10.0,24,11,12,13,0.849,retain_block_power,Block is not removed at the start of your turn.
BASH,강타,Bash,ironclad,Basic,E2,Attack,8.0,8.0,8.0,0.0,0.86,B,0,0,6.0,v3_table,True,2.0,2.0,2.0,15,33,56,41,0.523,atomic_fixed,Deal 8 damage. Apply 2 Vulnerable.
BATTLE_TRANCE,전투 최면,Battle Trance,ironclad,Uncommon,E0,Skill,0.0,2.15,5.55,5.55,0.606,C,1,0,4.3,v3_table,True,-4.3,-2.15,1.25,83,87,72,15,0.826,atomic_fixed|atomic_no_more_draw,Draw 3 cards. You cannot draw additional cards this turn.
BEACON_OF_HOPE,희망의 등불,Beacon of Hope,colorless,Rare,E1,Power,0.9,4.5,18.0,17.1,0.42,C,1,0,9.0,v3_table,True,-8.1,-4.5,9.0,54,49,12,42,0.333,coop_share_half_block,"Whenever you gain Block on your turn, other players gain half that much Block."
BEAM_CELL,레이저 포인터,Beam Cell,defect,Common,E0,Attack,3.5,3.5,3.5,0.0,0.84,B,0,0,2.7,v3_table,True,0.8,0.8,0.8,46,72,78,32,0.632,atomic_fixed,Deal 3 damage. Apply 1 Vulnerable.
BEAT_DOWN,두들겨 패기,Beat Down,colorless,Rare,E3,Skill,6.0,12.0,21.0,15.0,0.42,C,1,0,14.5,v3_table,True,-8.5,-2.5,6.5,21,8,10,13,0.794,auto_play_from_pile,Play 3 random Attacks from your Discard Pile.
BEAT_INTO_SHAPE,재성형,Beat into Shape,regent,Rare,E1,Attack,2.83,6.79,20.32,17.49,0.619,C,2,0,6.5,v3_table,True,-3.67,0.29,13.82,59,33,15,44,0.494,atomic_fixed|atomic_fixed+x_value|forge_per_prior_hit,Deal 5 damage. Forge X. Forges an additional 5 for every other time you've hit the enemy this turn.
BECKON,유인,Beckon,status,Status,E1,Status,-19.8,-8.547,0.0,19.8,0.72,C,0,0,,special_pool_raw_score,False,,,,12,12,6,6,0.455,atomic_fixed+condition_probability+recurring_turns,"At the end of your turn, if this is in your Hand, lose 6 HP."
BEGONE,물렀거라!,BEGONE!,regent,Common,E1,Skill,3.25,3.25,3.25,0.0,0.72,B,0,0,5.3,v3_table,True,-2.05,-2.05,-2.05,50,65,73,23,0.736,transform_to_minion_strike,Choose a card in your Hand to Transform into Minion Strike.
BELIEVE_IN_YOU,너만 믿는다,Believe in You,colorless,Uncommon,E0,Skill,3.75,3.75,3.75,0.0,0.72,B,0,0,4.25,v3_table,True,-0.5,-0.5,-0.5,32,53,55,23,0.635,coop_energy,Another player gains 2 Energy.
BIASED_COGNITION,인지 편향,Biased Cognition,defect,Ancient,E1,Power,-13.0,1.95,26.0,39.0,0.576,C,1,0,,unsupported_rarity_raw_score,False,,,,88,85,15,73,0.161,atomic_fixed|atomic_lose_focus_conditional_stock+recurring_turns,"Gain 4 Focus. At the start of your turn, lose 1 Focus."
BIG_BANG,빅뱅,Big Bang,regent,Rare,E0,Skill,5.9,5.9,5.9,0.0,0.663,C,1,0,6.5,v3_table,True,-0.6,-0.6,-0.6,25,41,56,31,0.644,atomic_fixed|keyword_exhaust,Draw 1 card. Gain 1 Energy. Gain 1 Stars. Forge 5.
BLACK_HOLE,블랙홀,Black Hole,regent,Uncommon,E1,Power,1.95,6.825,35.1,33.15,0.42,C,1,0,6.5,v3_table,True,-4.55,0.325,28.6,71,32,4,67,0.23,atomic_fixed+event_triggers,"Whenever you spend or gain 1 Stars, deal 3 damage to ALL enemies."
BLADE_DANCE,검무,Blade Dance,silent,Common,E1,Skill,4.7,4.7,4.7,0.0,0.958,A,0,0,5.3,v3_table,True,-0.6,-0.6,-0.6,34,69,77,43,0.506,atomic_fixed|keyword_exhaust,Add 3 Shivs into your Hand.
BLADE_OF_INK,잉크 칼날,Blade of Ink,silent,Rare,E1,Skill,5.0,5.0,5.0,0.0,1.0,A,0,0,6.5,v3_table,True,-1.5,-1.5,-1.5,30,65,74,44,0.494,atomic_inky_shiv,Add 2 Inky Shivs into your Hand.
BLIGHT_STRIKE,역병 타격,Blight Strike,necrobinder,Common,E1,Attack,6.16,6.16,6.16,0.0,1.0,A,0,0,5.3,v3_table,True,0.86,0.86,0.86,22,48,62,40,0.54,atomic_fixed|doom_equal_damage,Deal 8 damage. Apply Doom equal to damage dealt.
BLOODLETTING,사혈,Bloodletting,ironclad,Common,E0,Skill,3.35,3.35,3.35,0.0,0.789,B,0,0,2.7,v3_table,True,0.65,0.65,0.65,54,82,85,31,0.64,atomic_fixed,Lose 3 HP. Gain 2 Energy.
BLOOD_WALL,피의 벽,Blood Wall,ironclad,Common,E2,Skill,8.5,8.5,8.5,0.0,1.0,A,0,0,9.0,v3_table,True,-0.5,-0.5,-0.5,13,28,53,40,0.535,atomic_fixed,Lose 2 HP. Gain 16 Block.
BLUDGEON,몽둥이질,Bludgeon,ironclad,Uncommon,E3,Attack,16.0,16.0,16.0,0.0,1.0,A,0,0,16.0,v3_table,True,0.0,0.0,0.0,4,9,33,29,0.663,atomic_fixed,Deal 32 damage.
BLUR,흐릿함,Blur,silent,Uncommon,E1,Skill,5.0,8.0,13.0,8.0,0.637,C,1,0,6.5,v3_table,True,-1.5,1.5,6.5,31,27,35,8,0.908,atomic_fixed|retain_block_once,Gain 5 Block. Block is not removed at the start of your next turn.
BODYGUARD,호위,Bodyguard,necrobinder,Basic,E1,Skill,5.5,5.5,5.5,0.0,1.0,A,0,0,3.0,v3_table,True,2.5,2.5,2.5,32,55,69,37,0.575,atomic_fixed,Summon 5.
BODY_SLAM,몸통 박치기,Body Slam,ironclad,Common,E1,Attack,2.5,7.5,15.0,12.5,0.42,C,1,0,5.3,v3_table,True,-2.8,2.2,9.7,66,40,35,31,0.64,equal_to_quantity,Deal damage equal to your Block.
BOLAS,사냥돌,Bolas,colorless,Rare,E0,Attack,3.9,3.9,3.9,0.0,0.643,C,1,0,5.0,v3_table,True,-1.1,-1.1,-1.1,31,52,54,23,0.635,atomic_delayed_self_return|atomic_fixed,"Deal 3 damage. At the start of your next turn, return this to your Hand."
BOMBARDMENT,포격,Bombardment,regent,Rare,E3,Attack,13.0,22.0,28.0,15.0,0.65,C,1,0,20.0,v3_table,True,-7.0,2.0,8.0,6,2,7,5,0.943,atomic_fixed|keyword_exhaust|self_auto_replay,"Deal 18 damage. At the start of your turn, if this is in your Exhaust Pile, play it."
BONE_SHARDS,뼛조각,Bone Shards,necrobinder,Uncommon,E1,Attack,-25.0,-2.535,7.665,32.665,0.548,C,1,0,6.5,v3_table,True,-31.5,-9.035,1.165,88,88,53,35,0.598,osty_alive_combo|osty_death,"If Osty is alive, he deals 9 damage to ALL enemies and you gain 9 Block. Osty dies."
BOOST_AWAY,가속 이탈,Boost Away,defect,Common,E0,Skill,2.7,2.7,2.7,0.0,1.0,A,0,0,2.7,v3_table,True,-0.0,-0.0,-0.0,58,81,83,25,0.713,atomic_fixed,Gain 6 Block. Add a Dazed into your Discard Pile.
BOOT_SEQUENCE,부팅 과정,Boot Sequence,defect,Uncommon,E0,Skill,5.5,5.5,5.5,0.0,0.944,A,0,0,4.3,v3_table,True,1.2,1.2,1.2,32,56,68,36,0.586,atomic_fixed|keyword_exhaust|keyword_innate,Gain 10 Block.
BORROWED_TIME,연명,Borrowed Time,necrobinder,Uncommon,E1,Skill,0.0,5.0,7.5,7.5,0.62,C,1,0,6.5,v3_table,True,-6.5,-1.5,1.0,79,63,54,25,0.713,atomic_fixed|hand_cost_increase,Gain 4 Energy. Cards cost an additional 1 Energy this turn.
BOUNCING_FLASK,탄성 플라스크,Bouncing Flask,silent,Uncommon,E2,Skill,8.1,8.1,8.1,0.0,0.42,C,1,0,11.0,v3_table,True,-2.9,-2.9,-2.9,8,25,55,47,0.46,atomic_random_target_poison,Apply 3 Poison to a random enemy 3 times.
BRAND,낙인,Brand,ironclad,Rare,E0,Skill,3.7,3.7,3.7,0.0,1.0,A,0,0,6.5,v3_table,True,-2.8,-2.8,-2.8,53,80,84,31,0.64,atomic_fixed|atomic_selected_exhaust,Lose 1 HP. Exhaust 1 card. Gain 1 Strength.
BREAK,박살,Break,ironclad,Ancient,E1,Attack,20.0,20.0,20.0,0.0,0.86,B,0,0,,unsupported_rarity_raw_score,False,,,,1,3,27,26,0.698,atomic_fixed,Deal 20 damage. Apply 5 Vulnerable.
BREAKTHROUGH,정면 돌파,Breakthrough,ironclad,Common,E1,Attack,5.3,5.3,5.3,0.0,1.0,A,0,0,5.3,v3_table,True,0.0,0.0,0.0,28,62,76,48,0.442,atomic_fixed,Lose 1 HP. Deal 9 damage to ALL enemies.
BRIGHTEST_FLAME,찬란한 불꽃,Brightest Flame,event,Ancient,E0,Skill,6.9,6.9,6.9,0.0,0.72,B,0,0,,special_pool_raw_score,False,,,,10,14,19,9,0.654,atomic_fixed|meta_max_hp_loss,Gain 2 Energy. Draw 2 cards. Lose 1 Max HP.
BUBBLE_BUBBLE,차오르는 독,Bubble Bubble,silent,Uncommon,E1,Skill,0.0,6.3,9.0,9.0,0.72,C,0,0,6.5,v3_table,True,-6.5,-0.2,2.5,79,44,51,35,0.598,atomic_fixed+condition_probability,"If the enemy has Poison, apply 9 Poison."
BUFFER,버퍼,Buffer,defect,Rare,E2,Power,3.0,8.0,18.0,15.0,0.42,C,1,0,17.0,v3_table,True,-14.0,-9.0,1.0,53,35,30,23,0.736,buffer_prevention,Prevent the next time you would lose HP.
BULK_UP,증강,Bulk Up,defect,Uncommon,E2,Power,10.5,10.5,10.5,0.0,1.0,A,0,0,11.0,v3_table,True,-0.5,-0.5,-0.5,8,21,45,37,0.575,atomic_fixed|atomic_orb_slot_loss,Lose 1 Orb Slot. Gain 2 Strength. Gain 2 Dexterity.
BULLET_TIME,불릿 타임,Bullet Time,silent,Rare,E3,Skill,-3.05,9.1,25.0,28.05,0.42,C,2,0,20.0,v3_table,True,-23.05,-10.9,5.0,87,21,10,77,0.115,atomic_free_hand|atomic_no_more_draw,You cannot draw additional cards this turn. ALL cards in your Hand are free to play this turn.
BULLY,협박,Bully,ironclad,Uncommon,E0,Attack,3.0,4.2,12.0,9.0,0.852,C,0,0,4.3,v3_table,True,-1.3,-0.1,7.7,58,78,42,36,0.581,additional_damage_scaling|atomic_fixed,Deal 4 damage. Deals 2 additional damage for each Vulnerable on the enemy.
BULWARK,보루,Bulwark,regent,Uncommon,E2,Skill,10.5,10.5,10.5,0.0,0.912,A,0,0,11.0,v3_table,True,-0.5,-0.5,-0.5,11,16,34,23,0.736,atomic_fixed,Gain 12 Block. Forge 10.
BUNDLE_OF_JOY,기쁨의 선물,Bundle of Joy,regent,Rare,E1,Skill,4.0,6.5,9.0,5.0,0.455,C,1,0,6.5,v3_table,True,-2.5,0.0,2.5,43,34,41,9,0.897,keyword_exhaust|three_random_colorless_diminishing,Add 3 random Colorless cards into your Hand.
BURN,화상,Burn,status,Status,E-1,Status,-8.6,-4.099,-0.75,7.85,0.72,C,0,0,,special_pool_raw_score,False,,,,8,8,7,1,0.909,atomic_self_damage+condition_probability+recurring_turns|keyword_unplayable,"At the end of your turn, if this is in your Hand, take 2 damage."
BURNING_PACT,불타는 조약,Burning Pact,ironclad,Uncommon,E1,Skill,4.4,4.4,4.4,0.0,0.784,B,0,0,6.5,v3_table,True,-2.1,-2.1,-2.1,47,74,83,36,0.581,atomic_fixed|atomic_selected_exhaust,Exhaust 1 card. Draw 2 cards.
BURST,폭주,Burst,silent,Rare,E1,Skill,2.0,5.0,10.0,8.0,0.42,C,1,0,6.5,v3_table,True,-4.5,-1.5,3.5,63,66,47,19,0.782,next_card_replay,"This turn, your next Skill is played an extra time."
BURY,매장,Bury,necrobinder,Uncommon,E4,Attack,26.0,26.0,26.0,0.0,1.0,A,0,0,26.0,v3_table,True,0.0,0.0,0.0,2,2,11,9,0.897,atomic_fixed,Deal 52 damage.
BYRDONIS_EGG,섀도니스 알,Byrdonis Egg,quest,Quest,E-1,Quest,-2.0,2.75,11.25,13.25,0.491,C,1,0,,special_pool_raw_score,False,,,,2,2,2,0,1.0,keyword_unplayable|meta_event_unlock,Can be hatched at a Rest Site.
BYRD_SWOOP,섀 급습,Byrd Swoop,event,Event,E0,Attack,7.0,7.0,7.0,0.0,1.0,A,0,0,,special_pool_raw_score,False,,,,9,12,17,8,0.692,atomic_fixed,Deal 14 damage.
CALAMITY,재앙,Calamity,colorless,Rare,E3,Power,3.0,10.5,54.0,51.0,0.42,C,1,0,14.5,v3_table,True,-11.5,-4.0,39.5,35,13,2,33,0.476,atomic_random_attack_card+event_triggers,"Whenever you play an Attack, add a random Attack into your Hand."
CALCIFY,석회화,Calcify,necrobinder,Uncommon,E1,Power,1.8,6.3,32.4,30.6,0.42,C,1,0,6.5,v3_table,True,-4.7,-0.2,25.9,70,45,8,62,0.287,osty_damage_aura,Osty's attacks deal 4 additional damage.
CALCULATED_GAMBLE,계산된 도박,Calculated Gamble,silent,Uncommon,E0,Skill,0.0,3.0,7.0,7.0,0.48,C,1,0,4.3,v3_table,True,-4.3,-1.3,2.7,80,78,57,23,0.736,hand_redraw_equal|keyword_exhaust,"Discard your Hand, then draw that many cards."
CALL_OF_THE_VOID,공허의 부름,Call of the Void,necrobinder,Rare,E1,Power,3.25,10.35,17.75,14.5,0.439,C,1,0,6.5,v3_table,True,-3.25,3.85,11.25,56,20,30,36,0.586,atomic_random_card_card+recurring_turns|generated_card_ethereal,"At the start of your turn, add 1 random card into your Hand. It gains Ethereal."
CALTROPS,마름쇠,Caltrops,event,Event,E1,Power,1.5,4.5,12.0,10.5,0.42,C,1,0,,special_pool_raw_score,False,,,,23,20,7,16,0.385,retaliation_damage,"Whenever you are attacked, deal 3 damage back."
CAPACITOR,축전기,Capacitor,defect,Uncommon,E1,Power,5.0,5.0,5.0,0.0,0.72,B,0,0,6.5,v3_table,True,-1.5,-1.5,-1.5,38,61,72,34,0.609,atomic_orb_slot,Gain 2 Orb Slots.
CAPTURE_SPIRIT,혼령 포획,Capture Spirit,necrobinder,Uncommon,E1,Skill,4.65,4.65,4.65,0.0,0.819,B,0,0,6.5,v3_table,True,-1.85,-1.85,-1.85,43,67,75,32,0.632,atomic_fixed|atomic_hp_bypass,Enemy loses 3 HP. Add 3 Souls into your Draw Pile.
CASCADE,연쇄,Cascade,ironclad,Rare,EX,Skill,2.0,8.0,28.0,26.0,0.42,C,1,0,17.0,x_as_2_energy,True,-15.0,-9.0,11.0,69,34,15,54,0.372,x_topdeck_autoplay,Play the top X cards of your Draw Pile.
CATASTROPHE,재난,Catastrophe,colorless,Uncommon,E2,Skill,4.0,8.0,14.0,10.0,0.42,C,1,0,12.0,v3_table,True,-8.0,-4.0,2.0,28,19,22,9,0.857,auto_play_from_pile,Play 2 random cards from your Draw Pile.
CELESTIAL_MIGHT,천상의 권능,Celestial Might,regent,Common,E2,Attack,9.0,9.5,10.5,1.5,0.985,B,0,0,9.0,v3_table,True,0.0,0.5,1.5,13,18,35,22,0.747,atomic_fixed|multi_hit_strength_synergy,Deal 6 damage 3 times.
CHAOS,혼돈,Chaos,defect,Uncommon,E1,Skill,3.2,3.2,3.2,0.0,0.72,B,0,0,6.5,v3_table,True,-3.3,-3.3,-3.3,51,76,80,29,0.667,random_orb,Channel 1 random Orb.
CHARGE,돌격!!,CHARGE!!,regent,Uncommon,E1,Skill,5.0,8.0,11.0,6.0,0.42,C,1,0,6.5,v3_table,True,-1.5,1.5,4.5,38,25,33,13,0.851,transform_two_to_dive_bombs,Choose 2 cards in your Draw Pile to Transform into Minion Dive Bombs.
CHARGE_BATTERY,배터리 충전,Charge Battery,defect,Common,E1,Skill,6.2,6.2,6.2,0.0,0.91,A,0,0,5.3,v3_table,True,0.9,0.9,0.9,25,46,62,37,0.575,atomic_fixed|atomic_fixed+delay_next_turn,"Gain 7 Block. Next turn, gain 1 Energy."
CHILD_OF_THE_STARS,별의 아이,Child of the Stars,regent,Uncommon,E1,Power,1.2,9.24,216.0,214.8,0.42,C,1,0,6.5,v3_table,True,-5.3,2.74,209.5,76,20,1,75,0.138,atomic_fixed+event_triggers+scaling_count,"Whenever you spend 1 Stars, gain 2 Block for each 1 Stars spent."
CHILL,오한,Chill,defect,Uncommon,E0,Skill,2.2,6.04,31.0,28.8,0.457,C,1,0,4.3,v3_table,True,-2.1,1.74,26.7,66,48,10,56,0.356,atomic_fixed+scaling_count|keyword_exhaust,Channel 1 Frost for each enemy.
CINDER,잿불,Cinder,ironclad,Common,E2,Attack,9.5,9.5,9.5,0.0,0.969,A,1,0,9.0,v3_table,True,0.5,0.5,0.5,10,25,51,41,0.523,atomic_fixed|atomic_random_exhaust,Deal 18 damage. Exhaust 1 card at random.
CLASH,격돌,Clash,event,Event,E0,Attack,0.0,4.9,7.0,7.0,0.866,C,1,0,,special_pool_raw_score,False,,,,26,18,18,8,0.692,all_attack_hand_gate|atomic_fixed,Can only be played if every card in your Hand is an Attack. Deal 14 damage.
CLAW,후벼 파기,Claw,defect,Common,E0,Attack,2.5,5.0,19.5,17.0,0.571,C,1,0,2.7,v3_table,True,-0.2,2.3,16.8,62,62,24,38,0.563,archetype_damage_growth|atomic_fixed,Deal 3 damage. Increase the damage of ALL Claw cards by 2 this combat.
CLEANSE,정화,Cleanse,necrobinder,Uncommon,E1,Skill,4.3,4.3,4.3,0.0,0.935,A,0,0,6.5,v3_table,True,-2.2,-2.2,-2.2,48,72,78,30,0.655,atomic_fixed|atomic_selected_exhaust,Summon 3. Exhaust 1 card from your Draw Pile.
CLOAK_AND_DAGGER,망토와 단검,Cloak and Dagger,silent,Common,E1,Skill,5.5,5.5,5.5,0.0,1.0,A,0,0,5.3,v3_table,True,0.2,0.2,0.2,21,58,69,48,0.448,atomic_fixed,Gain 6 Block. Add 1 Shiv into your Hand.
CLOAK_OF_STARS,별의 망토,Cloak of Stars,regent,Common,E0+S1,Skill,2.2,2.2,2.2,0.0,0.813,B,1,0,2.7,energy_table_star_cost_separated,True,-0.5,-0.5,-0.5,67,81,84,17,0.805,atomic_fixed|cost_star_spend,Gain 7 Block.
CLUMSY,서투름,Clumsy,curse,Curse,E-1,Curse,-1.0,-0.25,0.25,1.25,0.72,B,0,0,,special_pool_raw_score,False,,,,2,3,3,1,0.941,keyword_ethereal_cleanup|keyword_unplayable,
COLD_SNAP,꽃샘추위,Cold Snap,defect,Common,E1,Attack,6.2,6.2,6.2,0.0,0.855,B,0,0,5.3,v3_table,True,0.9,0.9,0.9,26,47,63,37,0.575,atomic_fixed,Deal 6 damage. Channel 1 Frost.
COLLISION_COURSE,불가피한 충돌,Collision Course,regent,Common,E0,Attack,2.7,2.7,2.7,0.0,1.0,A,0,0,2.7,v3_table,True,0.0,0.0,0.0,62,76,81,19,0.782,atomic_fixed,Deal 11 damage. Add a Debris into your Hand.
COLOSSUS,거상,Colossus,ironclad,Uncommon,E1,Skill,5.0,8.0,15.0,10.0,0.637,C,1,0,6.5,v3_table,True,-1.5,1.5,8.5,33,35,36,3,0.965,atomic_fixed|percent_damage_reduction,Gain 5 Block. You receive 50% less damage from Vulnerable enemies this turn.
COMET,혜성,Comet,regent,Rare,E0+S5,Attack,18.8,18.8,18.8,0.0,0.762,B,1,0,6.5,energy_table_star_cost_separated,True,12.3,12.3,12.3,1,5,18,17,0.805,atomic_fixed|cost_star_spend,Deal 33 damage. Apply 3 Weak. Apply 3 Vulnerable.
COMPACT,압축,Compact,defect,Uncommon,E1,Skill,5.6,9.6,15.6,10.0,0.637,C,1,0,6.5,v3_table,True,-0.9,3.1,9.1,29,28,34,6,0.931,atomic_fixed|bulk_transform,Gain 6 Block. Transform all Status cards in your Hand into Fuel.
COMPILE_DRIVER,컴파일 드라이버,Compile Driver,defect,Common,E1,Attack,4.75,6.25,16.0,11.25,0.742,C,1,0,5.3,v3_table,True,-0.55,0.95,10.7,40,45,33,12,0.862,atomic_fixed|atomic_fixed+scaling_count,Deal 7 damage. Draw 1 card for each unique Orb you have.
CONFLAGRATION,대화재,Conflagration,ironclad,Rare,E1,Attack,5.2,5.95,7.45,2.25,0.965,B,0,0,6.5,v3_table,True,-1.3,-0.55,0.95,30,59,58,29,0.663,atomic_fixed|multi_hit_strength_synergy,Deal 2 damage to ALL enemies 4 times.
CONQUEROR,정복자,Conqueror,regent,Uncommon,E1,Skill,3.49,6.99,15.99,12.5,0.462,C,1,0,6.5,v3_table,True,-3.01,0.49,9.49,48,31,22,26,0.701,atomic_fixed|double_damage_window,Forge 3. Sovereign Blade deals double damage to the enemy this turn.
CONSUMING_SHADOW,그림자 소모,Consuming Shadow,defect,Rare,E2,Power,9.925,14.35,32.8,22.875,0.602,C,1,0,17.0,v3_table,True,-7.075,-2.65,15.8,10,7,8,3,0.966,atomic_evoke_orb+recurring_turns|atomic_fixed,"Channel 2 Dark. At the end of your turn, Evoke your leftmost Orb."
CONVERGENCE,수렴,Convergence,regent,Uncommon,E1,Skill,5.2,5.2,5.2,0.0,0.828,B,0,0,6.5,v3_table,True,-1.3,-1.3,-1.3,32,49,62,30,0.655,atomic_retain_hand|delayed_energy_and_stars,"Next turn, gain 1 Energy and 1 Stars. Retain your Hand this turn."
COOLANT,냉각재,Coolant,defect,Rare,E1,Power,1.8,9.768,72.0,70.2,0.42,C,1,0,6.5,v3_table,True,-4.7,3.268,65.5,72,27,1,71,0.184,atomic_fixed+recurring_turns+scaling_count,"At the start of your turn, gain 2 Block for each unique Orb you have."
COOLHEADED,냉정함,Coolheaded,defect,Common,E1,Skill,4.45,4.45,4.45,0.0,0.72,B,0,0,5.3,v3_table,True,-0.85,-0.85,-0.85,42,67,74,32,0.632,atomic_fixed,Channel 1 Frost. Draw 1 card.
COORDINATE,협력,Coordinate,colorless,Uncommon,E1,Skill,3.0,3.0,3.0,0.0,0.72,B,0,0,6.8,v3_table,True,-3.8,-3.8,-3.8,36,56,59,23,0.635,coop_temporary_strength,Give another player 5 Strength this turn.
CORROSIVE_WAVE,부식성 파도,Corrosive Wave,silent,Rare,E1,Skill,2.6,9.1,46.8,44.2,0.42,C,1,0,6.5,v3_table,True,-3.9,2.6,40.3,55,22,1,54,0.379,atomic_fixed+event_triggers,"Whenever you draw a card this turn, apply 2 Poison to ALL enemies."
CORRUPTION,타락,Corruption,ironclad,Ancient,E3,Power,0.5,8.5,20.0,19.5,0.42,C,2,0,,unsupported_rarity_raw_score,False,,,,81,29,28,53,0.384,skill_exhaust_aura|skills_cost_zero,"Skills cost 0 Energy. Whenever you play a Skill, Exhaust it."
COSMIC_INDIFFERENCE,우주적 무관심,Cosmic Indifference,regent,Common,E1,Skill,5.1,5.1,5.1,0.0,0.918,A,0,0,5.3,v3_table,True,-0.2,-0.2,-0.2,34,51,64,30,0.655,atomic_fixed|atomic_retrieve_topdeck,Gain 6 Block. Put a card from your Discard Pile on top of your Draw Pile.
COUNTDOWN,카운트다운,Countdown,necrobinder,Uncommon,E1,Power,2.187,5.395,8.748,6.561,0.42,C,1,0,6.5,v3_table,True,-4.313,-1.105,2.248,68,62,50,18,0.793,atomic_random_target_doom+recurring_turns,"At the start of your turn, apply 6 Doom to a random enemy."
CRASH_LANDING,불시착,Crash Landing,regent,Rare,E1,Attack,10.65,12.65,14.65,4.0,0.96,B,1,0,6.5,v3_table,True,4.15,6.15,8.15,10,9,25,16,0.816,atomic_fixed|fill_hand_status,Deal 21 damage to ALL enemies. Fill your Hand with Debris.
CREATIVE_AI,창의적인 인공지능,Creative AI,defect,Rare,E3,Power,7.5,18.5,30.0,22.5,0.42,C,1,0,20.0,v3_table,True,-12.5,-1.5,10.0,17,3,11,14,0.839,atomic_random_power_card+recurring_turns,"At the start of your turn, add a random Power into your Hand."
CRESCENT_SPEAR,초승달 창,Crescent Spear,regent,Common,E1+S1,Attack,3.0,4.2,12.0,9.0,0.783,C,1,0,5.3,energy_table_star_cost_separated,True,-2.3,-1.1,6.7,52,61,30,31,0.644,additional_damage_scaling|atomic_fixed|cost_star_spend,Deal 8 damage. Deals 2 additional damage for ALL your cards that have a 1 Stars cost.
CRIMSON_MANTLE,핏빛 망토,Crimson Mantle,ironclad,Rare,E1,Power,6.375,15.725,25.5,19.125,0.42,C,1,0,6.5,v3_table,True,-0.125,9.225,19.0,20,10,19,10,0.884,atomic_fixed+recurring_turns,"At the start of your turn, lose 1 HP and gain 8 Block."
CRUELTY,악랄함,Cruelty,ironclad,Rare,E1,Power,1.25,3.0,6.25,5.0,0.42,C,1,0,6.5,v3_table,True,-5.25,-3.5,-0.25,75,83,64,19,0.779,percent_damage_bonus,Vulnerable enemies take an additional 25% damage.
CRUSH_UNDER,지면 파쇄,Crush Under,regent,Common,E1,Attack,5.72,5.72,5.72,0.0,0.943,A,0,0,5.3,v3_table,True,0.42,0.42,0.42,29,46,60,31,0.644,atomic_enemy_strength_loss_turn|atomic_fixed,Deal 7 damage to ALL enemies. All enemies lose 1 Strength this turn.
CURSE_OF_THE_BELL,방울의 저주,Curse of the Bell,curse,Curse,E-1,Curse,-3.0,-2.25,-1.75,1.25,0.72,B,0,0,,special_pool_raw_score,False,,,,9,9,16,7,0.588,keyword_eternal_meta|keyword_unplayable,
DAGGER_SPRAY,단검 분사,Dagger Spray,silent,Common,E1,Attack,5.2,5.45,5.95,0.75,0.975,A,0,0,5.3,v3_table,True,-0.1,0.15,0.65,25,60,67,42,0.517,atomic_fixed|multi_hit_strength_synergy,Deal 4 damage to ALL enemies twice.
DAGGER_THROW,단검 투척,Dagger Throw,silent,Common,E1,Attack,6.0,6.0,6.0,0.0,0.944,A,0,0,5.3,v3_table,True,0.7,0.7,0.7,18,51,65,47,0.46,atomic_fixed,Deal 9 damage. Draw 1 card. Discard 1 card.
DANSE_MACABRE,죽음의 무도,Danse Macabre,necrobinder,Uncommon,E1,Power,2.4,8.4,43.2,40.8,0.42,C,1,0,6.5,v3_table,True,-4.1,1.9,36.7,66,35,5,61,0.299,atomic_fixed+event_triggers,"Whenever you play a card that costs 2 Energy or more, gain 4 Block."
DARKNESS,어둠,Darkness,defect,Uncommon,E1,Skill,6.4,12.4,24.4,18.0,0.526,C,1,0,6.5,v3_table,True,-0.1,5.9,17.9,24,14,17,10,0.885,atomic_fixed|trigger_all_dark,Channel 1 Dark. Trigger the passive ability of all Dark Orbs.
DARK_EMBRACE,어둠의 포옹,Dark Embrace,ironclad,Rare,E2,Power,1.25,4.375,22.5,21.25,0.42,C,1,0,17.0,v3_table,True,-15.75,-12.625,5.5,76,75,23,53,0.384,atomic_fixed+event_triggers,"Whenever a card is Exhausted, draw 1 card."
DARK_SHACKLES,어둠의 족쇄,Dark Shackles,colorless,Uncommon,E0,Skill,7.1,7.1,7.1,0.0,0.72,B,0,0,4.25,v3_table,True,2.85,2.85,2.85,14,28,43,29,0.54,atomic_enemy_strength_loss_turn|keyword_exhaust,Enemy loses 9 Strength this turn.
DASH,돌진,Dash,silent,Uncommon,E2,Attack,11.0,11.0,11.0,0.0,1.0,A,0,0,11.0,v3_table,True,0.0,0.0,0.0,2,10,42,40,0.54,atomic_fixed,Gain 10 Block. Deal 10 damage.
DAZED,어지러움,Dazed,status,Status,E-1,Status,-1.0,-0.25,0.25,1.25,0.72,B,0,0,,special_pool_raw_score,False,,,,3,4,5,2,0.818,keyword_ethereal_cleanup|keyword_unplayable,
DEADLY_POISON,맹독,Deadly Poison,silent,Common,E1,Skill,5.0,5.0,5.0,0.0,1.0,A,0,0,5.3,v3_table,True,-0.3,-0.3,-0.3,32,67,75,43,0.506,atomic_fixed,Apply 5 Poison.
DEATHBRINGER,죽음 인도자,Deathbringer,necrobinder,Uncommon,E2,Skill,10.101,10.101,10.101,0.0,0.72,B,0,0,11.0,v3_table,True,-0.899,-0.899,-0.899,9,21,44,35,0.598,atomic_fixed,Apply 21 Doom and 1 Weak to ALL enemies.
DEATHS_DOOR,죽음의 문턱,Death's Door,necrobinder,Uncommon,E1,Skill,3.6,8.64,10.8,7.2,0.837,C,0,0,6.5,v3_table,True,-2.9,2.14,4.3,51,32,42,19,0.782,atomic_fixed|conditional_repeat_block,"Gain 6 Block. If you applied Doom this turn, gain Block 2 additional times."
DEATH_MARCH,죽음의 행진,Death March,necrobinder,Uncommon,E1,Attack,6.0,8.4,24.0,18.0,0.852,C,0,0,6.5,v3_table,True,-0.5,1.9,17.5,23,36,14,22,0.747,additional_damage_scaling|atomic_fixed,Deal 8 damage. Deals 4 additional damage for each card drawn during your turn.
DEBILITATE,쇠락,Debilitate,necrobinder,Uncommon,E1,Attack,7.0,11.0,17.0,10.0,0.684,C,1,0,6.5,v3_table,True,0.5,4.5,10.5,18,17,32,15,0.828,atomic_fixed|double_debuff_effect,Deal 10 damage. Vulnerable and Weak are twice as effective against the enemy for the next 2 turns.
DEBRIS,잔해,Debris,status,Status,E1,Status,1.0,1.0,1.0,0.0,0.72,B,0,0,,special_pool_raw_score,False,,,,2,2,3,1,0.909,keyword_exhaust_cleanup,
DEBT,빚,Debt,curse,Curse,E-1,Curse,-7.0,-3.25,-1.75,5.25,0.535,C,1,0,,special_pool_raw_score,False,,,,12,12,17,5,0.706,keyword_unplayable|recurring_gold_loss_curse,"At the end of your turn, if this is in your Hand, lose 10 Gold."
DECAY,부패,Decay,curse,Curse,E-1,Curse,-8.6,-4.099,-0.75,7.85,0.72,C,0,0,,special_pool_raw_score,False,,,,14,14,8,6,0.647,atomic_self_damage+condition_probability+recurring_turns|keyword_unplayable,"At the end of your turn, if this is in your Hand, take 2 damage."
DECISIONS_DECISIONS,어려운 결정,"Decisions, Decisions",regent,Rare,E0+S6,Skill,-3.45,2.55,12.55,16.0,0.489,C,2,0,6.5,energy_table_star_cost_separated,True,-9.95,-3.95,6.05,84,78,27,57,0.345,atomic_fixed|cost_star_spend|keyword_exhaust|selected_card_multi_play,Draw 3 cards. Choose a Skill in your Hand and play it 3 times.
DEFEND_DEFECT,수비,Defend,defect,Basic,E1,Skill,3.0,3.0,3.0,0.0,1.0,A,0,0,3.0,v3_table,True,0.0,0.0,0.0,54,77,81,27,0.69,atomic_fixed,Gain 5 Block.
DEFEND_IRONCLAD,수비,Defend,ironclad,Basic,E1,Skill,3.0,3.0,3.0,0.0,1.0,A,0,0,3.0,v3_table,True,0.0,0.0,0.0,59,84,86,27,0.686,atomic_fixed,Gain 5 Block.
DEFEND_NECROBINDER,수비,Defend,necrobinder,Basic,E1,Skill,3.0,3.0,3.0,0.0,1.0,A,0,0,3.0,v3_table,True,0.0,0.0,0.0,58,80,82,24,0.724,atomic_fixed,Gain 5 Block.
DEFEND_REGENT,수비,Defend,regent,Basic,E1,Skill,3.0,3.0,3.0,0.0,1.0,A,0,0,3.0,v3_table,True,0.0,0.0,0.0,53,68,75,22,0.747,atomic_fixed,Gain 5 Block.
DEFEND_SILENT,수비,Defend,silent,Basic,E1,Skill,3.0,3.0,3.0,0.0,1.0,A,0,0,3.0,v3_table,True,0.0,0.0,0.0,49,79,82,33,0.621,atomic_fixed,Gain 5 Block.
DEFILE,모독,Defile,necrobinder,Common,E1,Attack,5.5,5.5,5.5,0.0,0.963,A,0,0,5.3,v3_table,True,0.2,0.2,0.2,33,56,70,37,0.575,atomic_fixed|keyword_ethereal,Deal 13 damage.
DEFLECT,튕겨내기,Deflect,silent,Common,E0,Skill,2.4,2.4,2.4,0.0,1.0,A,0,0,2.7,v3_table,True,-0.3,-0.3,-0.3,59,83,85,26,0.701,atomic_fixed,Gain 4 Block.
DEFRAGMENT,조각모음,Defragment,defect,Rare,E1,Power,6.5,6.5,6.5,0.0,0.72,B,0,0,6.5,v3_table,True,0.0,0.0,0.0,20,40,58,38,0.563,atomic_fixed,Gain 1 Focus.
DEFY,반항,Defy,necrobinder,Common,E1,Skill,4.7,4.7,4.7,0.0,0.87,B,0,0,5.3,v3_table,True,-0.6,-0.6,-0.6,41,65,74,33,0.621,atomic_fixed|keyword_ethereal,Gain 6 Block. Apply 1 Weak.
DELAY,지연,Delay,necrobinder,Uncommon,E2,Skill,8.6,8.6,8.6,0.0,0.935,A,0,0,11.0,v3_table,True,-2.4,-2.4,-2.4,12,33,51,39,0.552,atomic_fixed|atomic_fixed+delay_next_turn,"Gain 11 Block. Next turn, gain 1 Energy."
DEMESNE,권역,Demesne,necrobinder,Rare,E3,Power,4.625,12.875,21.5,16.875,0.44,C,1,0,20.0,v3_table,True,-15.375,-7.125,1.5,44,12,21,32,0.632,atomic_fixed+recurring_turns|keyword_ethereal,"At the start of your turn, gain 1 Energy and draw 1 additional card."
DEMONIC_SHIELD,악마의 방패,Demonic Shield,ironclad,Uncommon,E0,Skill,0.7,5.2,11.95,11.25,0.495,C,1,0,4.3,v3_table,True,-3.6,0.9,7.65,79,64,46,33,0.616,atomic_fixed|coop_block_equal|keyword_exhaust,Lose 1 HP. Give another player Block equal to your Block.
DEMON_FORM,악마의 형상,Demon Form,ironclad,Rare,E3,Power,9.75,24.05,39.0,29.25,0.42,C,1,0,20.0,v3_table,True,-10.25,4.05,19.0,9,1,4,8,0.907,atomic_fixed+recurring_turns,"At the start of your turn, gain 2 Strength."
DEVASTATE,초토화,Devastate,regent,Uncommon,E1+S4,Attack,7.0,7.0,7.0,0.0,0.798,B,1,0,6.5,energy_table_star_cost_separated,True,0.5,0.5,0.5,18,30,49,31,0.644,atomic_fixed|cost_star_spend,Deal 30 damage.
DEVOUR_LIFE,생명 삼키기,Devour Life,necrobinder,Rare,E1,Power,1.1,3.85,19.8,18.7,0.72,C,0,0,6.5,v3_table,True,-5.4,-2.65,13.3,78,74,24,54,0.379,atomic_fixed+event_triggers,"Whenever you play a Soul, Summon 1."
DIRGE,장송가,Dirge,necrobinder,Uncommon,EX,Skill,3.3,7.6,16.2,12.9,0.657,C,1,0,11.0,x_as_2_energy,True,-7.7,-3.4,5.2,55,39,35,20,0.77,atomic_fixed+x_value|keyword_exhaust|x_summon,Summon 3 X times. Add X Souls into your Draw Pile.
DISCOVERY,발견,Discovery,colorless,Uncommon,E1,Skill,4.0,5.0,6.5,2.5,0.67,C,1,0,6.8,v3_table,True,-2.8,-1.8,-0.3,29,43,48,19,0.698,atomic_free_generated_card|discover_card|keyword_exhaust,Choose 1 of 3 random cards to add into your Hand. It's free to play this turn.
DISINTEGRATION,분해,Disintegration,token,Status,E-1,Status,-19.8,-12.21,-4.95,14.85,0.72,C,0,0,,special_pool_raw_score,False,,,,13,13,13,0,1.0,atomic_self_damage+recurring_turns,"At the end of your turn, take 6 damage."
DISMANTLE,해체,Dismantle,ironclad,Uncommon,E1,Attack,4.0,6.8,8.0,4.0,0.761,B,1,0,6.5,v3_table,True,-2.5,0.3,1.5,51,44,57,13,0.849,atomic_fixed|conditional_extra_hits,"Deal 8 damage. If the enemy is Vulnerable, hits twice."
DISTRACTION,방해,Distraction,event,Event,E1,Skill,4.5,4.5,4.5,0.0,0.689,C,1,0,,special_pool_raw_score,False,,,,16,21,23,7,0.731,atomic_free_generated_card|atomic_random_skill_card|keyword_exhaust,Add a random Skill into your Hand. It's free to play this turn.
DODGE_AND_ROLL,구르기,Dodge and Roll,silent,Common,E1,Skill,4.32,4.32,4.32,0.0,1.0,A,0,0,5.3,v3_table,True,-0.98,-0.98,-0.98,37,71,78,41,0.529,atomic_fixed|atomic_fixed+delay_next_turn,"Gain 4 Block. Next turn, gain 4 Block."
DOMINATE,제압,Dominate,ironclad,Uncommon,E1,Skill,4.25,8.15,33.5,29.25,0.507,C,1,0,6.5,v3_table,True,-2.25,1.65,27.0,48,32,6,42,0.512,atomic_fixed|atomic_fixed+scaling_count|keyword_exhaust,Apply 1 Vulnerable. Gain 1 Strength for each Vulnerable on the enemy.
DOUBLE_ENERGY,에너자이저,Double Energy,defect,Uncommon,E1,Skill,1.5,4.0,9.0,7.5,0.47,C,1,0,6.5,v3_table,True,-5.0,-2.5,2.5,73,70,50,23,0.736,double_current_energy|keyword_exhaust,Double your Energy.
DOUBT,의심,Doubt,curse,Curse,E-1,Curse,-11.0,-5.135,-0.75,10.25,0.493,C,1,0,,special_pool_raw_score,False,,,,15,16,9,7,0.588,atomic_self_debuff+condition_probability+recurring_turns|keyword_unplayable,"At the end of your turn, if this is in your Hand, gain 1 Weak."
DRAIN_POWER,기력 흡수,Drain Power,necrobinder,Common,E1,Attack,9.0,9.0,9.0,0.0,0.876,B,0,0,5.3,v3_table,True,3.7,3.7,3.7,11,27,49,38,0.563,atomic_fixed|atomic_upgrade,Deal 10 damage. Upgrade 2 random cards in your Discard Pile.
DRAMATIC_ENTRANCE,극적인 입장,Dramatic Entrance,colorless,Uncommon,E0,Attack,6.65,6.65,6.65,0.0,0.951,A,0,0,4.25,v3_table,True,2.4,2.4,2.4,17,34,46,29,0.54,atomic_fixed|keyword_exhaust|keyword_innate,Deal 11 damage to ALL enemies.
DREDGE,추출,Dredge,necrobinder,Uncommon,E1,Skill,6.5,6.5,6.5,0.0,0.72,B,0,0,6.5,v3_table,True,0.0,0.0,0.0,19,44,59,40,0.54,keyword_exhaust|tutor_to_hand,Put 3 cards from your Discard Pile into your Hand.
DRUM_OF_BATTLE,전투의 북소리,Drum of Battle,ironclad,Uncommon,E1,Skill,8.4,8.4,8.4,0.0,0.72,B,0,0,6.5,v3_table,True,1.9,1.9,1.9,14,30,55,41,0.523,atomic_fixed|self_exhaust_energy,"Draw 2 cards. When this card is Exhausted, gain 2 Energy."
DUALCAST,이중 시전,Dualcast,defect,Basic,E1,Skill,1.5,3.0,8.0,6.5,0.42,C,1,0,3.0,v3_table,True,-1.5,0.0,5.0,74,78,54,24,0.724,atomic_evoke_orb,Evoke your rightmost Orb twice.
DUAL_WIELD,이도류,Dual Wield,event,Event,E1,Skill,1.5,3.0,5.0,3.5,0.503,C,1,0,,special_pool_raw_score,False,,,,24,26,22,4,0.846,atomic_copy_selected_hand|selection_scope,Choose an Attack or Power card. Add a copy of that card into your Hand.
DYING_STAR,죽어가는 별,Dying Star,regent,Rare,E1+S3,Attack,9.38,9.38,9.38,0.0,0.713,B,1,0,6.5,energy_table_star_cost_separated,True,2.88,2.88,2.88,12,19,40,28,0.678,atomic_enemy_strength_loss_turn|atomic_fixed|cost_star_spend|keyword_ethereal,Deal 9 damage to ALL enemies. ALL enemies lose 9 Strength this turn.
ECHOING_SLASH,메아리 참격,Echoing Slash,silent,Rare,E1,Attack,6.5,13.0,26.0,19.5,0.71,C,1,0,6.5,v3_table,True,0.0,6.5,19.5,12,1,8,11,0.874,atomic_fixed|repeat_aoe_per_kill,Deal 10 damage to ALL enemies. Repeat this effect for each enemy killed.
ECHO_FORM,메아리의 형상,Echo Form,defect,Rare,E3,Power,4.0,17.5,35.0,31.0,0.435,C,1,0,20.0,v3_table,True,-16.0,-2.5,15.0,44,4,6,40,0.54,first_card_each_turn_replay|keyword_ethereal,The first card you play each turn is played an extra time.
EIDOLON,허상,Eidolon,necrobinder,Rare,E2,Skill,-2.0,9.4,17.0,19.0,0.668,C,1,0,17.0,v3_table,True,-19.0,-7.6,0.0,85,26,33,59,0.322,atomic_exhaust_hand|atomic_intangible+condition_probability,"Exhaust your Hand. If 9 cards were Exhausted this way, gain 1 Intangible."
END_OF_DAYS,종말의 날,End of Days,necrobinder,Rare,E3,Skill,10.179,14.179,22.179,12.0,0.836,C,1,0,20.0,v3_table,True,-9.821,-5.821,2.179,8,8,18,10,0.885,atomic_fixed|doom_execute,Apply 29 Doom to ALL enemies. Kill enemies with at least as much Doom as HP.
ENERGY_SURGE,에너지 폭주,Energy Surge,defect,Uncommon,E1,Skill,4.0,6.5,11.5,7.5,0.455,C,1,0,6.5,v3_table,True,-2.5,0.0,5.0,45,41,43,4,0.954,all_players+atomic_fixed|keyword_exhaust,ALL players gain 2 Energy.
ENFEEBLING_TOUCH,쇠약의 손길,Enfeebling Touch,necrobinder,Uncommon,E1,Skill,6.2,6.2,6.2,0.0,0.72,B,0,0,6.5,v3_table,True,-0.3,-0.3,-0.3,21,47,61,40,0.54,atomic_enemy_strength_loss_turn|keyword_ethereal,Enemy loses 8 Strength this turn.
ENLIGHTENMENT,계몽,Enlightenment,event,Event,E0,Skill,-1.0,4.0,11.5,12.5,0.47,C,1,0,,special_pool_raw_score,False,,,,27,22,8,19,0.269,hand_cost_floor_one|keyword_exhaust,Reduce the cost of ALL cards in your Hand to 1 this turn.
ENTHRALLED,매료됨,Enthralled,curse,Curse,E2,Curse,-7.0,-3.25,-1.0,6.0,0.512,C,1,0,,special_pool_raw_score,False,,,,13,13,14,1,0.941,keyword_eternal_meta|play_restriction,"If this is in your Hand, it must be played before other cards."
ENTRENCH,참호,Entrench,event,Event,E2,Skill,1.8,4.8,9.0,7.2,0.42,C,1,0,,special_pool_raw_score,False,,,,22,19,12,10,0.615,double_current_block,Double your Block.
ENTROPY,엔트로피,Entropy,colorless,Rare,E1,Power,-3.0,5.55,24.0,27.0,0.42,C,1,0,9.0,v3_table,True,-12.0,-3.45,15.0,63,41,8,55,0.127,recurring_random_transform,"At the start of your turn, Transform 1 card in your Hand."
ENVENOM,독 바르기,Envenom,silent,Rare,E2,Power,1.0,3.5,18.0,17.0,0.72,C,0,0,17.0,v3_table,True,-16.0,-13.5,1.0,75,77,20,57,0.345,atomic_fixed+event_triggers,"Whenever an Attack deals unblocked damage, apply 1 Poison."
EQUILIBRIUM,평형,Equilibrium,colorless,Uncommon,E2,Skill,9.8,9.8,9.8,0.0,1.0,A,0,0,12.0,v3_table,True,-2.2,-2.2,-2.2,7,15,35,28,0.556,atomic_fixed|atomic_retain_hand,Gain 13 Block. Retain your Hand this turn.
ERADICATE,척결,Eradicate,necrobinder,Rare,EX,Attack,6.0,11.5,22.5,16.5,0.72,C,0,0,17.0,x_as_2_energy,True,-11.0,-5.5,5.5,24,15,16,9,0.897,atomic_fixed+x_value|keyword_retain,Deal 11 damage X times.
ESCAPE_PLAN,탈출구,Escape Plan,silent,Uncommon,E0,Skill,1.25,2.51,3.05,1.8,0.569,C,1,0,4.3,v3_table,True,-3.05,-1.79,-1.25,74,82,81,8,0.908,atomic_fixed|atomic_fixed+condition_probability,"Draw 1 card. If you draw a Skill, gain 3 Block."
ETERNAL_ARMOR,영원의 갑옷,Eternal Armor,colorless,Rare,E3,Power,14.4,14.4,14.4,0.0,0.72,B,0,0,14.5,v3_table,True,-0.1,-0.1,-0.1,3,6,21,18,0.714,atomic_fixed,Gain 9 Plating.
EVIL_EYE,악마의 눈,Evil Eye,ironclad,Uncommon,E1,Skill,4.8,8.16,9.6,4.8,0.885,B,0,0,6.5,v3_table,True,-1.7,1.66,3.1,40,31,50,19,0.779,atomic_fixed|conditional_extra_block,Gain 8 Block. Gain another 8 Block if you have Exhausted a card this turn.
EXPECT_A_FIGHT,싸움 준비,Expect a Fight,ironclad,Uncommon,E2,Skill,-5.0,3.0,25.0,30.0,0.42,C,2,0,11.0,v3_table,True,-16.0,-8.0,14.0,87,85,20,67,0.221,atomic_fixed+scaling_count|energy_gain_lock,Gain 1 Energy for each Attack in your Hand. You cannot gain additional 1 Energy this turn.
EXPERTISE,전문성,Expertise,silent,Uncommon,E1,Skill,0.0,5.55,12.0,12.0,0.42,C,1,0,6.5,v3_table,True,-6.5,-0.95,5.5,81,55,38,43,0.506,draw_to_six,Draw cards until you have 6 in your Hand.
EXPOSE,들춰내기,Expose,silent,Uncommon,E0,Skill,4.0,7.0,13.0,9.0,0.587,C,1,0,4.3,v3_table,True,-0.3,2.7,8.7,39,36,36,3,0.966,atomic_fixed|keyword_exhaust|strip_enemy_defense,Remove all Artifact and Block from the enemy. Apply 2 Vulnerable.
EXTERMINATE,박멸,Exterminate,event,Event,E1,Attack,7.8,8.55,10.05,2.25,0.975,B,0,0,,special_pool_raw_score,False,,,,7,9,10,3,0.885,atomic_fixed|multi_hit_strength_synergy,Deal 3 damage to ALL enemies 4 times.
FALLING_STAR,별똥별,Falling Star,regent,Basic,E0+S2,Attack,4.1,4.1,4.1,0.0,0.713,B,1,0,1.5,energy_table_star_cost_separated,True,2.6,2.6,2.6,42,62,70,28,0.678,atomic_fixed|cost_star_spend,Deal 8 damage. Apply 1 Weak. Apply 1 Vulnerable.
FAN_OF_KNIVES,칼날 부채,Fan of Knives,silent,Rare,E2,Power,7.6,9.88,11.6,4.0,0.866,B,1,0,17.0,v3_table,True,-9.4,-7.12,-5.4,9,14,39,30,0.655,atomic_fixed|shiv_aoe_conversion,Shivs now hit ALL enemies. Add 4 Shivs into your Hand.
FASTEN,고정시키기,Fasten,colorless,Uncommon,E1,Power,2.4,7.2,16.8,14.4,0.42,C,1,0,6.8,v3_table,True,-4.4,0.4,10.0,43,26,17,26,0.587,defend_block_aura,Gain an additional 4 Block from Defend cards.
FEAR,두려움,Fear,necrobinder,Common,E1,Attack,4.5,4.5,4.5,0.0,0.871,B,0,0,5.3,v3_table,True,-0.8,-0.8,-0.8,46,69,77,31,0.644,atomic_fixed|keyword_ethereal,Deal 7 damage. Apply 1 Vulnerable.
FEED,포식,Feed,ironclad,Rare,E1,Attack,4.0,7.15,8.5,4.5,0.77,B,1,0,6.5,v3_table,True,-2.5,0.65,2.0,52,42,54,12,0.86,atomic_fixed|fatal_max_hp_gain|keyword_exhaust,"Deal 10 damage. If Fatal, raise your Max HP by 3."
FEEDING_FRENZY,광란의 포식,Feeding Frenzy,event,Event,E0,Skill,4.0,4.0,4.0,0.0,1.0,A,0,0,,special_pool_raw_score,False,,,,18,23,25,7,0.731,atomic_temporary_stat,Gain 5 Strength this turn.
FEEL_NO_PAIN,무감각,Feel No Pain,ironclad,Uncommon,E1,Power,1.8,6.3,32.4,30.6,0.72,C,0,0,6.5,v3_table,True,-4.7,-0.2,25.9,73,51,8,65,0.244,atomic_fixed+event_triggers,"Whenever a card is Exhausted, gain 3 Block."
FERAL,야성,Feral,defect,Uncommon,E2,Power,3.0,7.4,14.0,11.0,0.42,C,1,0,11.0,v3_table,True,-8.0,-3.6,3.0,55,39,37,18,0.793,zero_cost_attack_return,"The first time you play a 0 Energy Attack each turn, return it to your Hand."
FETCH,회수,Fetch,necrobinder,Uncommon,E0,Attack,1.35,2.225,2.6,1.25,0.772,B,1,0,4.3,v3_table,True,-2.95,-2.075,-1.7,75,84,86,11,0.874,atomic_fixed+condition_probability|atomic_osty_damage,"Osty deals 3 damage. If this is the first time this card has been played this turn, draw 1 card."
FIEND_FIRE,지옥불,Fiend Fire,ironclad,Rare,E2,Attack,0.5,14.0,32.0,31.5,0.438,C,2,0,17.0,v3_table,True,-16.5,-3.0,15.0,82,12,10,72,0.163,atomic_exhaust_hand|damage_per_exhausted_hand_card|keyword_exhaust,Exhaust your Hand. Deal 7 damage for each card Exhausted.
FIGHT_ME,덤벼라!,Fight Me!,ironclad,Uncommon,E2,Attack,11.5,11.75,12.25,0.75,0.943,A,0,0,11.0,v3_table,True,0.5,0.75,1.25,6,18,41,35,0.593,atomic_fixed|enemy_strength_gain|multi_hit_strength_synergy,Deal 5 damage twice. Gain 3 Strength. The enemy gains 1 Strength.
FIGHT_THROUGH,강행 돌파,Fight Through,defect,Uncommon,E1,Skill,6.5,6.5,6.5,0.0,1.0,A,0,0,6.5,v3_table,True,0.0,0.0,0.0,21,42,59,38,0.563,atomic_fixed,Gain 13 Block. Add 2 Wounds into your Discard Pile.
FINESSE,능숙,Finesse,colorless,Uncommon,E0,Skill,3.65,3.65,3.65,0.0,0.904,A,0,0,4.25,v3_table,True,-0.6,-0.6,-0.6,34,55,57,23,0.635,atomic_fixed,Gain 4 Block. Draw 1 card.
FINISHER,마무리,Finisher,silent,Uncommon,E1,Attack,3.0,6.6,30.0,27.0,0.72,C,0,0,6.5,v3_table,True,-3.5,0.1,23.5,50,40,4,46,0.471,atomic_fixed+scaling_count,Deal 6 damage for each Attack already played this turn.
FISTICUFFS,주먹다짐,Fisticuffs,colorless,Uncommon,E1,Attack,5.3,8.3,12.5,7.2,0.665,C,1,0,6.8,v3_table,True,-1.5,1.5,5.7,23,18,27,9,0.857,atomic_fixed|equal_to_quantity,Deal 7 damage. Gain Block equal to damage dealt.
FLAK_CANNON,대공포,Flak Cannon,defect,Rare,E2,Attack,0.0,10.42,29.1,29.1,0.42,C,2,0,17.0,v3_table,True,-17.0,-6.58,12.1,84,22,13,71,0.184,exhaust_status_cleanup|random_damage_per_exhausted,Exhaust ALL your Status cards. Deal 8 damage to a random enemy for each card Exhausted.
FLAME_BARRIER,화염 장벽,Flame Barrier,ironclad,Uncommon,E2,Skill,9.2,13.2,19.2,10.0,0.736,C,1,0,11.0,v3_table,True,-1.8,2.2,8.2,12,14,29,17,0.802,atomic_fixed|retaliation_damage,"Gain 12 Block. Whenever you are attacked this turn, deal 4 damage back."
FLANKING,측면 공격,Flanking,silent,Uncommon,E2,Skill,3.75,9.375,18.75,15.0,0.42,C,1,0,11.0,v3_table,True,-7.25,-1.625,7.75,44,19,18,26,0.701,coop_double_attack_damage,The enemy takes double attack damage from other players this turn.
FLASH_OF_STEEL,강철의 섬광,Flash of Steel,colorless,Uncommon,E0,Attack,3.75,3.75,3.75,0.0,0.907,A,0,0,4.25,v3_table,True,-0.5,-0.5,-0.5,33,54,56,23,0.635,atomic_fixed,Deal 5 damage. Draw 1 card.
FLATTEN,땅고르기,Flatten,necrobinder,Common,E2,Attack,5.4,8.9,10.4,5.0,0.89,B,0,0,9.0,v3_table,True,-3.6,-0.1,1.4,38,29,43,14,0.839,atomic_osty_damage|conditional_cost_zero,Osty deals 12 damage. This card costs 0 Energy if Osty has attacked this turn.
FLECHETTES,프레췌,Flechettes,silent,Uncommon,E1,Attack,2.5,5.5,25.0,22.5,0.72,C,0,0,6.5,v3_table,True,-4.0,-1.0,18.5,56,59,11,48,0.448,atomic_fixed+scaling_count,Deal 5 damage for each Skill in your Hand.
FLICK_FLACK,재주넘기,Flick-Flack,silent,Common,E1,Attack,3.9,5.55,6.9,3.0,0.828,B,1,0,5.3,v3_table,False,,,,42,56,58,16,0.816,atomic_fixed|keyword_sly,Deal 6 damage to ALL enemies.
FOCUSED_STRIKE,밀집 타격,Focused Strike,defect,Common,E1,Attack,5.3,5.3,5.3,0.0,0.958,A,0,0,5.3,v3_table,True,0.0,0.0,0.0,34,58,70,36,0.586,atomic_fixed|atomic_temporary_stat,Deal 9 damage. Gain 1 Focus this turn.
FOLLY,어리석음,Folly,curse,Curse,E-1,Curse,-1.5,-0.75,-0.25,1.25,0.72,B,0,0,,special_pool_raw_score,False,,,,4,4,4,0,1.0,keyword_eternal_meta|keyword_ethereal_cleanup|keyword_innate|keyword_unplayable,
FOOTWORK,발놀림,Footwork,silent,Uncommon,E1,Power,6.5,6.5,6.5,0.0,1.0,A,0,0,6.5,v3_table,True,0.0,0.0,0.0,13,42,61,48,0.448,atomic_fixed,Gain 2 Dexterity.
FORBIDDEN_GRIMOIRE,금지된 마도서,Forbidden Grimoire,necrobinder,Ancient,E2,Power,3.0,6.0,10.0,7.0,0.443,C,1,0,,unsupported_rarity_raw_score,False,,,,59,49,45,14,0.839,keyword_eternal_meta|meta_deck_removal,"At the end of combat, you may remove a card from your Deck."
FOREGONE_CONCLUSION,필연적인 결과,Foregone Conclusion,regent,Rare,E1,Skill,5.0,5.0,5.0,0.0,0.72,B,0,0,6.5,v3_table,True,-1.5,-1.5,-1.5,39,55,68,29,0.667,tutor_to_hand,"Next turn, put 2 cards from your Draw Pile into your Hand."
FORGOTTEN_RITUAL,잊힌 의식,Forgotten Ritual,ironclad,Uncommon,E1,Skill,-1.0,4.25,6.5,7.5,0.468,C,1,0,6.5,v3_table,True,-7.5,-2.25,0.0,86,77,60,26,0.698,atomic_fixed+condition_probability|keyword_exhaust,"If you Exhausted a card this turn, gain 3 Energy."
FRANTIC_ESCAPE,필사적인 도주,Frantic Escape,status,Status,E1,Status,-2.5,1.0,8.5,11.0,0.545,C,2,0,,special_pool_raw_score,False,,,,6,3,1,5,0.545,cost_increase|encounter_escape_progress|encounter_sandpit_progress,Get farther away. Increase Sandpit by 1. Increase the cost of this card by 1.
FRIENDSHIP,우정,Friendship,necrobinder,Uncommon,E1,Power,-1.5,13.75,25.0,26.5,0.42,C,2,0,6.5,v3_table,True,-8.0,7.25,18.5,84,11,12,73,0.161,atomic_fixed+recurring_resource_turns|atomic_lose_strength_conditional_stock,Lose 2 Strength. Gain 1 Energy at the start of each turn.
FTL,FTL,FTL,defect,Uncommon,E0,Attack,2.5,3.375,3.75,1.25,0.85,B,1,0,4.3,v3_table,True,-1.8,-0.925,-0.55,63,73,76,13,0.851,atomic_fixed|atomic_fixed+condition_probability,"Deal 5 damage. If you have played fewer than 3 cards this turn, draw 1 card."
FUEL,연료,Fuel,token,Token,E0,Skill,2.75,2.75,2.75,0.0,0.72,B,0,0,,special_pool_raw_score,False,,,,7,7,7,0,1.0,atomic_fixed|keyword_exhaust,Gain 1 Energy. Draw 1 card.
FURNACE,용광로,Furnace,regent,Uncommon,E1,Power,2.475,6.105,9.9,7.425,0.42,C,1,0,6.5,v3_table,True,-4.025,-0.395,3.4,64,37,39,27,0.69,atomic_fixed+recurring_turns,"At the start of your turn, Forge 5."
FUSION,융합,Fusion,defect,Uncommon,E1,Skill,6.0,6.0,6.0,0.0,0.72,B,0,0,6.5,v3_table,True,-0.5,-0.5,-0.5,27,49,64,37,0.575,atomic_fixed|keyword_exhaust,Channel 1 Plasma.
GAMMA_BLAST,감마 세례,Gamma Blast,regent,Uncommon,E0+S3,Attack,8.7,8.7,8.7,0.0,0.721,B,1,0,4.3,energy_table_star_cost_separated,True,4.4,4.4,4.4,15,23,46,31,0.644,atomic_fixed|cost_star_spend,Deal 13 damage. Apply 2 Weak. Apply 2 Vulnerable.
GANG_UP,집단 공격,Gang Up,colorless,Uncommon,E1,Attack,5.0,8.0,27.5,22.5,0.806,C,0,0,6.8,v3_table,True,-1.8,1.2,20.7,24,20,4,20,0.683,additional_damage_scaling|atomic_fixed,Deal 5 damage. Deals 5 additional damage for each time another player has attacked the enemy this turn.
GATHER_LIGHT,빛 거두기,Gather Light,regent,Common,E1,Skill,6.3,6.3,6.3,0.0,0.862,B,1,0,5.3,v3_table,True,1.0,1.0,1.0,20,35,52,32,0.632,atomic_fixed,Gain 8 Block. Gain 1 Stars.
GENESIS,창세,Genesis,regent,Rare,E2,Power,4.5,11.1,18.0,13.5,0.42,C,1,0,17.0,v3_table,True,-12.5,-5.9,1.0,41,14,19,27,0.69,atomic_fixed+recurring_turns,"At the start of your turn, gain 2 Stars."
GENETIC_ALGORITHM,유전 알고리즘,Genetic Algorithm,defect,Rare,E1,Skill,1.4,5.0,12.2,10.8,0.513,C,1,0,6.5,v3_table,True,-5.1,-1.5,5.7,77,63,42,35,0.598,atomic_fixed|keyword_exhaust|permanent_block_growth,Gain 1 Block. Permanently increase this card's Block by 3.
GIANT_ROCK,거대한 바위,Giant Rock,token,Token,E1,Attack,8.0,8.0,8.0,0.0,1.0,A,0,0,,special_pool_raw_score,False,,,,1,1,1,0,1.0,atomic_fixed,Deal 16 damage.
GLACIER,빙하,Glacier,defect,Uncommon,E2,Skill,10.0,10.0,10.0,0.0,0.821,B,0,0,11.0,v3_table,True,-1.0,-1.0,-1.0,9,25,46,37,0.575,atomic_fixed,Gain 6 Block. Channel 2 Frost.
GLASSWORK,유리 공예,Glasswork,defect,Uncommon,E1,Skill,6.5,6.5,6.5,0.0,0.849,B,0,0,6.5,v3_table,True,0.0,0.0,0.0,22,43,60,38,0.563,atomic_fixed,Gain 5 Block. Channel 1 Glass.
GLIMMER,희미한 빛,Glimmer,regent,Uncommon,E1,Skill,5.05,5.05,5.05,0.0,0.72,B,0,0,6.5,v3_table,True,-1.45,-1.45,-1.45,36,53,66,30,0.655,atomic_fixed|atomic_hand_to_topdeck,Draw 3 cards. Put 1 card from your Hand on top of your Draw Pile.
GLIMPSE_BEYOND,경계 엿보기,Glimpse Beyond,necrobinder,Rare,E1,Skill,2.0,3.5,6.5,4.5,0.475,C,1,0,6.5,v3_table,True,-4.5,-3.0,0.0,69,77,60,17,0.805,coop_soul_generation|keyword_exhaust,ALL players add 3 Souls into their Draw Pile.
GLITTERSTREAM,빛의 흐름,Glitterstream,regent,Common,E2,Skill,9.0,9.0,9.0,0.0,1.0,A,0,0,9.0,v3_table,True,0.0,0.0,0.0,14,21,42,28,0.678,atomic_fixed|atomic_fixed+delay_next_turn,"Gain 11 Block. Next turn, gain 5 Block."
GLOW,광채,Glow,regent,Common,E1,Skill,3.75,3.75,3.75,0.0,0.6,C,1,0,5.3,v3_table,True,-1.55,-1.55,-1.55,47,64,72,25,0.713,atomic_fixed|atomic_fixed+delay_next_turn,"Gain 1 Stars. Draw 1 card. Next turn, draw 1 card."
GOLD_AXE,황금 도끼,Gold Axe,colorless,Rare,E1,Attack,1.5,5.0,10.0,8.5,0.42,C,1,0,9.0,v3_table,True,-7.5,-4.0,1.0,50,44,34,16,0.746,equal_to_quantity,Deal damage equal to the number of cards played this combat.
GO_FOR_THE_EYES,눈 할퀴기,Go for the Eyes,defect,Common,E0,Attack,1.5,2.97,3.6,2.1,0.713,B,1,0,2.7,v3_table,True,-1.2,0.27,0.9,75,80,77,5,0.943,atomic_fixed|atomic_fixed+condition_probability,"Deal 3 damage. If the enemy intends to attack, apply 1 Weak."
GRAND_FINALE,대단원의 막,Grand Finale,silent,Rare,E0,Attack,0.0,11.7,39.0,39.0,0.761,C,1,0,6.5,v3_table,True,-6.5,5.2,32.5,82,9,2,80,0.08,atomic_fixed|draw_pile_empty_gate,Can only be played if there are no cards in your Draw Pile. Deal 60 damage to ALL enemies.
GRAVEBLAST,무덤 폭발,Graveblast,necrobinder,Common,E1,Attack,3.5,3.5,3.5,0.0,0.949,A,0,0,5.3,v3_table,True,-1.8,-1.8,-1.8,52,78,80,28,0.678,atomic_fixed|atomic_retrieve_hand|keyword_exhaust,Deal 4 damage. Put a card from your Discard Pile into your Hand.
GRAVE_WARDEN,무덤지기,Grave Warden,necrobinder,Common,E1,Skill,5.8,5.8,5.8,0.0,0.952,A,0,0,5.3,v3_table,True,0.5,0.5,0.5,25,50,63,38,0.563,atomic_fixed,Gain 8 Block. Add a Soul into your Draw Pile.
GREED,탐욕,Greed,curse,Curse,E-1,Curse,-3.0,-2.25,-1.75,1.25,0.72,B,0,0,,special_pool_raw_score,False,,,,10,10,18,8,0.529,keyword_eternal_meta|keyword_unplayable,
GUARDS,막아라!!!,GUARDS!!!,regent,Rare,E2,Skill,2.8,10.4,21.8,19.0,0.444,C,1,0,17.0,v3_table,True,-14.2,-6.6,4.8,60,17,13,47,0.46,keyword_exhaust|transform_hand_to_minion_sacrifice,Transform any number of cards in your Hand into Minion Sacrifice.
GUIDING_STAR,길잡이별,Guiding Star,regent,Common,E1+S2,Attack,5.4,5.4,5.4,0.0,0.756,B,1,0,5.3,energy_table_star_cost_separated,True,0.1,0.1,0.1,31,47,61,30,0.655,atomic_fixed|cost_star_spend,Deal 12 damage. Draw 2 cards.
GUILTY,죄책감,Guilty,curse,Curse,E-1,Curse,-1.0,0.75,3.25,4.25,0.535,C,1,0,,special_pool_raw_score,False,,,,3,2,1,2,0.882,keyword_unplayable|self_removing_curse,Removed from your Deck after 5 combats.
GUNK_UP,틀어막기,Gunk Up,defect,Common,E1,Attack,5.3,5.8,6.8,1.5,0.981,B,0,0,5.3,v3_table,True,0.0,0.5,1.5,35,51,57,22,0.747,atomic_fixed|multi_hit_strength_synergy,Deal 4 damage 3 times. Add a Slimed into your Discard Pile.
HAILSTORM,우박 폭풍,Hailstorm,defect,Uncommon,E1,Power,0.0,10.101,23.4,23.4,0.42,C,1,0,6.5,v3_table,True,-6.5,3.601,16.9,85,24,20,65,0.253,atomic_fixed+condition_probability+recurring_turns,"At the end of your turn, if you have Frost, deal 6 damage to ALL enemies."
HAMMER_TIME,망치질 시간,Hammer Time,regent,Rare,E2,Power,2.0,8.0,25.0,23.0,0.42,C,1,0,17.0,v3_table,True,-15.0,-9.0,8.0,68,26,9,59,0.322,coop_forge,"Whenever you Forge, all allies Forge as well."
HAND_OF_GREED,탐욕의 손,Hand of Greed,colorless,Rare,E2,Attack,10.0,11.4,12.0,2.0,0.966,B,0,0,18.0,v3_table,True,-8.0,-6.6,-6.0,5,10,28,23,0.635,atomic_fixed|meta_gold,"Deal 20 damage. If Fatal, gain 20 Gold."
HAND_TRICK,손기술,Hand Trick,silent,Uncommon,E1,Skill,4.7,6.2,8.2,3.5,0.91,B,0,0,6.5,v3_table,True,-1.8,-0.3,1.7,35,45,53,18,0.793,atomic_fixed|atomic_grant_sly,Gain 7 Block. Add Sly to a Skill in your Hand this turn.
HANG,매달기,Hang,necrobinder,Rare,E1,Attack,5.0,10.0,20.0,15.0,0.71,C,1,0,6.5,v3_table,True,-1.5,3.5,13.5,39,22,23,17,0.805,atomic_fixed|hang_damage_amplifier,Deal 10 damage. Double the damage ALL Hang cards deal to this enemy.
HAUNT,출몰,Haunt,necrobinder,Uncommon,E1,Power,0.0,9.9,33.0,33.0,0.42,C,1,0,6.5,v3_table,True,-6.5,3.4,26.5,80,23,7,73,0.161,soul_trigger_hp_loss,"Whenever you play a Soul, a random enemy loses 6 HP."
HAVOC,파괴,Havoc,ironclad,Common,E1,Skill,2.0,4.0,7.0,5.0,0.42,C,1,0,5.3,v3_table,True,-3.3,-1.3,1.7,70,79,59,20,0.767,auto_play_from_pile,Play the top card of your Draw Pile and Exhaust it.
HAZE,아지랑이,Haze,silent,Uncommon,E3,Skill,5.2,9.6,13.2,8.0,0.734,C,1,0,16.0,v3_table,False,,,,26,17,33,16,0.816,atomic_fixed|keyword_sly,Apply 4 Poison to ALL enemies.
HEADBUTT,박치기,Headbutt,ironclad,Common,E1,Attack,6.0,6.0,6.0,0.0,0.93,A,0,0,5.3,v3_table,True,0.7,0.7,0.7,25,57,68,43,0.5,atomic_fixed|atomic_retrieve_topdeck,Deal 9 damage. Put a card from your Discard Pile on top of your Draw Pile.
HEAVENLY_DRILL,천원돌파,Heavenly Drill,regent,Rare,EX,Attack,4.0,8.0,32.0,28.0,0.62,C,1,0,17.0,x_as_2_energy,True,-13.0,-9.0,15.0,44,27,6,38,0.563,atomic_fixed+x_value|x_threshold_double,Deal 8 damage X times. Double X if it's 4 or more.
HEGEMONY,패권,Hegemony,regent,Uncommon,E2,Attack,11.5,11.5,11.5,0.0,0.903,A,0,0,11.0,v3_table,True,0.5,0.5,0.5,8,11,32,24,0.724,atomic_fixed|atomic_fixed+delay_next_turn,"Deal 15 damage. Next turn, gain 2 Energy."
HEIRLOOM_HAMMER,선조의 망치,Heirloom Hammer,regent,Rare,E2,Attack,11.5,13.0,15.0,3.5,0.871,B,1,0,17.0,v3_table,True,-5.5,-4.0,-2.0,9,8,24,16,0.816,atomic_copy_selected_hand|atomic_fixed|selection_scope,Deal 20 damage. Choose a Colorless card in your Hand. Add a copy of that card into your Hand.
HELIX_DRILL,나선 관통,Helix Drill,defect,Rare,E0,Attack,1.5,3.3,15.0,13.5,0.42,C,1,0,6.5,v3_table,True,-5.0,-3.2,8.5,76,74,35,41,0.529,atomic_fixed+scaling_count,Deal 3 damage for each 1 Energy previously spent this turn.
HELLO_WORLD,Hello World,Hello World,event,Event,E1,Power,4.5,11.1,18.0,13.5,0.42,C,1,0,,special_pool_raw_score,False,,,,17,4,3,14,0.462,atomic_random_common_card+recurring_turns,"At the start of your turn, add a random Common card into your Hand."
HELLRAISER,지옥검무,Hellraiser,ironclad,Rare,E2,Power,3.0,10.5,30.0,27.0,0.42,C,1,0,17.0,v3_table,True,-14.0,-6.5,13.0,60,23,13,47,0.453,strike_draw_autoplay,"Whenever you draw a card containing “Strike”, it is played against a random enemy."
HEMOKINESIS,혈류,Hemokinesis,ironclad,Uncommon,E1,Attack,6.4,6.4,6.4,0.0,1.0,A,0,0,6.5,v3_table,True,-0.1,-0.1,-0.1,18,47,62,44,0.488,atomic_fixed,Lose 2 HP. Deal 15 damage.
HIDDEN_CACHE,비밀 상자,Hidden Cache,regent,Common,E1,Skill,5.1,5.1,5.1,0.0,0.42,C,2,0,5.3,v3_table,True,-0.2,-0.2,-0.2,35,52,65,30,0.655,atomic_fixed|atomic_fixed+delay_next_turn,"Gain 1 Stars. Next turn, gain 3 Stars."
HIDDEN_DAGGERS,숨겨진 단검,Hidden Daggers,silent,Uncommon,E0,Skill,4.3,4.3,4.3,0.0,1.0,A,0,0,4.3,v3_table,True,0.0,0.0,0.0,38,72,79,41,0.529,atomic_fixed,Discard 2 cards. Add 2 Shivs into your Hand.
HIDDEN_GEM,숨겨진 보석,Hidden Gem,colorless,Rare,E1,Skill,3.0,7.0,12.0,9.0,0.42,C,1,0,9.0,v3_table,True,-6.0,-2.0,3.0,37,29,29,8,0.873,atomic_random_replay,A random card without Replay in your Draw Pile gains Replay 2.
HIGH_FIVE,하이파이브,High Five,necrobinder,Uncommon,E2,Attack,11.635,11.635,11.635,0.0,0.72,B,0,0,11.0,v3_table,True,0.635,0.635,0.635,6,14,41,35,0.598,osty_damage_debuff,Osty deals 11 damage and applies 2 Vulnerable to ALL enemies.
HOLOGRAM,홀로그램,Hologram,defect,Common,E1,Skill,3.3,3.3,3.3,0.0,0.947,A,0,0,5.3,v3_table,True,-2.0,-2.0,-2.0,49,75,79,30,0.655,atomic_fixed|atomic_retrieve_hand|keyword_exhaust,Gain 3 Block. Put a card from your Discard Pile into your Hand.
HOTFIX,핫픽스,Hotfix,defect,Common,E0,Skill,0.6,0.6,0.6,0.0,0.72,B,0,0,2.7,v3_table,True,-2.1,-2.1,-2.1,82,88,88,6,0.931,atomic_temporary_stat|keyword_exhaust,Gain 2 Focus this turn.
HOWL_FROM_BEYOND,저편의 울음소리,Howl from Beyond,ironclad,Uncommon,E3,Attack,14.4,21.6,26.4,12.0,0.699,C,1,0,16.0,v3_table,True,-1.6,5.6,10.4,5,2,18,16,0.814,atomic_fixed|self_auto_replay,"Deal 16 damage to ALL enemies. At the end of your turn, if this is in your Exhaust Pile, play it."
HUDDLE_UP,똘똘 뭉치기,Huddle Up,colorless,Uncommon,E1,Skill,2.4,4.1,7.5,5.1,0.469,C,1,0,6.8,v3_table,True,-4.4,-2.7,0.7,44,50,40,10,0.841,all_players+atomic_fixed|keyword_exhaust,ALL players draw 2 cards.
HYPERBEAM,파괴광선,Hyperbeam,defect,Rare,E2,Attack,-1.3,11.7,18.2,19.5,0.847,C,1,0,17.0,v3_table,True,-18.3,-5.3,1.2,87,16,28,71,0.184,atomic_fixed|atomic_lose_focus_conditional_stock,Deal 28 damage to ALL enemies. Lose 3 Focus.
ICE_LANCE,얼음 창,Ice Lance,defect,Rare,E3,Attack,19.1,19.1,19.1,0.0,0.859,B,0,0,20.0,v3_table,True,-0.9,-0.9,-0.9,2,2,26,24,0.724,atomic_fixed,Deal 19 damage. Channel 3 Frost.
IGNITION,점화,Ignition,defect,Rare,E1,Skill,4.25,4.25,4.25,0.0,0.72,B,0,0,6.5,v3_table,True,-2.25,-2.25,-2.25,43,69,75,32,0.632,coop_plasma|keyword_exhaust,Another player Channels Plasma.
IMPATIENCE,성급함,Impatience,colorless,Uncommon,E0,Skill,0.0,2.38,3.4,3.4,0.42,C,1,0,4.25,v3_table,True,-4.25,-1.87,-0.85,59,61,58,3,0.952,atomic_fixed+condition_probability,"If you have no Attacks in your Hand, draw 2 cards."
IMPERVIOUS,무적,Impervious,ironclad,Rare,E2,Skill,17.0,17.0,17.0,0.0,0.985,A,0,0,17.0,v3_table,True,0.0,0.0,0.0,2,6,31,29,0.663,atomic_fixed|keyword_exhaust,Gain 30 Block.
INFECTION,감염,Infection,status,Status,E-1,Status,-11.9,-5.524,-0.75,11.15,0.72,C,0,0,,special_pool_raw_score,False,,,,9,9,8,1,0.909,atomic_self_damage+condition_probability+recurring_turns|keyword_unplayable,"At the end of your turn, if this is in your Hand, take 3 damage."
INFERNAL_BLADE,지옥검,Infernal Blade,ironclad,Uncommon,E1,Skill,4.5,4.5,4.5,0.0,0.689,C,1,0,6.5,v3_table,True,-2.0,-2.0,-2.0,44,72,82,38,0.558,atomic_free_generated_card|atomic_random_attack_card|keyword_exhaust,Add a random Attack into your Hand. It's free to play this turn.
INFERNO,불바다,Inferno,ironclad,Uncommon,E1,Power,0.6,11.615,69.375,68.775,0.687,C,1,0,6.5,v3_table,True,-5.9,5.115,62.875,80,19,1,79,0.081,atomic_fixed+event_triggers|atomic_fixed+recurring_turns,"At the start of your turn, lose 1 HP. Whenever you lose HP on your turn, deal 6 damage to ALL enemies."
INFINITE_BLADES,무한의 검날,Infinite Blades,silent,Uncommon,E1,Power,2.85,7.03,11.4,8.55,0.42,C,1,0,6.5,v3_table,True,-3.65,0.53,4.9,54,35,40,19,0.782,atomic_fixed+recurring_turns,"At the start of your turn, add 1 Shiv into your Hand."
INFLAME,발화,Inflame,ironclad,Uncommon,E1,Power,6.5,6.5,6.5,0.0,1.0,A,0,0,6.5,v3_table,True,0.0,0.0,0.0,16,45,61,45,0.477,atomic_fixed,Gain 2 Strength.
INJURY,상처,Injury,curse,Curse,E-1,Curse,-2.0,-1.25,-0.75,1.25,0.72,B,0,0,,special_pool_raw_score,False,,,,8,8,10,2,0.882,keyword_unplayable,
INTERCEPT,가로막기,Intercept,colorless,Uncommon,E1,Skill,-0.6,6.9,15.4,16.0,0.753,C,1,0,6.8,v3_table,True,-7.4,0.1,8.6,62,32,19,43,0.317,atomic_fixed|intercept_attacks,Gain 9 Block. Redirect all incoming attacks that would be dealt to another player this turn to you.
INVOKE,부름,Invoke,necrobinder,Common,E1,Skill,5.76,5.76,5.76,0.0,0.72,B,0,0,5.3,v3_table,True,0.46,0.46,0.46,27,52,65,38,0.563,atomic_fixed+delay_next_turn,"Next turn, Summon 2 and gain 2 Energy."
IRON_WAVE,철의 파동,Iron Wave,ironclad,Common,E1,Attack,5.5,5.5,5.5,0.0,1.0,A,0,0,5.3,v3_table,True,0.2,0.2,0.2,27,61,75,48,0.442,atomic_fixed,Gain 5 Block. Deal 5 damage.
ITERATION,순회,Iteration,defect,Uncommon,E1,Power,0.0,5.1,13.6,13.6,0.42,C,1,0,6.5,v3_table,True,-6.5,-1.4,7.1,86,60,39,47,0.46,status_draw_compensation,"The first time you draw a Status each turn, draw 2 cards."
I_AM_INVINCIBLE,나는 무적이다,I Am Invincible,regent,Rare,E1,Skill,7.625,10.55,12.5,4.875,0.75,B,1,0,6.5,v3_table,True,1.125,4.05,6.0,17,15,28,13,0.851,atomic_fixed|self_auto_replay,"Gain 10 Block. At the end of your turn, if this is on top of your Draw Pile, play it."
JACKPOT,잭팟,Jackpot,colorless,Rare,E3,Attack,21.5,21.5,21.5,0.0,0.757,B,1,0,14.5,v3_table,True,7.0,7.0,7.0,1,2,9,8,0.873,atomic_fixed|random_fixed_cost_cards,Deal 25 damage. Add 3 random 0 Energy cards into your Hand.
JACK_OF_ALL_TRADES,팔방미인,Jack of All Trades,colorless,Uncommon,E0,Skill,3.0,3.0,3.0,0.0,0.48,C,1,0,4.25,v3_table,True,-1.25,-1.25,-1.25,38,57,60,22,0.651,atomic_random_colorless_card|keyword_exhaust,Add 1 random Colorless card into your Hand.
JUGGERNAUT,절대적인 힘,Juggernaut,ironclad,Rare,E2,Power,2.7,9.45,27.0,24.3,0.42,C,1,0,17.0,v3_table,True,-14.3,-7.55,10.0,64,27,16,48,0.442,block_trigger_damage,"Whenever you gain Block, deal 6 damage to a random enemy."
JUGGLING,저글링,Juggling,ironclad,Uncommon,E1,Power,3.0,18.5,60.0,57.0,0.42,C,1,0,6.5,v3_table,True,-3.5,12.0,53.5,61,5,2,59,0.314,copy_selected_to_hand,Add a copy of the third Attack you play each turn into your Hand.
KINGLY_KICK,왕의 발차기,Kingly Kick,regent,Uncommon,E4,Attack,16.0,22.25,58.5,42.5,0.877,C,0,0,26.0,v3_table,True,-10.0,-3.75,32.5,3,1,3,2,0.977,atomic_fixed|cost_reduction,"Deal 27 damage. Whenever you draw this card, reduce its cost by 1."
KINGLY_PUNCH,왕의 주먹,Kingly Punch,regent,Uncommon,E1,Attack,6.0,8.0,10.0,4.0,0.71,B,1,0,6.5,v3_table,True,-0.5,1.5,3.5,21,28,37,16,0.816,atomic_fixed|self_damage_growth_on_draw,"Deal 8 damage. Whenever you draw this card, increase its damage by 4 this combat."
KNIFE_TRAP,칼날 함정,Knife Trap,silent,Rare,E2,Skill,0.0,8.0,20.0,20.0,0.42,C,1,0,17.0,v3_table,True,-17.0,-9.0,3.0,83,28,17,66,0.241,play_exhausted_shivs,Play every Shiv in your Exhaust Pile on the enemy.
KNOCKDOWN,때려눕히기,Knockdown,colorless,Rare,E3,Attack,7.5,11.0,20.0,12.5,0.684,C,1,0,14.5,v3_table,True,-7.0,-3.5,5.5,10,11,11,1,0.984,atomic_fixed|double_damage_window,Deal 10 damage. The enemy takes double damage from other players this turn.
KNOCKOUT_BLOW,필사의 일격,Knockout Blow,regent,Uncommon,E3,Attack,15.0,20.25,22.5,7.5,0.85,C,1,0,16.0,v3_table,True,-1.0,4.25,6.5,5,3,11,8,0.908,atomic_fixed|atomic_fixed+condition_probability,"Deal 30 damage. If this kills an enemy, gain 5 Stars."
KNOW_THY_PLACE,네 주제를 알라,Know Thy Place,regent,Common,E0,Skill,3.1,3.1,3.1,0.0,0.72,B,0,0,2.7,v3_table,True,0.4,0.4,0.4,51,67,74,23,0.736,atomic_fixed|keyword_exhaust,Apply 1 Weak. Apply 1 Vulnerable.
LANTERN_KEY,랜턴 열쇠,Lantern Key,quest,Quest,E-1,Quest,-2.0,2.75,11.25,13.25,0.491,C,1,0,,special_pool_raw_score,False,,,,3,3,3,0,1.0,keyword_unplayable|meta_event_unlock,Unlocks a special event in the next Act.
LARGESSE,하사,Largesse,regent,Uncommon,E0,Skill,2.25,3.0,4.0,1.75,0.42,C,1,0,4.3,v3_table,True,-2.05,-1.3,-0.3,66,69,71,5,0.943,coop_random_colorless,Another player adds 1 random Colorless card to their Hand.
LEADING_STRIKE,선제 타격,Leading Strike,silent,Common,E1,Attack,5.3,5.3,5.3,0.0,1.0,A,0,0,5.3,v3_table,True,0.0,0.0,0.0,23,61,71,48,0.448,atomic_fixed,Deal 3 damage. Add 2 Shivs into your Hand.
LEAP,도약,Leap,defect,Common,E1,Skill,5.4,5.4,5.4,0.0,1.0,A,0,0,5.3,v3_table,True,0.1,0.1,0.1,33,57,69,36,0.586,atomic_fixed,Gain 9 Block.
LEGION_OF_BONE,해골 군단,Legion of Bone,necrobinder,Uncommon,E2,Skill,5.6,8.9,15.5,9.9,0.72,C,0,0,11.0,v3_table,True,-5.4,-2.1,4.5,30,30,37,7,0.92,all_players+atomic_fixed|keyword_exhaust,ALL players Summon 6.
LEG_SWEEP,다리 걸기,Leg Sweep,silent,Uncommon,E2,Skill,10.8,10.8,10.8,0.0,0.891,B,0,0,11.0,v3_table,True,-0.2,-0.2,-0.2,3,12,44,41,0.529,atomic_fixed,Apply 2 Weak. Gain 11 Block.
LETHALITY,치사성,Lethality,necrobinder,Uncommon,E1,Power,2.75,8.25,14.0,11.25,0.449,C,1,0,6.5,v3_table,True,-3.75,1.75,7.5,61,38,39,23,0.736,first_attack_percent_bonus|keyword_ethereal,The first Attack each turn deals 50% additional damage.
LIFT,부양,Lift,colorless,Uncommon,E1,Skill,4.95,4.95,4.95,0.0,0.72,B,0,0,6.8,v3_table,True,-1.85,-1.85,-1.85,25,46,51,26,0.587,coop_block,Give another player 11 Block.
LIGHTNING_ROD,피뢰침,Lightning Rod,defect,Common,E1,Skill,5.568,5.568,5.568,0.0,0.67,C,1,0,5.3,v3_table,True,0.268,0.268,0.268,30,53,66,36,0.586,atomic_fixed|atomic_fixed+fixed_delayed_turns,"Gain 4 Block. At the start of the next 2 turns, Channel 1 Lightning."
LOOP,반복,Loop,defect,Uncommon,E1,Power,2.25,11.1,30.0,27.75,0.42,C,1,0,6.5,v3_table,True,-4.25,4.6,23.5,65,19,12,53,0.391,atomic_trigger_orb+recurring_turns,"At the start of your turn, trigger the passive ability of your rightmost Orb."
LUMINESCE,발광,Luminesce,token,Token,E0,Skill,4.5,4.5,4.5,0.0,0.72,B,0,0,,special_pool_raw_score,False,,,,4,4,4,0,1.0,atomic_fixed|keyword_exhaust|keyword_retain,Gain 2 Energy.
LUNAR_BLAST,달의 세례,Lunar Blast,regent,Uncommon,E0,Attack,2.0,4.4,20.0,18.0,0.72,C,0,0,4.3,v3_table,True,-2.3,0.1,15.7,69,59,16,53,0.391,atomic_fixed+scaling_count,Deal 4 damage for each Skill already played this turn.
MACHINE_LEARNING,기계학습,Machine Learning,defect,Rare,E1,Power,1.875,4.625,7.5,5.625,0.42,C,1,0,6.5,v3_table,True,-4.625,-1.875,1.0,71,66,55,16,0.816,atomic_fixed+recurring_turns,"At the start of your turn, draw 1 additional card."
MAD_SCIENCE,괴짜 과학,Mad Science,event,Event,E1,Attack,6.0,6.0,6.0,0.0,1.0,A,0,0,,special_pool_raw_score,False,,,,12,16,20,8,0.692,atomic_fixed,Deal 12 damage.
MAKE_IT_SO,그렇게 하라,Make It So,regent,Rare,E0,Attack,3.0,6.0,9.0,6.0,0.71,C,1,0,6.5,v3_table,True,-3.5,-0.5,2.5,54,38,43,16,0.816,atomic_fixed|self_return_skill_threshold,"Deal 6 damage. Every 3 Skills you play in a turn, put this into your Hand."
MALAISE,불쾌,Malaise,silent,Rare,EX,Skill,3.1,7.2,15.4,12.3,0.583,C,1,0,17.0,x_as_2_energy,True,-13.9,-9.8,-1.6,48,34,27,21,0.759,atomic_fixed+x_value|keyword_exhaust|x_enemy_strength_loss,Enemy loses X Strength. Apply X Weak.
MANGLE,난도질,Mangle,ironclad,Rare,E3,Attack,16.5,16.5,16.5,0.0,0.847,B,0,0,20.0,v3_table,True,-3.5,-3.5,-3.5,3,8,32,29,0.663,atomic_enemy_strength_loss_turn|atomic_fixed,Deal 15 damage. Enemy loses 10 Strength this turn.
MANIFEST_AUTHORITY,권위 행사,Manifest Authority,regent,Uncommon,E1,Skill,8.2,8.2,8.2,0.0,0.717,B,1,0,6.5,v3_table,True,1.7,1.7,1.7,16,24,48,32,0.632,atomic_fixed|atomic_random_colorless_card,Gain 7 Block. Add 1 random Colorless card into your Hand.
MASTER_OF_STRATEGY,전략의 천재,Master of Strategy,colorless,Rare,E0,Skill,4.55,4.55,4.55,0.0,0.72,B,0,0,5.0,v3_table,True,-0.45,-0.45,-0.45,26,47,52,26,0.587,atomic_fixed|keyword_exhaust,Draw 3 cards.
MASTER_PLANNER,설계의 대가,Master Planner,silent,Rare,E2,Power,2.0,7.0,16.0,14.0,0.42,C,1,0,17.0,v3_table,True,-15.0,-10.0,-1.0,64,37,24,40,0.54,skill_gains_sly,"When you play a Skill, it gains Sly."
MAUL,할퀴기,Maul,event,Ancient,E1,Attack,5.5,7.0,14.75,9.25,0.82,C,1,0,,special_pool_raw_score,False,,,,14,13,5,9,0.654,archetype_damage_growth|atomic_fixed|multi_hit_strength_synergy,Deal 5 damage twice. Increase the damage of ALL Maul cards by 1 this combat.
MAYHEM,대혼란,Mayhem,colorless,Rare,E2,Power,3.0,14.8,42.0,39.0,0.42,C,1,0,18.0,v3_table,True,-15.0,-3.2,24.0,39,5,3,36,0.429,recurring_topdeck_autoplay,"At the start of your turn, play the top card of your Draw Pile."
MELANCHOLY,비애,Melancholy,necrobinder,Uncommon,E3,Skill,10.3,16.55,52.8,42.5,0.839,C,0,0,16.0,v3_table,True,-5.7,0.55,36.8,7,6,2,5,0.943,atomic_fixed|cost_reduction,Gain 13 Block. Reduce this card's cost by 1 Energy whenever ANYONE dies.
MEMENTO_MORI,메멘토 모리,Memento Mori,silent,Uncommon,E1,Attack,6.5,8.9,24.5,18.0,0.86,C,0,0,6.5,v3_table,True,0.0,2.4,18.0,14,23,12,11,0.874,additional_damage_scaling|atomic_fixed,Deal 9 damage. Deals 4 additional damage for each card discarded this turn.
METAMORPHOSIS,탈바꿈,Metamorphosis,event,Event,E2,Skill,5.5,7.5,10.5,5.0,0.452,C,2,0,,special_pool_raw_score,False,,,,15,10,9,6,0.769,generated_cards_free|keyword_exhaust|random_attacks_to_draw,Add 3 random Attacks into your Draw Pile. They're free to play this combat.
METEOR_SHOWER,유성우,Meteor Shower,regent,Ancient,E0+S2,Attack,15.76,15.76,15.76,0.0,0.777,B,1,0,,unsupported_rarity_raw_score,False,,,,4,6,23,19,0.782,atomic_fixed|cost_star_spend,Deal 14 damage to ALL enemies. Apply 2 Weak and Vulnerable to ALL enemies.
METEOR_STRIKE,유성 타격,Meteor Strike,defect,Rare,E5,Attack,33.0,33.0,33.0,0.0,0.822,B,0,0,33.0,direct_high_cost_anchor,True,0.0,0.0,0.0,1,1,7,6,0.931,atomic_fixed,Deal 24 damage. Channel 3 Plasma.
MIMIC,흉내내기,Mimic,colorless,Rare,E1,Skill,2.0,8.0,17.0,15.0,0.45,C,1,0,9.0,v3_table,True,-7.0,-1.0,8.0,47,21,16,31,0.508,equal_to_quantity|keyword_exhaust,Gain Block equal to the Block on another player.
MIND_BLAST,정신 공격,Mind Blast,colorless,Uncommon,E1,Attack,3.0,8.0,13.0,10.0,0.439,C,1,0,6.8,v3_table,True,-3.8,1.2,6.2,40,22,26,18,0.714,equal_to_quantity|keyword_innate,Deal damage equal to the number of cards in your Draw Pile.
MIND_ROT,정신 오염,Mind Rot,token,Status,E-1,Status,-12.5,-8.5,-2.5,10.0,0.42,C,1,0,,special_pool_raw_score,False,,,,12,12,12,0,1.0,recurring_draw_reduction,Draw 1 fewer card each turn.
MINION_DIVE_BOMB,하수인 투하,Minion Dive Bomb,token,Token,E0,Attack,5.5,5.5,5.5,0.0,0.963,A,0,0,,special_pool_raw_score,False,,,,2,2,2,0,1.0,atomic_fixed|keyword_exhaust,Deal 13 damage.
MINION_SACRIFICE,하수인 희생,Minion Sacrifice,token,Token,E0,Skill,3.8,3.8,3.8,0.0,0.952,A,0,0,,special_pool_raw_score,False,,,,5,5,5,0,1.0,atomic_fixed|keyword_exhaust,Gain 8 Block.
MINION_STRIKE,하수인 타격,Minion Strike,token,Token,E0,Attack,3.25,3.25,3.25,0.0,0.88,B,0,0,,special_pool_raw_score,False,,,,6,6,6,0,1.0,atomic_fixed|keyword_exhaust,Deal 6 damage. Draw 1 card.
MIRAGE,신기루,Mirage,silent,Uncommon,E1,Skill,2.0,8.0,17.0,15.0,0.45,C,1,0,6.5,v3_table,True,-4.5,1.5,10.5,65,29,22,43,0.506,equal_to_quantity|keyword_exhaust,Gain Block equal to Poison on ALL enemies.
MISERY,비참함,Misery,necrobinder,Rare,E0,Attack,5.5,10.5,19.5,14.0,0.613,C,1,0,6.5,v3_table,True,-1.0,4.0,13.0,34,18,25,16,0.816,atomic_fixed|spread_debuffs,Deal 7 damage. Apply any debuffs on the enemy to ALL other enemies.
MODDED,모드 적용,Modded,defect,Rare,E0,Skill,1.25,1.25,1.25,0.0,0.72,B,0,0,6.5,v3_table,True,-5.25,-5.25,-5.25,78,87,87,9,0.897,atomic_fixed|atomic_orb_slot|cost_increase,Gain 1 Orb Slot. Draw 1 card. Increase this card's cost by 1.
MOLTEN_FIST,녹아내리는 주먹,Molten Fist,ironclad,Common,E1,Attack,5.0,8.0,12.0,7.0,0.74,C,1,0,5.3,v3_table,True,-0.3,2.7,6.7,34,36,43,9,0.895,atomic_fixed|double_vulnerable|keyword_exhaust,Deal 10 damage. Double the enemy's Vulnerable.
MOMENTUM_STRIKE,추진 타격,Momentum Strike,defect,Common,E1,Attack,7.5,7.5,7.5,0.0,0.907,A,0,0,5.3,v3_table,True,2.2,2.2,2.2,18,38,56,38,0.563,atomic_fixed|cost_to_zero,Deal 10 damage. Reduce this card's cost to 0 Energy.
MONARCHS_GAZE,군주의 시선,Monarch's Gaze,regent,Rare,E2,Power,0.9,3.15,16.2,15.3,0.42,C,1,0,17.0,v3_table,True,-16.1,-13.85,-0.8,77,66,21,56,0.356,attack_trigger_temp_strength_loss,"Whenever you attack an enemy, it loses 1 Strength this turn."
MONOLOGUE,독백,Monologue,regent,Uncommon,E0,Skill,0.8,2.8,14.4,13.6,0.72,C,0,0,4.3,v3_table,True,-3.5,-1.5,10.1,78,74,26,52,0.402,atomic_temporary_stat+event_triggers,"Whenever you play a card this turn, gain 1 Strength this turn."
MULTI_CAST,다중 시전,Multi-Cast,defect,Rare,EX,Skill,0.75,5.0,24.0,23.25,0.42,C,1,0,17.0,x_as_2_energy,True,-16.25,-12.0,7.0,81,64,18,63,0.276,x_evoke,Evoke your rightmost Orb X times.
MURDER,살해,Murder,silent,Rare,E3,Attack,3.0,13.0,25.5,22.5,0.442,C,1,0,20.0,v3_table,True,-17.0,-7.0,5.5,51,2,9,49,0.437,atomic_fixed|damage_per_combat_draw,Deal 1 damage. Deals 1 additional damage for each card drawn this combat.
NECRO_MASTERY,강령의 극의,Necro Mastery,necrobinder,Rare,E2,Power,7.5,12.5,23.5,16.0,0.675,C,1,0,17.0,v3_table,True,-9.5,-4.5,6.5,14,13,15,2,0.977,atomic_fixed|osty_hp_mirror_damage,"Summon 5. Whenever Osty loses HP, ALL enemies lose that much HP as well."
NEGATIVE_PULSE,비관적인 맥박,Negative Pulse,necrobinder,Common,E1,Skill,5.457,5.457,5.457,0.0,1.0,A,0,0,5.3,v3_table,True,0.157,0.157,0.157,37,59,72,35,0.598,atomic_fixed,Gain 5 Block. Apply 7 Doom to ALL enemies.
NEOWS_FURY,니오우의 격분,Neow's Fury,event,Ancient,E1,Attack,9.0,9.0,9.0,0.0,0.847,B,0,0,,special_pool_raw_score,False,,,,5,6,13,8,0.692,atomic_fixed|keyword_exhaust|tutor_to_hand,Deal 10 damage. Put up to 2 cards from your Discard Pile into your Hand.
NEUROSURGE,정신 폭주,Neurosurge,necrobinder,Rare,E0,Power,-1.1,5.4,9.4,10.5,0.619,C,1,0,6.5,v3_table,True,-7.6,-1.1,2.9,83,60,48,35,0.598,atomic_fixed|recurring_self_doom,"Gain 3 Energy. Draw 2 cards. At the start of your turn, apply 3 Doom to yourself."
NEUTRALIZE,무력화,Neutralize,silent,Basic,E0,Attack,3.6,3.6,3.6,0.0,0.837,B,0,0,1.5,v3_table,True,2.1,2.1,2.1,45,76,80,35,0.598,atomic_fixed,Deal 3 damage. Apply 1 Weak.
NEUTRON_AEGIS,중성자 방패,Neutron Aegis,regent,Rare,E1+S5,Power,2.8,2.8,2.8,0.0,0.588,C,1,0,6.5,energy_table_star_cost_separated,True,-3.7,-3.7,-3.7,61,75,80,19,0.782,atomic_fixed|cost_star_spend,Gain 8 Plating.
NIGHTMARE,악몽,Nightmare,silent,Rare,E3,Skill,1.4,6.2,18.2,16.8,0.488,C,1,0,20.0,v3_table,True,-18.6,-13.8,-1.8,72,46,19,53,0.391,delayed_three_selected_copies|keyword_exhaust|selection_scope,"Choose a card. Next turn, add 3 copies of that card into your Hand."
NORMALITY,규칙 준수,Normality,curse,Curse,E-1,Curse,-6.0,-2.75,-0.75,5.25,0.556,C,1,0,,special_pool_raw_score,False,,,,11,11,11,0,1.0,keyword_unplayable|play_restriction,You cannot play more than 3 cards this turn.
NOSTALGIA,향수,Nostalgia,colorless,Rare,E1,Power,1.5,5.5,12.0,10.5,0.42,C,1,0,9.0,v3_table,True,-7.5,-3.5,3.0,51,42,30,21,0.667,first_card_recurring_topdeck,The first Attack or Skill you play each turn is placed on top of your Draw Pile.
NOT_YET,불굴,Not Yet,ironclad,Rare,E2,Skill,6.5,19.0,31.5,25.0,0.434,C,1,0,17.0,v3_table,True,-10.5,2.0,14.5,17,4,11,13,0.849,atomic_heal_meta|keyword_exhaust,Heal 10 HP.
NOXIOUS_FUMES,유독 가스,Noxious Fumes,silent,Uncommon,E1,Power,3.9,9.62,15.6,11.7,0.42,C,1,0,6.5,v3_table,True,-2.6,3.12,9.1,43,16,26,27,0.69,atomic_fixed+recurring_turns,"At the start of your turn, apply 2 Poison to ALL enemies."
NO_ESCAPE,도망칠 수 없다,No Escape,necrobinder,Uncommon,E1,Skill,2.7,5.4,9.45,6.75,0.42,C,1,0,6.5,v3_table,True,-3.8,-1.1,2.95,62,61,47,15,0.828,doom_threshold_scaling,"Apply 10 Doom, plus an additional 5 Doom for every 10 Doom already on this enemy."
NULL,Null,Null,defect,Uncommon,E2,Attack,13.6,13.6,13.6,0.0,0.823,B,0,0,11.0,v3_table,True,2.6,2.6,2.6,4,9,40,36,0.586,atomic_fixed,Deal 10 damage. Apply 2 Weak. Channel 1 Dark.
OBLIVION,망각,Oblivion,necrobinder,Rare,E0,Skill,0.0,2.43,5.67,5.67,0.42,C,1,0,6.5,v3_table,True,-6.5,-4.07,-0.83,81,83,67,16,0.816,card_play_doom_turn,"Whenever you play a card this turn, apply 3 Doom to the enemy."
OFFERING,제물,Offering,ironclad,Rare,E0,Skill,6.25,6.25,6.25,0.0,0.782,B,0,0,6.5,v3_table,True,-0.25,-0.25,-0.25,21,53,65,44,0.488,atomic_fixed|keyword_exhaust,Lose 6 HP. Gain 2 Energy. Draw 3 cards.
OMNISLICE,만물 절단,Omnislice,colorless,Uncommon,E0,Attack,7.2,7.2,7.2,0.0,0.876,B,0,0,4.25,v3_table,True,2.95,2.95,2.95,12,27,42,30,0.524,atomic_fixed|splash_damage_copy,Deal 8 damage. Damage ALL other enemies equal to the damage dealt.
ONE_TWO_PUNCH,원투 펀치,One-Two Punch,ironclad,Rare,E1,Skill,2.0,5.0,10.0,8.0,0.42,C,1,0,6.5,v3_table,True,-4.5,-1.5,3.5,71,67,49,22,0.744,next_card_replay,"This turn, your next Attack is played an extra time."
ORBIT,궤도,Orbit,regent,Uncommon,E2,Power,0.0,4.5,10.0,10.0,0.42,C,1,0,11.0,v3_table,True,-11.0,-6.5,-1.0,79,58,38,41,0.529,atomic_fixed+threshold_triggers,"Every 4 Energy you spend, gain 1 Energy."
OUTBREAK,발병,Outbreak,silent,Uncommon,E1,Power,0.0,12.87,28.6,28.6,0.72,C,0,0,6.5,v3_table,True,-6.5,6.37,22.1,84,4,6,80,0.08,atomic_fixed+threshold_triggers,"Every 3 times you apply Poison, deal 11 damage to ALL enemies."
OUTMANEUVER,압도,Outmaneuver,event,Event,E1,Skill,4.0,4.0,4.0,0.0,0.72,B,0,0,,special_pool_raw_score,False,,,,19,24,26,7,0.731,atomic_fixed+delay_next_turn,"Next turn, gain 2 Energy."
OVERCLOCK,오버클럭,Overclock,defect,Uncommon,E0,Skill,1.9,1.9,1.9,0.0,0.806,B,0,0,4.3,v3_table,True,-2.4,-2.4,-2.4,70,86,86,16,0.816,atomic_fixed,Draw 2 cards. Add a Burn into your Discard Pile.
PACTS_END,조약의 끝,Pact's End,ironclad,Rare,E0,Attack,0.0,7.735,11.05,11.05,0.72,C,0,0,6.5,v3_table,True,-6.5,1.235,4.55,84,38,47,46,0.465,atomic_fixed+condition_probability,"If you have 3 or more cards in your Exhaust Pile, deal 17 damage to ALL enemies."
PAGESTORM,서류 폭풍,Pagestorm,necrobinder,Uncommon,E1,Power,1.25,4.375,22.5,21.25,0.42,C,1,0,6.5,v3_table,True,-5.25,-2.125,16.0,76,71,17,59,0.322,atomic_fixed+event_triggers,"Whenever you draw an Ethereal card, draw 1 card."
PALE_BLUE_DOT,창백한 푸른 점,Pale Blue Dot,regent,Uncommon,E1,Power,0.0,2.5,6.25,6.25,0.42,C,1,0,6.5,v3_table,True,-6.5,-4.0,-0.25,80,79,53,27,0.69,threshold_delayed_draw_recurring,"If you play 5 or more cards in a turn, draw 1 card at the start of your next turn."
PANACHE,위풍당당,Panache,colorless,Uncommon,E0,Power,0.0,11.7,26.0,26.0,0.72,C,0,0,4.25,v3_table,True,-4.25,7.45,21.75,60,9,6,54,0.143,atomic_fixed+threshold_triggers,"Every time you play 5 cards in a single turn, deal 10 damage to ALL enemies."
PANIC_BUTTON,비상 단추,Panic Button,colorless,Uncommon,E0,Skill,2.0,9.0,14.0,12.0,0.818,C,1,0,4.25,v3_table,True,-2.25,4.75,9.75,48,16,23,32,0.492,atomic_fixed|keyword_exhaust|two_turn_block_lock,Gain 30 Block. You cannot gain Block from cards for 2 turns.
PARRY,쳐내기,Parry,regent,Uncommon,E1,Power,6.0,6.0,6.0,0.0,0.72,B,0,0,6.5,v3_table,True,-0.5,-0.5,-0.5,22,39,54,32,0.632,blade_gain_block,Sovereign Blade now gains 10 Block.
PARSE,분석,Parse,necrobinder,Uncommon,E1,Skill,4.55,4.55,4.55,0.0,0.72,B,0,0,6.5,v3_table,True,-1.95,-1.95,-1.95,45,68,76,31,0.644,atomic_fixed|keyword_ethereal,Draw 3 cards.
PARTICLE_WALL,입자 벽,Particle Wall,regent,Uncommon,E0+S2,Skill,2.4,3.9,6.4,4.0,0.683,C,2,0,4.3,energy_table_star_cost_separated,True,-1.9,-0.4,2.1,65,63,51,14,0.839,atomic_fixed|cost_star_spend|self_return_hand,Gain 9 Block. Return this card to your Hand.
PATTER,별무리,Patter,regent,Common,E1,Skill,5.8,5.8,5.8,0.0,0.952,A,0,0,5.3,v3_table,True,0.5,0.5,0.5,27,43,58,31,0.644,atomic_fixed,Gain 8 Block. Gain 2 Vigor.
PECK,쪼기,Peck,event,Event,E1,Attack,3.0,3.5,4.5,1.5,0.96,B,0,0,,special_pool_raw_score,False,,,,20,25,24,5,0.808,atomic_fixed|multi_hit_strength_synergy,Deal 2 damage 3 times.
PERFECTED_STRIKE,완벽한 타격,Perfected Strike,ironclad,Common,E2,Attack,5.0,8.0,13.0,8.0,0.637,C,1,0,9.0,v3_table,True,-4.0,-1.0,4.0,35,37,37,2,0.977,atomic_fixed|damage_per_strike_card,Deal 6 damage. Deals 2 additional damage for ALL your cards containing “Strike”.
PHANTOM_BLADES,환영검,Phantom Blades,silent,Uncommon,E1,Power,0.5,11.0,26.5,26.0,0.42,C,2,0,6.5,v3_table,True,-6.0,4.5,20.0,78,11,7,71,0.184,first_shiv_bonus_each_turn|shiv_retain_aura,Shivs gain Retain. The first Shiv you play each turn deals 9 additional damage.
PHOTON_CUT,광자 베기,Photon Cut,regent,Common,E1,Attack,5.75,5.75,5.75,0.0,0.927,A,0,0,5.3,v3_table,True,0.45,0.45,0.45,28,45,59,31,0.644,atomic_fixed|atomic_hand_to_topdeck,Deal 10 damage. Draw 1 card. Put 1 card from your Hand on top of your Draw Pile.
PIERCING_WAIL,귀를 찢는 비명,Piercing Wail,silent,Common,E1,Skill,6.02,6.02,6.02,0.0,0.72,B,0,0,5.3,v3_table,True,0.72,0.72,0.72,17,49,64,47,0.46,atomic_enemy_strength_loss_turn|keyword_exhaust,ALL enemies lose 6 Strength this turn.
PILLAGE,갈취,Pillage,ironclad,Uncommon,E1,Attack,4.25,6.4,12.85,8.6,0.692,C,1,0,6.5,v3_table,True,-2.25,-0.1,6.35,49,48,39,10,0.884,atomic_fixed|draw_until_non_attack,Deal 6 damage. Draw cards until you draw a non-Attack card.
PILLAR_OF_CREATION,창조의 기둥,Pillar of Creation,regent,Uncommon,E1,Power,1.8,6.3,32.4,30.6,0.72,C,0,0,6.5,v3_table,True,-4.7,-0.2,25.9,75,36,5,70,0.195,atomic_fixed+event_triggers,"Whenever you create a card, gain 3 Block."
PINPOINT,정밀 사격,Pinpoint,silent,Uncommon,E3,Attack,10.0,13.0,15.0,5.0,0.882,B,0,0,16.0,v3_table,True,-6.0,-3.0,-1.0,5,3,29,26,0.701,atomic_fixed|cost_reduction_scaling_capped,Deal 15 damage. Costs 1 less Energy for each Skill played this turn.
POISONED_STAB,독 찌르기,Poisoned Stab,silent,Common,E1,Attack,6.0,6.0,6.0,0.0,1.0,A,0,0,5.3,v3_table,True,0.7,0.7,0.7,19,52,66,47,0.46,atomic_fixed,Deal 6 damage. Apply 3 Poison.
POKE,쑤시기,Poke,necrobinder,Common,E0,Attack,2.7,2.7,2.7,0.0,1.0,A,0,0,2.7,v3_table,True,0.0,0.0,0.0,63,82,85,22,0.747,atomic_osty_damage,Osty deals 6 damage.
POMMEL_STRIKE,폼멜 타격,Pommel Strike,ironclad,Common,E1,Attack,5.75,5.75,5.75,0.0,0.939,A,0,0,5.3,v3_table,True,0.45,0.45,0.45,26,60,69,43,0.5,atomic_fixed,Deal 9 damage. Draw 1 card.
POOR_SLEEP,수면 부족,Poor Sleep,curse,Curse,E-1,Curse,-1.5,-0.75,-0.25,1.25,0.72,B,0,0,,special_pool_raw_score,False,,,,5,5,5,0,1.0,keyword_retain|keyword_unplayable,
POUNCE,덮치기,Pounce,silent,Uncommon,E2,Attack,9.5,9.5,9.5,0.0,0.926,A,0,0,11.0,v3_table,True,-1.5,-1.5,-1.5,6,18,49,43,0.506,atomic_fixed|next_card_free,Deal 14 damage. The next Skill you play costs 0 Energy.
PRECISE_CUT,정밀한 베기,Precise Cut,silent,Uncommon,E0,Attack,-3.5,4.3,5.5,9.0,0.928,C,0,0,4.3,v3_table,True,-7.8,0.0,1.2,88,73,70,18,0.793,atomic_fixed|damage_reduction_scaling,Deal 13 damage. Deals 2 less damage for each other card in your Hand.
PREDATOR,천적,Predator,silent,Common,E2,Attack,10.22,10.22,10.22,0.0,0.925,A,0,0,9.0,v3_table,True,1.22,1.22,1.22,4,13,46,42,0.517,atomic_fixed|atomic_fixed+delay_next_turn,"Deal 15 damage. Next turn, draw 2 cards."
PREPARED,예비,Prepared,silent,Common,E0,Skill,1.5,1.5,1.5,0.0,0.8,B,0,0,2.7,v3_table,True,-1.2,-1.2,-1.2,71,88,88,17,0.805,atomic_fixed,Draw 1 card. Discard 1 card.
PREP_TIME,준비 시간,Prep Time,colorless,Uncommon,E1,Power,3.0,7.4,12.0,9.0,0.42,C,1,0,6.8,v3_table,True,-3.8,0.6,5.2,41,25,31,16,0.746,atomic_fixed+recurring_turns,"At the start of your turn, gain 4 Vigor."
PRIMAL_FORCE,원시의 힘,Primal Force,ironclad,Rare,E0,Skill,2.0,6.0,12.0,10.0,0.42,C,1,0,6.5,v3_table,True,-4.5,-0.5,5.5,72,58,44,28,0.674,bulk_transform,Transform all Attacks in your Hand into Giant Rock.
PRODUCTION,생산,Production,colorless,Uncommon,E0,Skill,4.0,4.0,4.0,0.0,0.72,B,0,0,4.25,v3_table,True,-0.25,-0.25,-0.25,30,51,53,23,0.635,atomic_fixed|keyword_exhaust,Gain 2 Energy.
PROLONG,연장,Prolong,colorless,Uncommon,E0,Skill,0.44,2.84,6.2,5.76,0.482,C,1,0,4.25,v3_table,True,-3.81,-1.41,1.95,56,58,50,8,0.873,delay_next_turn+equal_to_quantity|keyword_exhaust,"Next turn, gain Block equal to your current Block."
PROPHESIZE,예언,Prophesize,regent,Uncommon,E2,Skill,12.0,12.0,12.0,0.0,0.72,B,0,0,11.0,v3_table,True,1.0,1.0,1.0,7,10,31,24,0.724,atomic_fixed,Draw 6 cards.
PROTECTOR,파수꾼,Protector,necrobinder,Ancient,E1,Attack,6.5,10.5,19.5,13.0,0.669,C,1,0,,unsupported_rarity_raw_score,False,,,,20,19,26,7,0.92,additional_damage_equal|atomic_osty_damage,Osty deals 10 damage. Deals additional damage equal to Osty's Max HP.
PROWESS,기량,Prowess,colorless,Uncommon,E1,Power,6.5,6.5,6.5,0.0,1.0,A,0,0,6.8,v3_table,True,-0.3,-0.3,-0.3,19,36,49,30,0.524,atomic_fixed,Gain 1 Strength. Gain 1 Dexterity.
PULL_AGGRO,시선 유도,Pull Aggro,necrobinder,Common,E2,Skill,8.6,8.6,8.6,0.0,1.0,A,0,0,9.0,v3_table,True,-0.4,-0.4,-0.4,13,34,52,39,0.552,atomic_fixed,Summon 4. Gain 7 Block.
PULL_FROM_BELOW,끌어내리기,Pull from Below,necrobinder,Uncommon,E1,Attack,2.5,5.5,25.0,22.5,0.72,C,0,0,6.5,v3_table,True,-4.0,-1.0,18.5,65,57,13,52,0.402,atomic_fixed+scaling_count,Deal 5 damage for each Ethereal card played this combat.
PURITY,순수,Purity,colorless,Uncommon,E0,Skill,2.5,2.5,2.5,0.0,0.72,B,0,0,4.25,v3_table,True,-1.75,-1.75,-1.75,42,59,61,19,0.698,keyword_exhaust|keyword_retain|selected_exhaust_three,Exhaust up to 3 cards in your Hand.
PUTREFY,부식,Putrefy,necrobinder,Uncommon,E1,Skill,7.2,7.2,7.2,0.0,0.72,B,0,0,6.5,v3_table,True,0.7,0.7,0.7,17,42,56,39,0.552,atomic_fixed|keyword_exhaust,Apply 2 Weak. Apply 2 Vulnerable.
PYRE,불의 심장,Pyre,ironclad,Rare,E2,Power,5.0,17.0,25.0,20.0,0.42,C,1,0,17.0,v3_table,True,-12.0,0.0,8.0,36,7,21,29,0.663,atomic_fixed+recurring_resource_turns,Gain 1 Energy at the start of each turn.
QUADCAST,사중 시전,Quadcast,defect,Ancient,E1,Skill,3.0,10.0,24.0,21.0,0.42,C,1,0,,unsupported_rarity_raw_score,False,,,,56,26,19,37,0.575,multi_evoke,Evoke your rightmost Orb 4 times.
QUASAR,준항성,Quasar,regent,Uncommon,E0+S2,Skill,-1.0,0.0,1.5,2.5,0.42,C,2,0,4.3,energy_table_star_cost_separated,True,-5.3,-4.3,-2.8,83,85,86,3,0.966,cost_star_spend|discover_restricted_card,Choose 1 of 3 random Colorless cards to add into your Hand.
RADIATE,방출,Radiate,regent,Uncommon,E0,Attack,1.95,4.29,19.5,17.55,0.42,C,1,0,4.3,v3_table,True,-2.35,-0.01,15.2,72,60,17,55,0.368,atomic_fixed+scaling_count,Deal 3 damage to ALL enemies for each 1 Stars gained this turn.
RAGE,격노,Rage,ironclad,Uncommon,E0,Skill,1.8,6.3,32.4,30.6,0.72,C,0,0,4.3,v3_table,True,-2.5,2.0,28.1,74,52,9,65,0.244,atomic_fixed+event_triggers,"Whenever you play an Attack this turn, gain 3 Block."
RAINBOW,무지개,Rainbow,defect,Rare,E2,Skill,8.8,13.8,17.0,8.2,0.625,C,1,0,17.0,v3_table,True,-8.2,-3.2,0.0,13,8,31,23,0.736,atomic_fixed|keyword_exhaust|orb_diversity_bundle,Channel 1 Lightning. Channel 1 Frost. Channel 1 Dark.
RALLY,단결,Rally,colorless,Rare,E2,Skill,7.2,10.8,18.0,10.8,0.72,C,0,0,18.0,v3_table,True,-10.8,-7.2,0.0,13,12,13,1,0.984,all_players+atomic_fixed,ALL players gain 12 Block.
RAMPAGE,광란,Rampage,ironclad,Uncommon,E1,Attack,4.5,7.0,12.0,7.5,0.793,C,1,0,6.5,v3_table,True,-2.0,0.5,5.5,45,43,45,2,0.977,atomic_fixed|self_damage_growth_combat,Deal 9 damage. Increase this card's damage by 5 this combat.
RATTLE,덜그럭대기,Rattle,necrobinder,Uncommon,E1,Attack,3.15,6.3,15.75,12.6,0.71,C,1,0,6.5,v3_table,True,-3.35,-0.2,9.25,57,46,36,21,0.759,atomic_osty_damage|osty_extra_hits,Osty deals 7 damage. Hits an additional time for each other time he has attacked this turn.
REANIMATE,소생,Reanimate,necrobinder,Rare,E3,Skill,21.0,21.0,21.0,0.0,0.988,A,0,0,20.0,v3_table,True,1.0,1.0,1.0,3,3,22,19,0.782,atomic_fixed|keyword_exhaust,Summon 20.
REAP,수확,Reap,necrobinder,Common,E3,Attack,14.0,14.0,14.0,0.0,0.99,A,0,0,13.5,v3_table,True,0.5,0.5,0.5,4,9,40,36,0.586,atomic_fixed|keyword_retain,Deal 27 damage.
REAPER_FORM,사신의 형상,Reaper Form,necrobinder,Rare,E3,Power,2.7,9.45,21.6,18.9,0.42,C,1,0,20.0,v3_table,True,-17.3,-10.55,1.6,64,25,19,45,0.483,attack_damage_to_doom,"Whenever Attacks deal damage, apply that much Doom."
REAVE,강탈,Reave,necrobinder,Common,E1,Attack,5.5,5.5,5.5,0.0,0.949,A,0,0,5.3,v3_table,True,0.2,0.2,0.2,35,58,71,36,0.586,atomic_fixed,Deal 9 damage. Add a Soul into your Draw Pile.
REBOOT,다시 시작,Reboot,defect,Rare,E0,Skill,7.2,8.2,9.7,2.5,0.676,C,1,0,6.5,v3_table,True,0.7,1.7,3.2,19,34,47,28,0.678,atomic_fixed|keyword_exhaust|shuffle_all_piles,Shuffle ALL your cards into your Draw Pile. Draw 4 cards.
REBOUND,되돌리기,Rebound,event,Event,E1,Attack,6.0,6.0,6.0,0.0,0.93,A,0,0,,special_pool_raw_score,False,,,,13,17,21,8,0.692,atomic_fixed|next_card_topdeck,Deal 9 damage. Put the next card you play this turn on top of your Draw Pile.
REFINE_BLADE,검날 개선,Refine Blade,regent,Common,E1,Skill,4.97,4.97,4.97,0.0,0.72,B,0,0,5.3,v3_table,True,-0.33,-0.33,-0.33,40,57,69,29,0.667,atomic_fixed|atomic_fixed+delay_next_turn,"Forge 9. Next turn, gain 1 Energy."
REFLECT,반사,Reflect,regent,Uncommon,E1+S3,Skill,5.5,9.0,10.5,5.0,0.669,C,2,0,6.5,energy_table_star_cost_separated,True,-1.0,2.5,4.0,30,22,36,14,0.839,atomic_fixed|cost_star_spend|reflect_blocked_damage,Gain 15 Block. Blocked attack damage is reflected to your attacker this turn.
REFLEX,반사신경,Reflex,silent,Uncommon,E3,Skill,3.4,7.8,11.4,8.0,0.551,C,1,0,16.0,v3_table,False,,,,47,32,41,15,0.828,atomic_fixed|keyword_sly,Draw 2 cards.
REFRACT,굴절,Refract,defect,Uncommon,E3,Attack,16.0,16.25,16.75,0.75,0.864,B,1,0,16.0,v3_table,True,0.0,0.25,0.75,3,6,32,29,0.667,atomic_fixed|multi_hit_strength_synergy,Deal 9 damage twice. Channel 2 Glass.
REGRET,후회,Regret,curse,Curse,E-1,Curse,-35.0,-4.384,-0.75,34.25,0.72,C,0,0,,special_pool_raw_score,False,,,,17,15,12,5,0.706,atomic_fixed+condition_probability+recurring_turns+scaling_count|keyword_unplayable,"At the end of your turn, if this is in your Hand, lose 1 HP for each card in your Hand."
RELAX,안식,Relax,event,Ancient,E3,Skill,14.72,14.72,14.72,0.0,0.871,B,0,0,,special_pool_raw_score,False,,,,2,3,6,4,0.846,atomic_fixed|atomic_fixed+delay_next_turn|keyword_exhaust,"Gain 15 Block. Next turn, draw 2 cards and gain 2 Energy."
REND,쥐어뜯기,Rend,colorless,Rare,E2,Attack,10.0,17.5,25.0,15.0,0.669,C,1,0,18.0,v3_table,True,-8.0,-0.5,7.0,6,3,7,4,0.937,atomic_fixed|damage_per_unique_debuff,Deal 15 damage. Deals 5 additional damage for each unique debuff on the enemy.
RESONANCE,공진,Resonance,regent,Uncommon,E1+S3,Skill,-0.15,-0.15,-0.15,0.0,0.645,C,1,0,6.5,energy_table_star_cost_separated,True,-6.65,-6.65,-6.65,81,86,87,6,0.931,atomic_enemy_strength_loss|atomic_fixed|cost_star_spend,Gain 1 Strength. ALL enemies lose 1 Strength.
RESTLESSNESS,초조함,Restlessness,colorless,Uncommon,E0,Skill,0.5,6.38,8.9,8.4,0.444,C,1,0,4.25,v3_table,True,-3.75,2.13,4.65,55,38,36,19,0.698,atomic_fixed+condition_probability|keyword_retain,"If your Hand is empty, draw 2 cards and gain 2 Energy."
RICOCHET,도탄,Ricochet,silent,Common,E2,Attack,5.4,9.175,13.15,7.75,0.445,C,2,0,9.0,v3_table,False,,,,22,20,34,14,0.839,atomic_random_target_damage|keyword_sly|multi_hit_strength_synergy,Deal 3 damage to a random enemy 4 times.
RIGHT_HAND_HAND,진정한 오른팔,Right Hand Hand,necrobinder,Uncommon,E0,Attack,1.8,3.6,7.2,5.4,0.71,C,1,0,4.3,v3_table,True,-2.5,-0.7,2.9,71,76,57,19,0.782,atomic_osty_damage|self_return_on_expensive_card,"Osty deals 4 damage. Whenever you play a card that costs 2 Energy or more, return this to your Hand from the Discard Pile."
RIP_AND_TEAR,날뛰기,Rip and Tear,event,Event,E1,Attack,6.3,6.55,7.05,0.75,0.72,B,0,0,,special_pool_raw_score,False,,,,11,15,16,5,0.808,multi_hit_strength_synergy|random_damage_twice,Deal 7 damage to a random enemy twice.
ROCKET_PUNCH,로켓 펀치,Rocket Punch,defect,Uncommon,E2,Attack,12.75,12.75,12.75,0.0,0.863,B,0,0,11.0,v3_table,True,1.75,1.75,1.75,5,12,41,36,0.586,atomic_fixed|cost_to_zero,"Deal 13 damage. Draw 1 card. Whenever you create a Status, reduce this card's cost to 0 Energy until played."
ROLLING_BOULDER,굴러가는 바위,Rolling Boulder,colorless,Rare,E3,Power,6.094,28.259,68.25,62.156,0.42,C,1,0,14.5,v3_table,True,-8.406,13.759,53.75,20,1,1,19,0.698,recurring_growing_aoe,"At the start of your turn, deal 5 damage to ALL enemies and increase this damage by 5."
ROYALTIES,로열티,Royalties,regent,Rare,E1,Power,3.0,3.0,3.0,0.0,0.72,B,0,0,6.5,v3_table,True,-3.5,-3.5,-3.5,55,70,76,21,0.759,meta_gold,"At the end of combat, gain 30 Gold."
ROYAL_GAMBLE,성대한 도박,Royal Gamble,regent,Uncommon,E0+S5,Skill,2.5,2.5,2.5,0.0,0.432,C,2,0,4.3,energy_table_star_cost_separated,True,-1.8,-1.8,-1.8,63,80,83,20,0.77,atomic_fixed|cost_star_spend|keyword_exhaust,Gain 9 Stars.
RUPTURE,파열,Rupture,ironclad,Uncommon,E1,Power,3.25,11.375,58.5,55.25,0.72,C,0,0,6.5,v3_table,True,-3.25,4.875,52.0,55,20,3,52,0.395,atomic_fixed+event_triggers,"Whenever you lose HP on your turn, gain 1 Strength."
SACRIFICE,희생,Sacrifice,necrobinder,Rare,E1,Skill,-4.5,7.5,18.5,23.0,0.44,C,1,0,6.5,v3_table,True,-11.0,1.0,12.0,87,40,29,58,0.333,keyword_retain|sacrifice_osty_for_block,"If Osty is alive, he dies and you gain Block equal to double his Max HP."
SALVO,집중 포화,Salvo,colorless,Rare,E1,Attack,8.0,8.0,8.0,0.0,1.0,A,0,0,9.0,v3_table,True,-1.0,-1.0,-1.0,8,23,37,29,0.54,atomic_fixed|atomic_retain_hand,Deal 12 damage. Retain your Hand this turn.
SCARE,위협,Scare,silent,Uncommon,E0,Skill,1.73,1.73,1.73,0.0,0.72,B,0,0,4.3,v3_table,True,-2.57,-2.57,-2.57,68,86,86,18,0.793,atomic_fixed|keyword_exhaust,Apply 1 Weak to ALL enemies.
SCAVENGE,포집,Scavenge,defect,Uncommon,E1,Skill,5.0,5.0,5.0,0.0,0.776,B,0,0,6.5,v3_table,True,-1.5,-1.5,-1.5,39,65,73,34,0.609,atomic_fixed+delay_next_turn|atomic_selected_exhaust,"Exhaust a card. Next turn, gain 2 Energy."
SCOURGE,징벌,Scourge,necrobinder,Common,E1,Skill,4.76,4.76,4.76,0.0,0.926,A,0,0,5.3,v3_table,True,-0.54,-0.54,-0.54,40,64,73,33,0.621,atomic_fixed,Apply 13 Doom. Draw 1 card.
SCRAPE,긁어내기,Scrape,defect,Uncommon,E1,Attack,3.5,5.825,9.05,5.55,0.682,C,1,0,6.5,v3_table,True,-3.0,-0.675,2.55,47,50,49,3,0.966,atomic_fixed|discard_scrape_misses,Deal 7 damage. Draw 4 cards. Discard all cards drawn this way that do not cost 0 Energy.
SCRAWL,휘갈김,Scrawl,colorless,Rare,E1,Skill,0.25,6.7,17.45,17.2,0.454,C,1,0,9.0,v3_table,True,-8.75,-2.3,8.45,57,33,15,42,0.333,draw_to_full|keyword_exhaust,Draw cards until your Hand is full.
SCULPTING_STRIKE,조각 타격,Sculpting Strike,necrobinder,Common,E1,Attack,3.5,3.5,3.5,0.0,1.0,A,0,0,5.3,v3_table,True,-1.8,-1.8,-1.8,53,79,81,28,0.678,atomic_fixed|atomic_grant_ethereal,Deal 9 damage. Add Ethereal to a card in your Hand.
SEANCE,강령회,Seance,necrobinder,Rare,E1,Skill,1.4,1.4,1.4,0.0,0.72,B,0,0,6.5,v3_table,True,-5.1,-5.1,-5.1,74,86,88,14,0.839,keyword_ethereal|transform_to_soul,Transform a card in your Draw Pile into Soul.
SECOND_WIND,기사회생,Second Wind,ironclad,Uncommon,E1,Skill,0.0,6.1,33.0,33.0,0.665,C,1,0,6.5,v3_table,True,-6.5,-0.4,26.5,85,55,7,78,0.093,atomic_fixed+scaling_count|exhaust_non_attacks,Exhaust all non-Attack cards in your Hand. Gain 5 Block for each card Exhausted.
SECRET_TECHNIQUE,비밀 기술,Secret Technique,colorless,Rare,E0,Skill,1.5,1.5,1.5,0.0,0.72,B,0,0,5.0,v3_table,True,-3.5,-3.5,-3.5,52,63,63,11,0.825,keyword_exhaust|tutor_to_hand,Put a Skill from your Draw Pile into your Hand.
SECRET_WEAPON,비밀 병기,Secret Weapon,colorless,Rare,E0,Skill,1.5,1.5,1.5,0.0,0.72,B,0,0,5.0,v3_table,True,-3.5,-3.5,-3.5,53,64,64,11,0.825,keyword_exhaust|tutor_to_hand,Put an Attack from your Draw Pile into your Hand.
SEEKER_STRIKE,탐색 타격,Seeker Strike,colorless,Uncommon,E1,Attack,7.0,7.0,7.0,0.0,0.9,A,0,0,6.8,v3_table,True,0.2,0.2,0.2,15,30,44,29,0.54,atomic_fixed|partial_tutor_draw_to_hand,Deal 9 damage. Choose 1 of 3 cards in your Draw Pile to add into your Hand.
SEEKING_EDGE,날 세우기,Seeking Edge,regent,Rare,E1,Power,3.81,5.31,8.31,4.5,0.551,C,1,0,6.5,v3_table,True,-2.69,-1.19,1.81,46,48,47,2,0.977,atomic_fixed|blade_gain_aoe,Forge 7. Sovereign Blade now deals damage to ALL enemies.
SENTRY_MODE,경계 태세,Sentry Mode,necrobinder,Rare,E2,Power,3.5,16.65,27.0,23.5,0.42,C,1,0,17.0,v3_table,True,-13.5,-0.35,10.0,54,5,10,49,0.437,recurring_sweeping_gaze,"At the start of your turn, add 1 Sweeping Gaze into your Hand."
SERPENT_FORM,구렁이의 형상,Serpent Form,silent,Rare,E3,Power,1.8,12.6,36.0,34.2,0.42,C,1,0,20.0,v3_table,True,-18.2,-7.4,16.0,66,5,3,63,0.276,card_play_trigger_damage,"Whenever you play a card, deal 4 damage to a random enemy."
SETUP_STRIKE,사전 타격,Setup Strike,ironclad,Common,E1,Attack,5.1,5.1,5.1,0.0,1.0,A,0,0,5.3,v3_table,True,-0.2,-0.2,-0.2,31,65,77,46,0.465,atomic_fixed|atomic_temporary_stat,Deal 7 damage. Gain 2 Strength this turn.
SEVEN_STARS,일곱 개의 별,Seven Stars,regent,Rare,E2+S7,Attack,17.85,19.35,22.35,4.5,0.82,B,1,0,17.0,energy_table_star_cost_separated,True,0.85,2.35,5.35,2,4,12,10,0.885,atomic_fixed|cost_star_spend|multi_hit_strength_synergy,Deal 7 damage to ALL enemies 7 times.
SEVERANCE,분리,Severance,necrobinder,Uncommon,E2,Attack,9.5,9.5,9.5,0.0,0.912,A,0,0,11.0,v3_table,True,-1.5,-1.5,-1.5,10,24,46,36,0.586,atomic_fixed|atomic_three_souls,"Deal 13 damage. Add a Soul into your Draw Pile, Hand, and Discard Pile."
SHADOWMELD,그림자 은신,Shadowmeld,silent,Rare,E1,Skill,1.8,6.0,15.0,13.2,0.42,C,1,0,6.5,v3_table,True,-4.7,-0.5,8.5,67,53,30,37,0.575,double_block_gain_turn,Double your Block gain this turn.
SHADOW_SHIELD,그림자 방패,Shadow Shield,defect,Uncommon,E2,Skill,11.0,11.0,11.0,0.0,0.888,B,0,0,11.0,v3_table,True,0.0,0.0,0.0,7,20,44,37,0.575,atomic_fixed,Gain 11 Block. Channel 1 Dark.
SHADOW_STEP,그림자 걸음,Shadow Step,silent,Rare,E1,Skill,-0.5,4.0,14.0,14.5,0.495,C,1,0,6.5,v3_table,True,-7.0,-2.5,7.5,85,75,31,54,0.379,atomic_discard_hand|double_damage_window,"Discard your Hand. Next turn, Attacks deal double damage."
SHAME,수치,Shame,curse,Curse,E-1,Curse,-11.0,-5.135,-0.75,10.25,0.72,C,0,0,,special_pool_raw_score,False,,,,16,17,13,4,0.765,atomic_self_debuff+condition_probability+recurring_turns|keyword_unplayable,"At the end of your turn, if this is in your Hand, gain 1 Frail."
SHARED_FATE,운명 공유,Shared Fate,necrobinder,Rare,E0,Skill,-3.5,-0.25,3.0,6.5,0.602,C,1,0,6.5,v3_table,True,-10.0,-6.75,-3.5,86,87,83,4,0.954,atomic_lose_strength_conditional_stock|enemy_strength_loss|keyword_exhaust,Lose 2 Strength. Enemy loses 2 Strength.
SHATTER,산산조각,Shatter,defect,Rare,E1,Attack,4.55,12.55,40.55,36.0,0.615,C,1,0,6.5,v3_table,True,-1.95,6.05,34.05,41,13,4,37,0.575,atomic_fixed|evoke_all_twice,Deal 7 damage to ALL enemies. Evoke all of your Orbs twice.
SHINING_STRIKE,빛나는 타격,Shining Strike,regent,Uncommon,E1,Attack,6.5,7.5,9.0,2.5,0.724,B,2,0,6.5,v3_table,True,0.0,1.0,2.5,19,29,44,25,0.713,atomic_fixed|self_topdeck,Deal 8 damage. Gain 2 Stars. Put this card on top of your Draw Pile.
SHIV,단도,Shiv,token,Token,E0,Attack,1.0,1.0,1.0,0.0,0.907,A,0,0,,special_pool_raw_score,False,,,,10,10,10,0,1.0,atomic_fixed|keyword_exhaust,Deal 4 damage.
SHOCKWAVE,충격파,Shockwave,colorless,Uncommon,E2,Skill,14.99,14.99,14.99,0.0,0.72,B,0,0,12.0,v3_table,True,2.99,2.99,2.99,2,4,20,18,0.714,atomic_fixed|keyword_exhaust,Apply 3 Weak and Vulnerable to ALL enemies.
SHROUD,수의,Shroud,necrobinder,Uncommon,E1,Power,1.2,4.2,21.6,20.4,0.72,C,0,0,6.5,v3_table,True,-5.3,-2.3,15.1,77,73,20,57,0.345,atomic_fixed+event_triggers,"Whenever you apply Doom, gain 2 Block."
SHRUG_IT_OFF,흘려보내기,Shrug It Off,ironclad,Common,E1,Skill,6.05,6.05,6.05,0.0,0.942,A,0,0,5.3,v3_table,True,0.75,0.75,0.75,23,56,67,44,0.488,atomic_fixed,Gain 8 Block. Draw 1 card.
SIC_EM,덮쳐!,Sic 'Em,necrobinder,Uncommon,E1,Attack,5.55,13.8,61.65,56.1,0.759,C,0,0,6.5,v3_table,True,-0.95,7.3,55.15,31,10,1,30,0.655,atomic_fixed+event_triggers|atomic_osty_damage,"Osty deals 5 damage. Whenever Osty hits this enemy this turn, Summon 3."
SIGNAL_BOOST,신호 증폭,Signal Boost,defect,Rare,E1,Skill,1.0,4.0,9.0,8.0,0.47,C,1,0,6.5,v3_table,True,-5.5,-2.5,2.5,80,71,51,29,0.667,keyword_exhaust|next_card_replay,The next Power you play is played an additional time.
SKEWER,꼬챙이,Skewer,silent,Uncommon,EX,Attack,4.0,8.0,16.0,12.0,0.72,C,0,0,11.0,x_as_2_energy,True,-7.0,-3.0,5.0,40,30,25,15,0.828,atomic_fixed+x_value,Deal 8 damage X times.
SKIM,걷어내기,Skim,defect,Uncommon,E1,Skill,5.55,5.55,5.55,0.0,0.72,B,0,0,6.5,v3_table,True,-0.95,-0.95,-0.95,31,54,67,36,0.586,atomic_fixed,Draw 3 cards.
SLEIGHT_OF_FLESH,살점 재주,Sleight of Flesh,necrobinder,Uncommon,E2,Power,4.5,15.75,45.0,40.5,0.42,C,1,0,11.0,v3_table,True,-6.5,4.75,34.0,47,7,3,44,0.494,debuff_trigger_damage,"Whenever you apply a debuff to an enemy, they take 9 damage."
SLICE,칼질,Slice,silent,Common,E0,Attack,3.0,3.0,3.0,0.0,1.0,A,0,0,2.7,v3_table,True,0.3,0.3,0.3,52,80,83,31,0.644,atomic_fixed,Deal 6 damage.
SLIMED,점액투성이,Slimed,status,Status,E1,Status,2.25,2.25,2.25,0.0,0.72,B,0,0,,special_pool_raw_score,False,,,,1,1,2,1,0.909,atomic_fixed|keyword_exhaust_cleanup,Draw 1 card.
SLOTH,나태,Sloth,token,Status,E-1,Status,-4.0,-1.5,0.0,4.0,0.42,C,1,0,,special_pool_raw_score,False,,,,11,11,11,0,1.0,play_restriction,You cannot play more than 3 cards each turn.
SMOKESTACK,배기 장치,Smokestack,defect,Uncommon,E1,Power,3.25,11.375,58.5,55.25,0.72,C,0,0,6.5,v3_table,True,-3.25,4.875,52.0,50,17,2,48,0.448,atomic_fixed+event_triggers,"Whenever you create a Status, deal 5 damage to ALL enemies."
SNAKEBITE,뱀 물기,Snakebite,silent,Common,E2,Skill,7.5,7.5,7.5,0.0,0.981,A,0,0,9.0,v3_table,True,-1.5,-1.5,-1.5,10,33,56,46,0.471,atomic_fixed|keyword_retain,Apply 7 Poison.
SNAP,넘기기,Snap,necrobinder,Common,E1,Attack,3.65,3.65,3.65,0.0,1.0,A,0,0,5.3,v3_table,True,-1.65,-1.65,-1.65,50,75,79,29,0.667,atomic_grant_retain|atomic_osty_damage,Osty deals 7 damage. Add Retain to a card in your Hand.
SNEAKY,비열함,Sneaky,silent,Rare,E2,Power,0.6,5.125,16.3,15.7,0.557,C,1,0,17.0,v3_table,False,,,,77,62,23,54,0.379,atomic_fixed+event_triggers|keyword_sly,"Whenever another player attacks an enemy, gain 1 Block."
SOLAR_STRIKE,태양의 타격,Solar Strike,regent,Common,E1,Attack,6.0,6.0,6.0,0.0,0.855,B,1,0,5.3,v3_table,True,0.7,0.7,0.7,23,40,55,32,0.632,atomic_fixed,Deal 9 damage. Gain 1 Stars.
SOOT,그을음,Soot,status,Status,E-1,Status,-2.0,-1.25,-0.75,1.25,0.72,B,0,0,,special_pool_raw_score,False,,,,4,5,9,5,0.545,keyword_unplayable,
SOUL,영혼,Soul,token,Token,E0,Skill,2.4,2.4,2.4,0.0,0.72,B,0,0,,special_pool_raw_score,False,,,,9,9,9,0,1.0,atomic_fixed|keyword_exhaust,Draw 2 cards.
SOUL_STORM,영혼 폭풍,Soul Storm,necrobinder,Rare,E1,Attack,5.5,6.7,14.5,9.0,0.907,C,0,0,6.5,v3_table,True,-1.0,0.2,8.0,36,43,38,7,0.92,additional_damage_scaling|atomic_fixed,Deal 9 damage. Deals 2 additional damage for each Soul in your Exhaust Pile.
SOVEREIGN_BLADE,군주의 칼날,Sovereign Blade,token,Token,E2,Attack,5.5,5.5,5.5,0.0,0.975,A,0,0,,special_pool_raw_score,False,,,,3,3,3,0,1.0,atomic_fixed|keyword_retain,Deal 10 damage.
SOW,파종,Sow,necrobinder,Common,E1,Attack,5.7,5.7,5.7,0.0,0.975,A,0,0,5.3,v3_table,True,0.4,0.4,0.4,28,53,66,38,0.563,atomic_fixed|keyword_retain,Deal 8 damage to ALL enemies.
SPECTRUM_SHIFT,스펙트럼 이동,Spectrum Shift,regent,Uncommon,E2,Power,6.0,14.8,24.0,18.0,0.42,C,1,0,11.0,v3_table,True,-5.0,3.8,13.0,24,7,10,17,0.805,atomic_random_colorless_card+recurring_turns,"At the start of your turn, add 1 random Colorless card into your Hand."
SPEEDSTER,스피드스터,Speedster,silent,Uncommon,E2,Power,1.3,4.55,23.4,22.1,0.42,C,1,0,11.0,v3_table,True,-9.7,-6.45,12.4,73,70,15,58,0.333,atomic_fixed+event_triggers,"Whenever you draw a card during your turn, deal 2 damage to ALL enemies."
SPINNER,스피너,Spinner,defect,Rare,E1,Power,5.25,12.95,21.0,15.75,0.42,C,1,0,6.5,v3_table,True,-1.25,6.45,14.5,36,11,22,25,0.713,atomic_fixed+recurring_turns,"At the start of your turn, Channel 1 Glass."
SPIRIT_OF_ASH,잿빛 혼령,Spirit of Ash,necrobinder,Rare,E1,Power,2.4,8.4,43.2,40.8,0.72,C,0,0,6.5,v3_table,True,-4.1,1.9,36.7,67,37,6,61,0.299,atomic_fixed+event_triggers,"Whenever you play an Ethereal card, gain 4 Block."
SPITE,악의,Spite,ironclad,Uncommon,E0,Attack,2.5,4.5,5.75,3.25,0.867,B,0,0,4.3,v3_table,True,-1.8,0.2,1.45,67,73,70,6,0.93,atomic_fixed|conditional_extra_hits|multi_hit_strength_synergy,"Deal 5 damage. If you lost HP this turn, hits 2 times."
SPLASH,착수,Splash,colorless,Uncommon,E1,Skill,5.5,6.5,8.0,2.5,0.643,C,1,0,6.8,v3_table,True,-1.3,-0.3,1.2,22,37,38,16,0.746,atomic_free_generated_card|discover_restricted_card,Choose 1 of 3 random Attacks from another character to add into your Hand. It's free to play this turn.
SPOILS_MAP,보물 지도,Spoils Map,quest,Quest,E-1,Quest,4.0,10.75,23.25,19.25,0.448,C,1,0,,special_pool_raw_score,False,,,,1,1,1,0,1.0,keyword_unplayable|meta_future_gold_site,Marks a site of 600 extra Gold in the next Act.
SPOILS_OF_BATTLE,전투의 성과,Spoils of Battle,regent,Common,E1,Skill,5.05,5.05,5.05,0.0,0.72,B,0,0,5.3,v3_table,True,-0.25,-0.25,-0.25,37,54,67,30,0.655,atomic_fixed,Forge 5. Draw 2 cards.
SPORE_MIND,포자 잠식,Spore Mind,curse,Curse,E1,Curse,1.0,1.0,1.0,0.0,0.72,B,0,0,,special_pool_raw_score,False,,,,1,1,2,1,0.941,keyword_exhaust_cleanup,
SPUR,격려,Spur,necrobinder,Uncommon,E1,Skill,5.8,5.8,5.8,0.0,0.879,B,0,0,6.5,v3_table,True,-0.7,-0.7,-0.7,26,51,64,38,0.563,atomic_fixed|keyword_retain|osty_heal,Summon 3. Osty heals 5 HP.
SQUASH,짓누르기,Squash,event,Event,E1,Attack,9.0,9.0,9.0,0.0,0.876,B,0,0,,special_pool_raw_score,False,,,,6,7,14,8,0.692,atomic_fixed,Deal 10 damage. Apply 2 Vulnerable.
SQUEEZE,쥐어짜기,Squeeze,necrobinder,Rare,E3,Attack,13.75,20.0,31.25,17.5,0.746,C,1,0,20.0,v3_table,True,-6.25,0.0,11.25,5,4,9,5,0.943,atomic_osty_damage|damage_per_osty_attack,Osty deals 25 damage. Deals 5 additional damage for ALL your other Osty Attacks.
STACK,스택,Stack,event,Event,E1,Skill,3.0,9.0,15.0,12.0,0.42,C,1,0,,special_pool_raw_score,False,,,,21,8,4,17,0.346,equal_to_quantity,Gain Block equal to the number of cards in your Discard Pile.
STAMPEDE,쇄도,Stampede,ironclad,Uncommon,E2,Power,5.25,12.95,21.0,15.75,0.42,C,1,0,11.0,v3_table,True,-5.75,1.95,10.0,29,15,26,14,0.837,recurring_random_attack_autoplay,"At the end of your turn, 1 random Attack in your Hand is played against a random enemy."
STARDUST,우주 먼지,Stardust,regent,Uncommon,E0+SX,Attack,-5.75,0.5,7.0,12.75,0.579,C,1,0,4.3,energy_table_star_cost_separated,True,-10.05,-3.8,2.7,87,84,50,37,0.575,cost_star_x_spend|random_target+x_value,Deal 5 damage to a random enemy X times.
STOKE,화력 증폭,Stoke,ironclad,Rare,E1,Skill,1.0,7.6,35.0,34.0,0.42,C,2,0,6.5,v3_table,True,-5.5,1.1,28.5,78,39,5,73,0.151,atomic_exhaust_hand|atomic_random_card_card+scaling_count,Exhaust your Hand. Add 1 random card into your Hand for each card Exhausted.
STOMP,짓밟기,Stomp,ironclad,Uncommon,E3,Attack,10.3,13.3,15.3,5.0,0.884,B,0,0,16.0,v3_table,True,-5.7,-2.7,-0.7,8,13,34,26,0.698,atomic_fixed|cost_reduction_scaling_capped,Deal 12 damage to ALL enemies. Costs 1 less Energy for each Attack played this turn.
STONE_ARMOR,돌 갑옷,Stone Armor,ironclad,Uncommon,E1,Power,6.4,6.4,6.4,0.0,0.72,B,0,0,6.5,v3_table,True,-0.1,-0.1,-0.1,19,49,63,44,0.488,atomic_fixed,Gain 4 Plating.
STORM,폭풍,Storm,defect,Uncommon,E1,Power,2.2,7.7,39.6,37.4,0.42,C,1,0,6.5,v3_table,True,-4.3,1.2,33.1,67,37,5,62,0.287,atomic_fixed+event_triggers,"Whenever you play a Power, Channel 1 Lightning."
STORM_OF_STEEL,강철의 폭풍,Storm of Steel,silent,Rare,E1,Skill,-1.1,2.18,18.0,19.1,0.72,C,0,0,6.5,v3_table,True,-7.6,-4.32,11.5,86,84,21,65,0.253,atomic_discard_hand|atomic_fixed+scaling_count,Discard your Hand. Add 1 Shiv into your Hand for each card discarded.
STRANGLE,목 조르기,Strangle,silent,Uncommon,E1,Attack,5.1,7.85,23.8,18.7,0.849,C,0,0,6.5,v3_table,True,-1.4,1.35,17.3,27,31,14,17,0.805,atomic_fixed|atomic_hp_bypass+event_triggers,"Deal 8 damage. Whenever you play a card this turn, the enemy loses 2 HP."
STRATAGEM,책략,Stratagem,colorless,Uncommon,E1,Power,0.0,2.5,7.5,7.5,0.42,C,1,0,6.8,v3_table,True,-6.8,-4.3,0.7,61,60,41,20,0.683,shuffle_tutor,"Whenever you shuffle your Draw Pile, choose a card from it to put into your Hand."
STRIKE_DEFECT,타격,Strike,defect,Basic,E1,Attack,3.0,3.0,3.0,0.0,1.0,A,0,0,3.0,v3_table,True,0.0,0.0,0.0,57,79,82,25,0.713,atomic_fixed,Deal 6 damage.
STRIKE_IRONCLAD,타격,Strike,ironclad,Basic,E1,Attack,3.0,3.0,3.0,0.0,1.0,A,0,0,3.0,v3_table,True,0.0,0.0,0.0,62,86,87,25,0.709,atomic_fixed,Deal 6 damage.
STRIKE_NECROBINDER,타격,Strike,necrobinder,Basic,E1,Attack,3.0,3.0,3.0,0.0,1.0,A,0,0,3.0,v3_table,True,0.0,0.0,0.0,60,81,84,24,0.724,atomic_fixed,Deal 6 damage.
STRIKE_REGENT,타격,Strike,regent,Basic,E1,Attack,3.0,3.0,3.0,0.0,1.0,A,0,0,3.0,v3_table,True,0.0,0.0,0.0,56,71,77,21,0.759,atomic_fixed,Deal 6 damage.
STRIKE_SILENT,타격,Strike,silent,Basic,E1,Attack,3.0,3.0,3.0,0.0,1.0,A,0,0,3.0,v3_table,True,0.0,0.0,0.0,53,81,84,31,0.644,atomic_fixed,Deal 6 damage.
SUBROUTINE,서브루틴,Subroutine,defect,Uncommon,E1,Power,2.5,8.75,45.0,42.5,0.42,C,1,0,6.5,v3_table,True,-4.0,2.25,38.5,64,33,3,61,0.299,atomic_fixed+event_triggers,"Whenever you play a Power, gain 1 Energy."
SUCKER_PUNCH,불의의 일격,Sucker Punch,silent,Common,E1,Attack,6.1,6.1,6.1,0.0,0.904,A,0,0,5.3,v3_table,True,0.8,0.8,0.8,16,47,63,47,0.46,atomic_fixed,Deal 8 damage. Apply 1 Weak.
SUMMON_FORTH,대령하라,Summon Forth,regent,Uncommon,E1,Skill,5.14,5.14,5.14,0.0,0.72,B,0,0,6.5,v3_table,True,-1.36,-1.36,-1.36,33,50,63,30,0.655,atomic_fixed|retrieve_sovereign_blade,Put Sovereign Blade into your Hand from anywhere. Forge 8.
SUNDER,찢기,Sunder,defect,Uncommon,E3,Attack,12.0,17.25,19.5,7.5,0.823,C,1,0,16.0,v3_table,True,-4.0,1.25,3.5,6,5,25,20,0.77,atomic_fixed|atomic_fixed+condition_probability,"Deal 24 damage. If this kills an enemy, gain 3 Energy."
SUPERCRITICAL,임계 초과,Supercritical,defect,Rare,E0,Skill,9.0,9.0,9.0,0.0,0.72,B,0,0,6.5,v3_table,True,2.5,2.5,2.5,12,32,52,40,0.54,atomic_fixed|keyword_exhaust,Gain 4 Energy.
SUPERMASSIVE,초질량,Supermassive,regent,Uncommon,E1,Attack,4.0,5.8,17.5,13.5,0.839,C,0,0,6.5,v3_table,True,-2.5,-0.7,11.0,45,44,20,25,0.713,additional_damage_scaling|atomic_fixed,Deal 5 damage. Deals 3 additional damage for each card you created this combat.
SUPPRESS,진압,Suppress,silent,Ancient,E0,Attack,12.3,12.3,12.3,0.0,0.845,B,0,0,,unsupported_rarity_raw_score,False,,,,1,7,37,36,0.586,atomic_fixed|keyword_innate,Deal 11 damage. Apply 3 Weak.
SURVIVOR,생존자,Survivor,silent,Basic,E1,Skill,5.05,5.05,5.05,0.0,1.0,A,0,0,3.0,v3_table,True,2.05,2.05,2.05,28,63,72,44,0.494,atomic_fixed,Gain 8 Block. Discard 1 card.
SWEEPING_BEAM,광선 휩쓸기,Sweeping Beam,defect,Common,E1,Attack,5.15,5.15,5.15,0.0,0.932,A,0,0,5.3,v3_table,True,-0.15,-0.15,-0.15,37,59,71,34,0.609,atomic_fixed,Deal 6 damage to ALL enemies. Draw 1 card.
SWEEPING_GAZE,훑어보기,Sweeping Gaze,token,Token,E0,Attack,2.5,2.5,2.5,0.0,0.72,B,0,0,,special_pool_raw_score,False,,,,8,8,8,0,1.0,keyword_ethereal|keyword_exhaust|osty_random_damage,Osty deals 10 damage to a random enemy.
SWORD_BOOMERANG,부메랑 칼날,Sword Boomerang,ironclad,Common,E1,Attack,4.05,4.55,5.55,1.5,0.453,C,1,0,5.3,v3_table,True,-1.25,-0.75,0.25,50,71,73,23,0.733,atomic_random_target_damage|multi_hit_strength_synergy,Deal 3 damage to a random enemy 3 times.
SWORD_SAGE,검성,Sword Sage,regent,Rare,E2,Power,2.0,5.0,9.0,7.0,0.42,C,1,0,17.0,v3_table,True,-15.0,-12.0,-8.0,70,56,45,25,0.713,grant_replay,Sovereign Blade gains Replay 1.
SYNCHRONIZE,동기화,Synchronize,defect,Uncommon,E1,Skill,0.6,2.52,15.0,14.4,0.485,C,1,0,6.5,v3_table,True,-5.9,-3.98,8.5,83,83,36,47,0.46,atomic_temporary_stat+scaling_count|keyword_exhaust,Gain 2 Focus this turn for each unique Orb you have.
SYNTHESIS,합성,Synthesis,defect,Uncommon,E2,Attack,9.5,9.5,9.5,0.0,0.926,A,0,0,11.0,v3_table,True,-1.5,-1.5,-1.5,11,29,48,37,0.575,atomic_fixed|next_card_free,Deal 14 damage. The next Power you play costs 0 Energy.
TACTICIAN,전략가,Tactician,silent,Uncommon,E3,Skill,2.5,6.9,10.5,8.0,0.529,C,1,0,16.0,v3_table,False,,,,57,38,45,19,0.782,atomic_fixed|keyword_sly,Gain 1 Energy.
TAG_TEAM,태그 팀,Tag Team,colorless,Uncommon,E2,Attack,7.5,10.5,15.5,8.0,0.724,C,1,0,12.0,v3_table,True,-4.5,-1.5,3.5,11,14,18,7,0.889,atomic_fixed|next_card_replay,Deal 11 damage. The next Attack another player plays on the enemy is played an extra time.
TANK,탱커,Tank,ironclad,Rare,E1,Power,4.5,11.0,27.0,22.5,0.42,C,2,0,6.5,v3_table,True,-2.0,4.5,20.5,46,21,17,29,0.663,double_damage_window|percent_damage_reduction,Take double damage from enemies. Allies take half damage from enemies.
TAUNT,도발,Taunt,ironclad,Uncommon,E1,Skill,6.2,6.2,6.2,0.0,0.91,A,0,0,6.5,v3_table,True,-0.3,-0.3,-0.3,22,54,66,44,0.488,atomic_fixed,Gain 7 Block. Apply 1 Vulnerable.
TEAR_ASUNDER,갈가리 찢기,Tear Asunder,ironclad,Rare,E2,Attack,2.5,10.0,22.5,20.0,0.565,C,1,0,17.0,v3_table,True,-14.5,-7.0,5.5,68,24,24,44,0.488,atomic_fixed|extra_hits_per_hp_loss,Deal 5 damage. Hits an additional time for each time you lost HP this combat.
TEMPEST,뇌우,Tempest,defect,Uncommon,EX,Skill,2.2,4.4,8.8,6.6,0.42,C,1,0,11.0,x_as_2_energy,True,-8.8,-6.6,-2.2,68,68,53,15,0.828,atomic_fixed+x_value,Channel X Lightning.
TERRAFORMING,테라포밍,Terraforming,regent,Uncommon,E1,Skill,3.0,3.0,3.0,0.0,0.72,B,0,0,6.5,v3_table,True,-3.5,-3.5,-3.5,57,72,78,21,0.759,atomic_fixed,Gain 6 Vigor.
TESLA_COIL,테슬라 코일,Tesla Coil,defect,Uncommon,E0,Attack,3.5,9.5,21.5,18.0,0.512,C,1,0,4.3,v3_table,True,-0.8,5.2,17.2,48,30,21,27,0.69,atomic_fixed|trigger_all_lightning,Deal 3 damage. Trigger all Lightning against the enemy.
THE_BOMB,폭탄,The Bomb,colorless,Uncommon,E2,Skill,13.312,13.312,13.312,0.0,1.0,A,0,0,12.0,v3_table,True,1.312,1.312,1.312,4,7,24,20,0.683,atomic_fixed+fixed_delay_n,"At the end of 3 turns, deal 40 damage to ALL enemies."
THE_GAMBIT,포석,The Gambit,colorless,Rare,E0,Skill,-5.0,5.0,27.0,32.0,0.736,C,1,0,5.0,v3_table,True,-10.0,0.0,22.0,64,45,5,59,0.063,atomic_fixed|gambit_death_risk,"Gain 50 Block. If you take unblocked attack damage this combat, die."
THE_HUNT,사냥,The Hunt,silent,Rare,E1,Attack,4.0,6.1,10.0,6.0,0.815,C,1,0,6.5,v3_table,True,-2.5,-0.4,3.5,41,48,48,7,0.92,atomic_fixed|keyword_exhaust|meta_card_reward,"Deal 10 damage. If Fatal, gain an additional card reward."
THE_SCYTHE,사신의 낫,The Scythe,necrobinder,Rare,E2,Attack,7.5,11.5,19.5,12.0,0.721,C,1,0,17.0,v3_table,True,-9.5,-5.5,2.5,15,16,27,12,0.862,atomic_fixed|keyword_exhaust|permanent_damage_growth,Deal 13 damage. Permanently increase this card's damage by 4.
THE_SEALED_THRONE,봉인된 왕좌,The Sealed Throne,regent,Ancient,E1+S3,Power,-4.5,-0.75,21.0,25.5,0.42,C,2,0,,unsupported_rarity_raw_score,False,,,,85,87,14,73,0.161,atomic_fixed+event_triggers|cost_star_spend,"Whenever you play a card, gain 1 Stars."
THE_SMITH,위대한 재련,The Smith,regent,Rare,E1+S4,Skill,1.9,1.9,1.9,0.0,0.586,C,1,0,6.5,energy_table_star_cost_separated,True,-4.6,-4.6,-4.6,73,83,85,12,0.862,atomic_fixed|cost_star_spend,Forge 30.
THINKING_AHEAD,미래 예지,Thinking Ahead,colorless,Uncommon,E0,Skill,1.9,1.9,1.9,0.0,0.72,B,0,0,4.25,v3_table,True,-2.35,-2.35,-2.35,49,62,62,13,0.794,atomic_fixed|atomic_hand_to_topdeck|keyword_exhaust,Draw 2 cards. Put 1 card from your Hand on top of your Draw Pile.
THRASH,난타,Thrash,ironclad,Rare,E1,Attack,5.0,7.25,12.75,7.75,0.749,C,1,0,6.5,v3_table,True,-1.5,0.75,6.25,37,41,40,4,0.953,absorb_random_attack_damage|atomic_fixed|multi_hit_strength_synergy,Deal 4 damage twice. Exhaust a random Attack in your Hand and add its damage to this card.
THRUMMING_HATCHET,고동치는 도끼,Thrumming Hatchet,colorless,Uncommon,E1,Attack,7.9,7.9,7.9,0.0,0.824,B,1,0,6.8,v3_table,True,1.1,1.1,1.1,9,24,39,30,0.524,atomic_delayed_self_return|atomic_fixed,"Deal 11 damage. At the start of your next turn, return this to your Hand."
THUNDER,벼락,Thunder,defect,Uncommon,E1,Power,2.7,9.45,27.0,24.3,0.42,C,1,0,6.5,v3_table,True,-3.8,2.95,20.5,59,31,14,45,0.483,lightning_followup_damage,"Whenever you Evoke Lightning, deal 6 damage to each enemy hit."
THUNDERCLAP,천둥,Thunderclap,ironclad,Common,E1,Attack,4.6,4.6,4.6,0.0,0.72,B,0,0,5.3,v3_table,True,-0.7,-0.7,-0.7,42,70,81,39,0.547,atomic_fixed,Deal 4 damage and apply 1 Vulnerable to ALL enemies.
TIMES_UP,때가 되었다,Time's Up,necrobinder,Rare,E2,Attack,1.5,9.0,19.0,17.5,0.447,C,1,0,17.0,v3_table,True,-15.5,-8.0,2.0,72,28,28,44,0.494,equal_to_quantity|keyword_exhaust,Deal damage equal to the enemy's Doom.
TOOLS_OF_THE_TRADE,작업 도구,Tools of the Trade,silent,Rare,E1,Power,2.25,5.55,9.0,6.75,0.42,C,1,0,6.5,v3_table,True,-4.25,-0.95,2.5,60,57,52,8,0.908,atomic_fixed+recurring_turns,"At the start of your turn, draw 1 card and discard 1 card."
TORIC_TOUGHNESS,고리형 강인함,Toric Toughness,event,Event,E2,Skill,7.32,7.32,7.32,0.0,0.835,B,0,0,,special_pool_raw_score,False,,,,8,11,15,7,0.731,atomic_fixed|fixed_future_turn_block,Gain 5 Block. Gain 5 Block at the start of the next 2 turns.
TOXIC,유독성,Toxic,status,Status,E1,Status,-15.5,-6.122,1.0,16.5,0.72,C,0,0,,special_pool_raw_score,False,,,,11,11,4,7,0.364,atomic_self_damage+condition_probability+recurring_turns|keyword_exhaust_cleanup,"At the end of your turn, if this is in your Hand, take 5 damage."
TRACKING,추적,Tracking,silent,Rare,E2,Power,2.5,12.5,30.0,27.5,0.42,C,1,0,17.0,v3_table,True,-14.5,-4.5,13.0,58,6,5,53,0.391,persistent_weak_double_damage,Weak enemies take double damage from Attacks.
TRANSFIGURE,변형,Transfigure,necrobinder,Rare,E1,Skill,-0.5,4.5,16.5,17.0,0.511,C,1,0,6.5,v3_table,True,-7.0,-2.0,10.0,82,70,34,48,0.448,cost_increase|keyword_exhaust|selected_replay_with_combo_range,Add Replay to a card in your Hand. It costs an extra 1 Energy.
TRASH_TO_TREASURE,고철을 보물로,Trash to Treasure,defect,Rare,E1,Power,3.2,11.2,32.0,28.8,0.42,C,1,0,6.5,v3_table,True,-3.3,4.7,25.5,52,18,9,43,0.506,status_trigger_random_orb,"Whenever you create a Status, Channel 1 random Orb."
TREMBLE,떨림,Tremble,ironclad,Common,E1,Skill,5.0,5.0,5.0,0.0,0.72,B,0,0,5.3,v3_table,True,-0.3,-0.3,-0.3,38,68,79,41,0.523,atomic_fixed|keyword_exhaust,Apply 3 Vulnerable.
TRUE_GRIT,진정한 끈기,True Grit,ironclad,Common,E1,Skill,4.7,4.7,4.7,0.0,0.938,A,1,0,5.3,v3_table,True,-0.6,-0.6,-0.6,41,69,80,39,0.547,atomic_fixed|atomic_random_exhaust,Gain 7 Block. Exhaust 1 card at random.
TURBO,터보,TURBO,defect,Common,E0,Skill,2.7,2.7,2.7,0.0,0.808,B,0,0,2.7,v3_table,True,0.0,0.0,0.0,60,82,84,24,0.724,atomic_fixed,Gain 2 Energy. Add a Void into your Discard Pile.
TWIN_STRIKE,이중 타격,Twin Strike,ironclad,Common,E1,Attack,5.0,5.25,5.75,0.75,0.975,A,0,0,5.3,v3_table,True,-0.3,-0.05,0.45,39,63,71,32,0.628,atomic_fixed|multi_hit_strength_synergy,Deal 5 damage twice.
TYRANNY,독재,Tyranny,regent,Rare,E1,Power,-7.0,2.7,12.5,19.5,0.471,C,1,0,6.5,v3_table,True,-13.5,-3.8,6.0,88,77,29,59,0.322,keyword_exhaust|recurring_draw_and_exhaust,"At the start of your turn, draw 1 card and Exhaust 1 card from your Hand."
ULTIMATE_DEFEND,궁극의 수비,Ultimate Defend,colorless,Uncommon,E1,Skill,6.6,6.6,6.6,0.0,1.0,A,0,0,6.8,v3_table,True,-0.2,-0.2,-0.2,18,35,47,29,0.54,atomic_fixed,Gain 11 Block.
ULTIMATE_STRIKE,궁극의 타격,Ultimate Strike,colorless,Uncommon,E1,Attack,7.0,7.0,7.0,0.0,1.0,A,0,0,6.8,v3_table,True,0.2,0.2,0.2,16,31,45,29,0.54,atomic_fixed,Deal 14 damage.
UNDEATH,불사,Undeath,necrobinder,Rare,E0,Skill,3.7,4.7,6.7,3.0,0.912,B,1,0,6.5,v3_table,True,-2.8,-1.8,0.2,49,66,58,17,0.805,atomic_copy_self_discard|atomic_fixed,Gain 7 Block. Add a copy of this card into your Discard Pile.
UNLEASH,풀어놓기,Unleash,necrobinder,Basic,E1,Attack,4.7,8.7,17.7,13.0,0.6,C,1,0,3.0,v3_table,True,1.7,5.7,14.7,42,31,31,11,0.874,additional_damage_equal|atomic_osty_damage,Osty deals 6 damage. Deals additional damage equal to Osty's current HP.
UNMOVABLE,요지부동,Unmovable,ironclad,Rare,E2,Power,3.0,12.0,30.0,27.0,0.42,C,1,0,17.0,v3_table,True,-14.0,-5.0,13.0,63,17,14,49,0.43,first_block_doubled_each_turn,"The first time you gain Block from a card each turn, double the amount gained."
UNRELENTING,무자비,Unrelenting,ironclad,Uncommon,E2,Attack,9.5,9.5,9.5,0.0,0.926,A,0,0,11.0,v3_table,True,-1.5,-1.5,-1.5,11,26,52,41,0.523,atomic_fixed|next_card_free,Deal 14 damage. The next Attack you play costs 0 Energy.
UNTOUCHABLE,범접 불가,Untouchable,silent,Common,E2,Skill,3.6,6.625,9.1,5.5,0.735,C,1,0,9.0,v3_table,False,,,,46,39,50,11,0.874,atomic_fixed|keyword_sly,Gain 6 Block.
UPPERCUT,어퍼컷,Uppercut,ironclad,Uncommon,E2,Attack,10.6,10.6,10.6,0.0,0.892,B,0,0,11.0,v3_table,True,-0.4,-0.4,-0.4,7,22,48,41,0.523,atomic_fixed,Deal 13 damage. Apply 1 Weak. Apply 1 Vulnerable.
UPROAR,난동,Uproar,defect,Common,E2,Attack,8.0,10.25,13.75,5.75,0.751,C,2,0,9.0,v3_table,True,-1.0,1.25,4.75,16,23,38,22,0.747,atomic_fixed|auto_play_from_pile|multi_hit_strength_synergy,Deal 6 damage twice. Play a random Attack from your Draw Pile.
UP_MY_SLEEVE,비책,Up My Sleeve,silent,Uncommon,E2,Skill,8.2,8.2,8.2,0.0,0.915,A,0,0,11.0,v3_table,True,-2.8,-2.8,-2.8,7,24,54,47,0.46,atomic_fixed|cost_reduction,Add 3 Shivs into your Hand. Reduce this card's cost by 1.
VEILPIERCER,장막 관통자,Veilpiercer,necrobinder,Uncommon,E1,Attack,7.5,7.5,7.5,0.0,0.907,A,0,0,6.5,v3_table,True,1.0,1.0,1.0,16,41,55,39,0.552,atomic_fixed|next_card_free,Deal 10 damage. The next Ethereal card you play costs 0 Energy.
VENERATE,추앙,Venerate,regent,Basic,E1,Skill,3.0,3.0,3.0,0.0,0.42,C,1,0,3.0,v3_table,True,0.0,0.0,0.0,58,73,79,21,0.759,atomic_fixed,Gain 2 Stars.
VICIOUS,포악함,Vicious,ironclad,Uncommon,E1,Power,1.25,4.375,22.5,21.25,0.42,C,1,0,6.5,v3_table,True,-5.25,-2.125,16.0,77,76,25,52,0.395,atomic_fixed+event_triggers,"Whenever you apply Vulnerable, draw 1 card."
VOID,공허,Void,status,Status,E-1,Status,-3.5,-2.75,-2.25,1.25,0.72,B,0,0,,special_pool_raw_score,False,,,,7,7,12,5,0.545,draw_trigger_energy_loss|keyword_ethereal_cleanup|keyword_unplayable,"Whenever you draw this card, lose 1 Energy."
VOID_FORM,공허의 형상,Void Form,regent,Rare,E3,Power,-5.5,11.5,27.0,32.5,0.432,C,2,0,20.0,v3_table,True,-25.5,-8.5,7.0,86,12,8,78,0.103,end_turn_penalty|keyword_ethereal|two_free_cards_each_turn,End your turn. The first 2 cards you play each turn are free to play.
VOLLEY,난사,Volley,colorless,Uncommon,EX,Attack,4.5,9.0,18.0,13.5,0.72,C,0,0,12.0,x_as_2_energy,True,-7.5,-3.0,6.0,27,17,14,13,0.794,random_target+x_value,Deal 10 damage to a random enemy X times.
VOLTAIC,동전기,Voltaic,defect,Rare,E3,Skill,1.2,7.8,21.0,19.8,0.451,C,1,0,20.0,v3_table,True,-18.8,-12.2,1.0,79,36,23,56,0.356,keyword_exhaust|lightning_history_scaling,Channel Lightning equal to the Lightning already Channeled this combat.
WASTE_AWAY,쇠퇴,Waste Away,token,Status,E-1,Status,-25.0,-17.0,-5.0,20.0,0.42,C,1,0,,special_pool_raw_score,False,,,,14,14,14,0,1.0,recurring_energy_reduction,Gain 1 less Energy per turn.
WELL_LAID_PLANS,괜찮은 전략,Well-Laid Plans,silent,Uncommon,E1,Power,1.65,4.07,6.6,4.95,0.72,B,0,0,6.5,v3_table,True,-4.85,-2.43,0.1,69,74,59,15,0.828,atomic_retain_up_to+recurring_turns,"At the end of your turn, Retain up to 1 card."
WHIRLWIND,소용돌이,Whirlwind,ironclad,Uncommon,EX,Attack,3.25,6.5,13.0,9.75,0.72,C,0,0,11.0,x_as_2_energy,True,-7.75,-4.5,2.0,56,46,38,18,0.791,atomic_fixed+x_value,Deal 5 damage to ALL enemies X times.
WHISTLE,호각 불기,Whistle,event,Ancient,E3,Attack,18.5,22.7,30.5,12.0,0.82,C,1,0,,special_pool_raw_score,False,,,,1,2,2,1,0.962,atomic_fixed|enemy_stun|keyword_exhaust,Deal 33 damage. Stun the enemy.
WHITE_NOISE,백색 소음,White Noise,defect,Uncommon,E1,Skill,6.5,6.5,6.5,0.0,0.626,C,1,0,6.5,v3_table,True,0.0,0.0,0.0,23,44,61,38,0.563,atomic_free_generated_card|atomic_random_power_card|keyword_exhaust,Add a random Power into your Hand. It's free to play this turn.
WISH,염원,Wish,event,Ancient,E0,Skill,1.5,1.5,1.5,0.0,0.72,B,0,0,,special_pool_raw_score,False,,,,25,27,27,2,0.923,keyword_exhaust|tutor_to_hand,Put a card from your Draw Pile into your Hand.
WISP,위습,Wisp,necrobinder,Common,E0,Skill,1.5,1.5,1.5,0.0,0.72,B,0,0,2.7,v3_table,True,-1.2,-1.2,-1.2,73,85,87,14,0.839,atomic_fixed|keyword_exhaust,Gain 1 Energy.
WITHER,침체,Wither,status,Status,E-1,Status,-11.9,-5.524,-0.75,11.15,0.72,C,0,0,,special_pool_raw_score,False,,,,10,10,10,0,1.0,atomic_self_damage+condition_probability+recurring_turns|keyword_unplayable,"At the end of your turn, if this is in your Hand, take 3 damage."
WOUND,부상,Wound,status,Status,E-1,Status,-2.0,-1.25,-0.75,1.25,0.72,B,0,0,,special_pool_raw_score,False,,,,5,6,11,6,0.455,keyword_unplayable,
WRAITH_FORM,유령의 형상,Wraith Form,silent,Ancient,E3,Power,4.5,11.975,24.0,19.5,0.806,C,1,0,,unsupported_rarity_raw_score,False,,,,36,8,13,28,0.678,atomic_intangible|atomic_lose_dexterity_conditional_stock+recurring_turns,"Gain 2 Intangible. At the start of your turn, lose 1 Dexterity."
WRITHE,몸부림,Writhe,curse,Curse,E-1,Curse,-1.5,-0.75,-0.25,1.25,0.72,B,0,0,,special_pool_raw_score,False,,,,6,6,6,0,1.0,keyword_innate|keyword_unplayable,
WROUGHT_IN_WAR,전장의 생존자,Wrought in War,regent,Common,E1,Attack,5.81,5.81,5.81,0.0,0.889,B,0,0,5.3,v3_table,True,0.51,0.51,0.51,26,42,57,31,0.644,atomic_fixed,Deal 7 damage. Forge 7.
ZAP,파지직,Zap,defect,Basic,E1,Skill,2.2,2.2,2.2,0.0,0.72,B,0,0,3.0,v3_table,True,-0.8,-0.8,-0.8,69,84,85,16,0.816,atomic_fixed,Channel 1 Lightning.
